Started UTC: 2026-10-04T10:47:55.796501+00:00
Source commit: 8325711952d336c546775afa1ee47dc981470de2
Using official Lean through a 2-compiler semaphore
ℹ [8749/9249] Replayed Theorems.Thm_StickyKakeya4_gkz_grid_code_perturbation
info: stdout:
FIFO compiler ticket: 01791102610036941532-21b1576ce2394fdebcad8cae5c891e8d.request
FIFO compiler acquired UTC: 2026-10-04T08:30:12.754173+00:00


ℹ [8772/9249] Replayed Theorems.Thm_StickyKakeya4_original_w_core_dynamics
info: Theorems/Thm_StickyKakeya4_original_w_core_dynamics.lean:166:0: 'OriginalWCoreDynamics.rep_spec' depends on axioms: [propext, Classical.choice, Quot.sound]
info: Theorems/Thm_StickyKakeya4_original_w_core_dynamics.lean:167:0: 'OriginalWCoreDynamics.next_spec' depends on axioms: [propext, Classical.choice, Quot.sound]
info: Theorems/Thm_StickyKakeya4_original_w_core_dynamics.lean:168:0: 'OriginalWCoreDynamics.next_preserves_height' depends on axioms: [propext, Classical.choice, Quot.sound]
info: Theorems/Thm_StickyKakeya4_original_w_core_dynamics.lean:169:0: 'OriginalWCoreDynamics.angles_nonempty' depends on axioms: [propext, Classical.choice, Quot.sound]
info: Theorems/Thm_StickyKakeya4_original_w_core_dynamics.lean:170:0: 'OriginalWCoreDynamics.M_subset_alphabet' depends on axioms: [propext, Classical.choice, Quot.sound]
info: Theorems/Thm_StickyKakeya4_original_w_core_dynamics.lean:171:0: 'OriginalWCoreDynamics.exists_original_core_dynamics' depends on axioms: [propext, Classical.choice, Quot.sound]
info: Theorems/Thm_StickyKakeya4_original_w_core_dynamics.lean:172:0: 'OriginalWCoreDynamics.exists_original_total_core_dynamics' depends on axioms: [propext, Classical.choice, Quot.sound]
⚠ [8829/9249] Replayed Theorems.Thm_StickyKakeya4_old_neighbor_disintegration
warning: Theorems/Thm_StickyKakeya4_old_neighbor_disintegration.lean:134:2: Try this:
  haveI̵

The goal is a proposition, so `have` is preferred over `haveI`.
The difference between `have` and `haveI` is that `haveI` inlines the value.
But this is not relevant for proofs because of proof irrelevance.

Note: This linter can be disabled with `set_option linter.style.haveILetI false`
ℹ [8859/9249] Replayed Theorems.Thm_StickyKakeya4_gkz_original_anchor_cover
info: stdout:
FIFO compiler ticket: 01791102610052437296-f09a10a8a1db4adfa74764fb65d9e400.request
FIFO compiler acquired UTC: 2026-10-04T08:30:15.172743+00:00


ℹ [8860/9249] Replayed Theorems.Thm_StickyKakeya4_gkz_original_anchor_profile
info: stdout:
FIFO compiler ticket: 01791102670952915158-0ad7052ee87f46a39ea9dd517f9ceb87.request
FIFO compiler acquired UTC: 2026-10-04T08:33:50.970396+00:00


ℹ [8882/9249] Replayed Theorems.Thm_StickyKakeya4_original_bourgain_graph_transfer
info: stdout:
FIFO compiler ticket: 01791105349597274941-13119b5ea877489fb03e7611b4e2299e.request
FIFO compiler acquired UTC: 2026-10-04T09:15:53.013489+00:00


ℹ [8885/9249] Replayed Theorems.Thm_StickyKakeya4_gkz_finite_anchored_plunnecke
info: stdout:
FIFO compiler ticket: 01791102609969657586-9060833923e64097b71fd17f84b07c46.request
FIFO compiler acquired UTC: 2026-10-04T08:30:09.970146+00:00


ℹ [8887/9249] Replayed Theorems.Thm_StickyKakeya4_gkz_original_product_overlap
info: stdout:
FIFO compiler ticket: 01791102609964067108-b9a8af5a06b34806ab531606aec5ef6f.request
FIFO compiler acquired UTC: 2026-10-04T08:30:09.964554+00:00


ℹ [8888/9249] Replayed Theorems.Thm_StickyKakeya4_gkz_dilate_rounded_sums
info: stdout:
FIFO compiler ticket: 01791102615227208737-601bd0664ee54d4784d2083ce6f501e9.request
FIFO compiler acquired UTC: 2026-10-04T08:32:10.538293+00:00


ℹ [8889/9249] Replayed Theorems.Thm_StickyKakeya4_gkz_original_mixed_dilate_bounds
info: stdout:
FIFO compiler ticket: 01791102831116301178-5c6d3a3325714eacad3e7cc30a18bd0f.request
FIFO compiler acquired UTC: 2026-10-04T08:41:20.938136+00:00


ℹ [8896/9249] Replayed Theorems.Thm_StickyKakeya4_gkz_real_dilation_union
info: stdout:
FIFO compiler ticket: 01791102613109249222-e4aac2b3cdf3405bb1ffc7885236ad31.request
FIFO compiler acquired UTC: 2026-10-04T08:32:01.405893+00:00


ℹ [9001/9512] Replayed Theorems.Thm_StickyKakeya4_gkz_balanced_dyadic_scale
info: stdout:
FIFO compiler ticket: 01791102610047045348-faa92bda02ef4d1b990fc4f162302a86.request
FIFO compiler acquired UTC: 2026-10-04T08:30:12.960050+00:00


ℹ [9005/9512] Replayed Theorems.Thm_StickyKakeya4_original_shared_fiber_pruning
info: stdout:
FIFO compiler ticket: 01791105349569020319-04686ffeade54b31bd89fa7f6cf04a1b.request
FIFO compiler acquired UTC: 2026-10-04T09:15:49.971675+00:00


ℹ [9007/9512] Replayed Theorems.Thm_StickyKakeya4_gkz_original_nine_sum_cover
info: stdout:
FIFO compiler ticket: 01791103339471680193-820bca37aa704cafb1b9f7a0a0b15570.request
FIFO compiler acquired UTC: 2026-10-04T08:47:21.023739+00:00


ℹ [9008/9512] Replayed Theorems.Thm_StickyKakeya4_gkz_original_linear_upper
info: stdout:
FIFO compiler ticket: 01791103662482345832-38d3dadabcb744cdb54312f8165b871f.request
FIFO compiler acquired UTC: 2026-10-04T08:52:16.191032+00:00


ℹ [9009/9512] Replayed Theorems.Thm_StickyKakeya4_gkz_original_sum_product_comparison
info: stdout:
FIFO compiler ticket: 01791103956203197747-24ee6ade8296452bbe9fef4ef596d57e.request
FIFO compiler acquired UTC: 2026-10-04T08:56:27.058764+00:00


ℹ [9010/9512] Replayed Theorems.Thm_StickyKakeya4_gkz_original_positive_power
info: stdout:
FIFO compiler ticket: 01791104202708583917-abc7367cab2c47d7ab9a3c3def13be11.request
FIFO compiler acquired UTC: 2026-10-04T08:57:34.987737+00:00


ℹ [9011/9512] Replayed Theorems.Thm_StickyKakeya4_original_planar_ad_grid_population
info: stdout:
FIFO compiler ticket: 01791105349555904761-77df152793a84a9c9e8730c5949fa5c0.request
FIFO compiler acquired UTC: 2026-10-04T09:15:49.556305+00:00


ℹ [9019/9512] Replayed Theorems.Thm_StickyKakeya4_original_kaufman_shared_host
info: stdout:
FIFO compiler ticket: 01791105349574137591-ccafd0b3bd7d48909897357bae3122fe.request
FIFO compiler acquired UTC: 2026-10-04T09:15:52.890565+00:00


ℹ [9025/9512] Replayed Theorems.Thm_StickyKakeya4_original_rich_alphabet_profile
info: stdout:
FIFO compiler ticket: 01791105353086664223-2a7e24b47f0f430b9b4f00a3eccb28fa.request
FIFO compiler acquired UTC: 2026-10-04T09:17:20.689207+00:00


ℹ [9041/9512] Replayed Theorems.Thm_StickyKakeya4_original_weak_alphabet_selection
info: stdout:
FIFO compiler ticket: 01791105503651511476-319fd06008eb4558bc08a331fcd8e7ea.request
FIFO compiler acquired UTC: 2026-10-04T09:29:30.341467+00:00


⚠ [9042/9512] Replayed Theorems.Thm_StickyKakeya4_compact_front_frostman_limit
warning: Theorems/Thm_StickyKakeya4_compact_front_frostman_limit.lean:84:0: automatically included section variable(s) unused in theorem `StickyKakeya4.CompactFrontLimit.ball_bound_all_radii`:
  [BorelSpace E]
consider restructuring your `variable` declarations so that the variables are not in scope or explicitly omit them:
  omit [BorelSpace E] in theorem ...

Note: This linter can be disabled with `set_option linter.unusedSectionVars false`
ℹ [9044/9512] Replayed Theorems.Thm_StickyKakeya4_original_critical_population_range
info: Theorems/Thm_StickyKakeya4_original_critical_population_range.lean:80:4: Try this:
  [apply] ring_nf

  The `ring` tactic failed to close the goal. Use `ring_nf` to obtain a normal form.

  Note that `ring` works primarily in *commutative* rings. If you have a noncommutative ring, abelian group or module, consider using `noncomm_ring`, `abel` or `module` instead.
ℹ [9055/9512] Replayed Theorems.Thm_StickyKakeya4_original_profiled_third_query_family
info: stdout:
FIFO compiler ticket: 01791106193298761502-b2d03190b8784468bec993975a56e76a.request
FIFO compiler acquired UTC: 2026-10-04T09:37:11.016886+00:00


ℹ [9060/9512] Replayed Theorems.Thm_StickyKakeya4_gkz_uniform_growth_parameters
info: stdout:
FIFO compiler ticket: 01791104259389743848-c1ae5d9677a24940b48de31c0be33eaa.request
FIFO compiler acquired UTC: 2026-10-04T08:58:23.365613+00:00


⚠ [9090/9512] Replayed Theorems.Thm_StickyKakeya4_finite_scale_source_mass
warning: Theorems/Thm_StickyKakeya4_finite_scale_source_mass.lean:797:4: Try `simp at hx` instead of `simpa using hx`

Note: This linter can be disabled with `set_option linter.unnecessarySimpa false`
warning: Theorems/Thm_StickyKakeya4_finite_scale_source_mass.lean:892:6: Try `simp at hxi` instead of `simpa using hxi`

Note: This linter can be disabled with `set_option linter.unnecessarySimpa false`
⚠ [9093/9512] Replayed Theorems.Thm_StickyKakeya4_dimension_witness_extraction
warning: Theorems/Thm_StickyKakeya4_dimension_witness_extraction.lean:266:2: `push_neg` has been deprecated. Prefer using `push Not` instead.
If you'd rather continue using `push_neg` in your project, you can implement it as follows:
```
open Lean.Parser.Tactic in
macro "push_neg" cfg:optConfig loc:(location)? : tactic =>
  `(tactic| push $cfg:optConfig Not $[$loc]?)
```
⚠ [9094/9512] Replayed Theorems.Thm_StickyKakeya4_frostman_mass_distribution
warning: Theorems/Thm_StickyKakeya4_frostman_mass_distribution.lean:257:2: Try this:
  letI̵

The goal is a proposition, so `let` is preferred over `letI`.
The difference between `let` and `letI` is that `letI` inlines the value.
But this is not relevant for proofs because of proof irrelevance.

Note: This linter can be disabled with `set_option linter.style.haveILetI false`
⚠ [9095/9512] Replayed Theorems.Thm_StickyKakeya4_canonical_sphere_measure
warning: Theorems/Thm_StickyKakeya4_canonical_sphere_measure.lean:18:4: try 'simp' instead of 'simpa'

Note: This linter can be disabled with `set_option linter.unnecessarySimpa false`
warning: Theorems/Thm_StickyKakeya4_canonical_sphere_measure.lean:636:2: `push_neg` has been deprecated. Prefer using `push Not` instead.
If you'd rather continue using `push_neg` in your project, you can implement it as follows:
```
open Lean.Parser.Tactic in
macro "push_neg" cfg:optConfig loc:(location)? : tactic =>
  `(tactic| push $cfg:optConfig Not $[$loc]?)
```
warning: Theorems/Thm_StickyKakeya4_canonical_sphere_measure.lean:957:4: try 'simp' instead of 'simpa'

Note: This linter can be disabled with `set_option linter.unnecessarySimpa false`
warning: Theorems/Thm_StickyKakeya4_canonical_sphere_measure.lean:965:48: Variable name `hr` is not explicitly referenced.

Hint: The binding can be removed (if unused) or named `_` (if used implicitly). Alternatively, prefix the name with `_` to silence this warning:
  [apply] _hr

Note: This linter can be disabled with `set_option linter.unusedVariables false`
⚠ [9098/9512] Replayed Theorems.Thm_StickyKakeya4_front_parameter_probability
warning: Theorems/Thm_StickyKakeya4_front_parameter_probability.lean:30:4: Try `simp at this` instead of `simpa using this`

Note: This linter can be disabled with `set_option linter.unnecessarySimpa false`
warning: Theorems/Thm_StickyKakeya4_front_parameter_probability.lean:79:42: Variable name `hdelta` is not explicitly referenced.

Hint: The binding can be removed (if unused) or named `_` (if used implicitly). Alternatively, prefix the name with `_` to silence this warning:
  [apply] _hdelta

Note: This linter can be disabled with `set_option linter.unusedVariables false`
warning: Theorems/Thm_StickyKakeya4_front_parameter_probability.lean:92:49: Used `tac1 <;> tac2` where `(tac1; tac2)` would suffice

Note: This linter can be disabled with `set_option linter.unnecessarySeqFocus false`
info: Theorems/Thm_StickyKakeya4_front_parameter_probability.lean:117:0: Error in Linarith.normalizeDenominatorsLHS: Expr.rewrite may not produce subgoals.
⚠ [9099/9512] Replayed Theorems.Thm_StickyKakeya4_marked_carrier_inverse
warning: Theorems/Thm_StickyKakeya4_marked_carrier_inverse.lean:37:2: Try this:
  letI̵

The goal is a proposition, so `let` is preferred over `letI`.
The difference between `let` and `letI` is that `letI` inlines the value.
But this is not relevant for proofs because of proof irrelevance.

Note: This linter can be disabled with `set_option linter.style.haveILetI false`
warning: Theorems/Thm_StickyKakeya4_marked_carrier_inverse.lean:53:2: Try this:
  letI̵

The goal is a proposition, so `let` is preferred over `letI`.
The difference between `let` and `letI` is that `letI` inlines the value.
But this is not relevant for proofs because of proof irrelevance.

Note: This linter can be disabled with `set_option linter.style.haveILetI false`
⚠ [9101/9512] Replayed Theorems.Thm_StickyKakeya4_retained_parameter_cell_source
warning: Theorems/Thm_StickyKakeya4_retained_parameter_cell_source.lean:406:2: `push_neg` has been deprecated. Prefer using `push Not` instead.
If you'd rather continue using `push_neg` in your project, you can implement it as follows:
```
open Lean.Parser.Tactic in
macro "push_neg" cfg:optConfig loc:(location)? : tactic =>
  `(tactic| push $cfg:optConfig Not $[$loc]?)
```
warning: Theorems/Thm_StickyKakeya4_retained_parameter_cell_source.lean:533:24: try 'simp' instead of 'simpa'

Note: This linter can be disabled with `set_option linter.unnecessarySimpa false`
warning: Theorems/Thm_StickyKakeya4_retained_parameter_cell_source.lean:606:36: try 'simp' instead of 'simpa'

Note: This linter can be disabled with `set_option linter.unnecessarySimpa false`
⚠ [9104/9512] Replayed Theorems.Thm_StickyKakeya4_lossless_edge_flow_carleson
warning: Theorems/Thm_StickyKakeya4_lossless_edge_flow_carleson.lean:24:4: try 'simp' instead of 'simpa'

Note: This linter can be disabled with `set_option linter.unnecessarySimpa false`
warning: Theorems/Thm_StickyKakeya4_lossless_edge_flow_carleson.lean:60:18: try 'simp' instead of 'simpa'

Note: This linter can be disabled with `set_option linter.unnecessarySimpa false`
warning: Theorems/Thm_StickyKakeya4_lossless_edge_flow_carleson.lean:64:37: try 'simp' instead of 'simpa'

Note: This linter can be disabled with `set_option linter.unnecessarySimpa false`
warning: Theorems/Thm_StickyKakeya4_lossless_edge_flow_carleson.lean:99:56: try 'simp' instead of 'simpa'

Note: This linter can be disabled with `set_option linter.unnecessarySimpa false`
warning: Theorems/Thm_StickyKakeya4_lossless_edge_flow_carleson.lean:85:20: This simp argument is unused:
  hp

Hint: Omit it from the simp argument list.
  [apply] simp

Note: This linter can be disabled with `set_option linter.unusedSimpArgs false`
warning: Theorems/Thm_StickyKakeya4_lossless_edge_flow_carleson.lean:86:22: This simp argument is unused:
  hp

Hint: Omit it from the simp argument list.
  [apply] simp

Note: This linter can be disabled with `set_option linter.unusedSimpArgs false`
warning: Theorems/Thm_StickyKakeya4_lossless_edge_flow_carleson.lean:94:40: This simp argument is unused:
  hp

Hint: Omit it from the simp argument list.
  [apply] simp

Note: This linter can be disabled with `set_option linter.unusedSimpArgs false`
warning: Theorems/Thm_StickyKakeya4_lossless_edge_flow_carleson.lean:172:18: try 'simp' instead of 'simpa'

Note: This linter can be disabled with `set_option linter.unnecessarySimpa false`
warning: Theorems/Thm_StickyKakeya4_lossless_edge_flow_carleson.lean:176:37: try 'simp' instead of 'simpa'

Note: This linter can be disabled with `set_option linter.unnecessarySimpa false`
warning: Theorems/Thm_StickyKakeya4_lossless_edge_flow_carleson.lean:211:56: try 'simp' instead of 'simpa'

Note: This linter can be disabled with `set_option linter.unnecessarySimpa false`
warning: Theorems/Thm_StickyKakeya4_lossless_edge_flow_carleson.lean:197:20: This simp argument is unused:
  hp

Hint: Omit it from the simp argument list.
  [apply] simp

Note: This linter can be disabled with `set_option linter.unusedSimpArgs false`
warning: Theorems/Thm_StickyKakeya4_lossless_edge_flow_carleson.lean:198:22: This simp argument is unused:
  hp

Hint: Omit it from the simp argument list.
  [apply] simp

Note: This linter can be disabled with `set_option linter.unusedSimpArgs false`
warning: Theorems/Thm_StickyKakeya4_lossless_edge_flow_carleson.lean:206:40: This simp argument is unused:
  hp

Hint: Omit it from the simp argument list.
  [apply] simp

Note: This linter can be disabled with `set_option linter.unusedSimpArgs false`
⚠ [9105/9512] Replayed Theorems.Thm_StickyKakeya4_contact_symplectic_edge_flow_certificate_existence
warning: Theorems/Thm_StickyKakeya4_contact_symplectic_edge_flow_certificate_existence.lean:43:5: Variable name `hsource` is not explicitly referenced.

Hint: The binding can be removed (if unused) or named `_` (if used implicitly). Alternatively, prefix the name with `_` to silence this warning:
  [apply] _hsource

Note: This linter can be disabled with `set_option linter.unusedVariables false`
warning: Theorems/Thm_StickyKakeya4_contact_symplectic_edge_flow_certificate_existence.lean:43:32: Variable name `hK` is not explicitly referenced.

Hint: The binding can be removed (if unused) or named `_` (if used implicitly). Alternatively, prefix the name with `_` to silence this warning:
  [apply] _hK

Note: This linter can be disabled with `set_option linter.unusedVariables false`
warning: Theorems/Thm_StickyKakeya4_contact_symplectic_edge_flow_certificate_existence.lean:43:45: Variable name `hW` is not explicitly referenced.

Hint: The binding can be removed (if unused) or named `_` (if used implicitly). Alternatively, prefix the name with `_` to silence this warning:
  [apply] _hW

Note: This linter can be disabled with `set_option linter.unusedVariables false`
warning: Theorems/Thm_StickyKakeya4_contact_symplectic_edge_flow_certificate_existence.lean:44:5: Variable name `hnormalLoss` is not explicitly referenced.

Hint: The binding can be removed (if unused) or named `_` (if used implicitly). Alternatively, prefix the name with `_` to silence this warning:
  [apply] _hnormalLoss

Note: This linter can be disabled with `set_option linter.unusedVariables false`
warning: Theorems/Thm_StickyKakeya4_contact_symplectic_edge_flow_certificate_existence.lean:122:2: `push_neg` has been deprecated. Prefer using `push Not` instead.
If you'd rather continue using `push_neg` in your project, you can implement it as follows:
```
open Lean.Parser.Tactic in
macro "push_neg" cfg:optConfig loc:(location)? : tactic =>
  `(tactic| push $cfg:optConfig Not $[$loc]?)
```
warning: Theorems/Thm_StickyKakeya4_contact_symplectic_edge_flow_certificate_existence.lean:508:18: Variable name `hθ` is not explicitly referenced.

Hint: The binding can be removed (if unused) or named `_` (if used implicitly). Alternatively, prefix the name with `_` to silence this warning:
  [apply] _hθ

Note: This linter can be disabled with `set_option linter.unusedVariables false`
warning: Theorems/Thm_StickyKakeya4_contact_symplectic_edge_flow_certificate_existence.lean:508:31: Variable name `hB` is not explicitly referenced.

Hint: The binding can be removed (if unused) or named `_` (if used implicitly). Alternatively, prefix the name with `_` to silence this warning:
  [apply] _hB

Note: This linter can be disabled with `set_option linter.unusedVariables false`
warning: Theorems/Thm_StickyKakeya4_contact_symplectic_edge_flow_certificate_existence.lean:661:5: Variable name `hc₀` is not explicitly referenced.

Hint: The binding can be removed (if unused) or named `_` (if used implicitly). Alternatively, prefix the name with `_` to silence this warning:
  [apply] _hc₀

Note: This linter can be disabled with `set_option linter.unusedVariables false`
warning: Theorems/Thm_StickyKakeya4_contact_symplectic_edge_flow_certificate_existence.lean:661:20: Variable name `hQ` is not explicitly referenced.

Hint: The binding can be removed (if unused) or named `_` (if used implicitly). Alternatively, prefix the name with `_` to silence this warning:
  [apply] _hQ

Note: This linter can be disabled with `set_option linter.unusedVariables false`
warning: Theorems/Thm_StickyKakeya4_contact_symplectic_edge_flow_certificate_existence.lean:1726:4: Try this:
  letI̵

The goal is a proposition, so `let` is preferred over `letI`.
The difference between `let` and `letI` is that `letI` inlines the value.
But this is not relevant for proofs because of proof irrelevance.

Note: This linter can be disabled with `set_option linter.style.haveILetI false`
warning: Theorems/Thm_StickyKakeya4_contact_symplectic_edge_flow_certificate_existence.lean:1906:5: Variable name `hpacking` is not explicitly referenced.

Hint: The binding can be removed (if unused) or named `_` (if used implicitly). Alternatively, prefix the name with `_` to silence this warning:
  [apply] _hpacking

Note: This linter can be disabled with `set_option linter.unusedVariables false`
⚠ [9107/9512] Replayed Theorems.Thm_StickyKakeya4_conditioned_boundary_packet_extension
warning: Theorems/Thm_StickyKakeya4_conditioned_boundary_packet_extension.lean:34:2: Try this:
  letI̵

The goal is a proposition, so `let` is preferred over `letI`.
The difference between `let` and `letI` is that `letI` inlines the value.
But this is not relevant for proofs because of proof irrelevance.

Note: This linter can be disabled with `set_option linter.style.haveILetI false`
warning: Theorems/Thm_StickyKakeya4_conditioned_boundary_packet_extension.lean:53:2: Try this:
  letI̵

The goal is a proposition, so `let` is preferred over `letI`.
The difference between `let` and `letI` is that `letI` inlines the value.
But this is not relevant for proofs because of proof irrelevance.

Note: This linter can be disabled with `set_option linter.style.haveILetI false`
warning: Theorems/Thm_StickyKakeya4_conditioned_boundary_packet_extension.lean:24:5: Variable name `hsourceMeasurable` is not explicitly referenced.

Hint: The binding can be removed (if unused) or named `_` (if used implicitly). Alternatively, prefix the name with `_` to silence this warning:
  [apply] _hsourceMeasurable

Note: This linter can be disabled with `set_option linter.unusedVariables false`
warning: Theorems/Thm_StickyKakeya4_conditioned_boundary_packet_extension.lean:27:32: Variable name `hrhoOne` is not explicitly referenced.

Hint: The binding can be removed (if unused) or named `_` (if used implicitly). Alternatively, prefix the name with `_` to silence this warning:
  [apply] _hrhoOne

Note: This linter can be disabled with `set_option linter.unusedVariables false`
⚠ [9109/9512] Replayed Theorems.Thm_StickyKakeya4_four_probe_boundary_firewall
warning: Theorems/Thm_StickyKakeya4_four_probe_boundary_firewall.lean:99:2: `push_neg` has been deprecated. Prefer using `push Not` instead.
If you'd rather continue using `push_neg` in your project, you can implement it as follows:
```
open Lean.Parser.Tactic in
macro "push_neg" cfg:optConfig loc:(location)? : tactic =>
  `(tactic| push $cfg:optConfig Not $[$loc]?)
```
⚠ [9111/9512] Replayed Theorems.Thm_StickyKakeya4_three_packet_support
warning: Theorems/Thm_StickyKakeya4_three_packet_support.lean:92:4: Try `simp at hprob` instead of `simpa using hprob`

Note: This linter can be disabled with `set_option linter.unnecessarySimpa false`
warning: Theorems/Thm_StickyKakeya4_three_packet_support.lean:100:13: `Set.mem_setOf_eq` has been deprecated: Use `Set.mem_ofPred_eq` instead
⚠ [9112/9512] Replayed Theorems.Thm_StickyKakeya4_four_probe_cauchy_extraction
warning: Theorems/Thm_StickyKakeya4_four_probe_cauchy_extraction.lean:306:4: Unused tactic linter: `change limitA.mulVec (c.ofLp - d.ofLp) = 0` does nothing

Note: This linter can be disabled with `set_option linter.unusedTactic false`
⚠ [9119/9512] Replayed Theorems.Thm_StickyKakeya4_front_fibre_lower_bound
warning: Theorems/Thm_StickyKakeya4_front_fibre_lower_bound.lean:90:5: Variable name `hdelta` is not explicitly referenced.

Hint: The binding can be removed (if unused) or named `_` (if used implicitly). Alternatively, prefix the name with `_` to silence this warning:
  [apply] _hdelta

Note: This linter can be disabled with `set_option linter.unusedVariables false`
⚠ [9120/9512] Replayed Theorems.Thm_StickyKakeya4_wz_common_slab
warning: Theorems/Thm_StickyKakeya4_wz_common_slab.lean:289:18: Variable name `hhNonneg` is not explicitly referenced.

Hint: The binding can be removed (if unused) or named `_` (if used implicitly). Alternatively, prefix the name with `_` to silence this warning:
  [apply] _hhNonneg

Note: This linter can be disabled with `set_option linter.unusedVariables false`
⚠ [9124/9512] Replayed Theorems.Thm_StickyKakeya4_four_cycle_contact_frame
warning: Theorems/Thm_StickyKakeya4_four_cycle_contact_frame.lean:67:4: Try `simp at hk` instead of `simpa using hk`

Note: This linter can be disabled with `set_option linter.unnecessarySimpa false`
warning: Theorems/Thm_StickyKakeya4_four_cycle_contact_frame.lean:70:4: Try `simp at hk` instead of `simpa using hk`

Note: This linter can be disabled with `set_option linter.unnecessarySimpa false`
warning: Theorems/Thm_StickyKakeya4_four_cycle_contact_frame.lean:73:4: Try `simp at hk` instead of `simpa using hk`

Note: This linter can be disabled with `set_option linter.unnecessarySimpa false`
warning: Theorems/Thm_StickyKakeya4_four_cycle_contact_frame.lean:76:4: Try `simp at hk` instead of `simpa using hk`

Note: This linter can be disabled with `set_option linter.unnecessarySimpa false`
warning: Theorems/Thm_StickyKakeya4_four_cycle_contact_frame.lean:100:4: this tactic is never executed

Note: This linter can be disabled with `set_option linter.unreachableTactic false`
warning: Theorems/Thm_StickyKakeya4_four_cycle_contact_frame.lean:100:4: Unused tactic linter: `ring` does nothing

Note: This linter can be disabled with `set_option linter.unusedTactic false`
warning: Theorems/Thm_StickyKakeya4_four_cycle_contact_frame.lean:105:39: This simp argument is unused:
  Finset.mul_sum

Hint: Omit it from the simp argument list.
  [apply] simp [matrixVectorE3, Matrix.mulVec, mul_assoc, mul_comm, mul_left_comm]

Note: This linter can be disabled with `set_option linter.unusedSimpArgs false`
warning: Theorems/Thm_StickyKakeya4_four_cycle_contact_frame.lean:105:55: This simp argument is unused:
  mul_assoc

Hint: Omit it from the simp argument list.
  [apply] simp [matrixVectorE3, Matrix.mulVec, Finset.mul_sum, mul_comm, mul_left_comm]

Note: This linter can be disabled with `set_option linter.unusedSimpArgs false`
warning: Theorems/Thm_StickyKakeya4_four_cycle_contact_frame.lean:106:4: This simp argument is unused:
  mul_comm

Hint: Omit it from the simp argument list.
  [apply] simp [matrixVectorE3, Matrix.mulVec, Finset.mul_sum, mul_assoc, mul_left_comm]

Note: This linter can be disabled with `set_option linter.unusedSimpArgs false`
warning: Theorems/Thm_StickyKakeya4_four_cycle_contact_frame.lean:106:14: This simp argument is unused:
  mul_left_comm

Hint: Omit it from the simp argument list.
  [apply] simp [matrixVectorE3, Matrix.mulVec, Finset.mul_sum, mul_assoc, mul_comm]

Note: This linter can be disabled with `set_option linter.unusedSimpArgs false`
⚠ [9125/9512] Replayed Theorems.Thm_StickyKakeya4_dense_relation_marked_four_cycle
warning: Theorems/Thm_StickyKakeya4_dense_relation_marked_four_cycle.lean:59:30: This simp argument is unused:
  Matrix.cons_val_zero

Hint: Omit it from the simp argument list.
  [apply] simp only [toMarkedCycle, Matrix.cons_val_one, Fin.isValue] at hij ⊢

Note: This linter can be disabled with `set_option linter.unusedSimpArgs false`
warning: Theorems/Thm_StickyKakeya4_dense_relation_marked_four_cycle.lean:59:52: This simp argument is unused:
  Matrix.cons_val_one

Hint: Omit it from the simp argument list.
  [apply] simp only [toMarkedCycle, Matrix.cons_val_zero, Fin.isValue] at hij ⊢

Note: This linter can be disabled with `set_option linter.unusedSimpArgs false`
warning: Theorems/Thm_StickyKakeya4_dense_relation_marked_four_cycle.lean:60:6: This simp argument is unused:
  Fin.isValue

Hint: Omit it from the simp argument list.
  [apply] simp only [toMarkedCycle, Matrix.cons_val_zero, Matrix.cons_val_one] at hij ⊢

Note: This linter can be disabled with `set_option linter.unusedSimpArgs false`
warning: Theorems/Thm_StickyKakeya4_dense_relation_marked_four_cycle.lean:87:30: This simp argument is unused:
  Matrix.cons_val_zero

Hint: Omit it from the simp argument list.
  [apply] simp only [toMarkedCycle, Matrix.cons_val_one, Fin.isValue] at hij ⊢

Note: This linter can be disabled with `set_option linter.unusedSimpArgs false`
warning: Theorems/Thm_StickyKakeya4_dense_relation_marked_four_cycle.lean:87:52: This simp argument is unused:
  Matrix.cons_val_one

Hint: Omit it from the simp argument list.
  [apply] simp only [toMarkedCycle, Matrix.cons_val_zero, Fin.isValue] at hij ⊢

Note: This linter can be disabled with `set_option linter.unusedSimpArgs false`
warning: Theorems/Thm_StickyKakeya4_dense_relation_marked_four_cycle.lean:88:6: This simp argument is unused:
  Fin.isValue

Hint: Omit it from the simp argument list.
  [apply] simp only [toMarkedCycle, Matrix.cons_val_zero, Matrix.cons_val_one] at hij ⊢

Note: This linter can be disabled with `set_option linter.unusedSimpArgs false`
⚠ [9126/9512] Replayed Theorems.Thm_StickyKakeya4_separated_collision_relation_packet
warning: Theorems/Thm_StickyKakeya4_separated_collision_relation_packet.lean:52:40: This simp argument is unused:
  Matrix.cons_val_zero

Hint: Omit it from the simp argument list.
  [apply] simp only [markedCycleRelationEdge, Matrix.cons_val_one, Fin.isValue] at hij ⊢

Note: This linter can be disabled with `set_option linter.unusedSimpArgs false`
warning: Theorems/Thm_StickyKakeya4_separated_collision_relation_packet.lean:53:6: This simp argument is unused:
  Matrix.cons_val_one

Hint: Omit it from the simp argument list.
  [apply] simp only [markedCycleRelationEdge, Matrix.cons_val_zero, Fin.isValue] at hij ⊢

Note: This linter can be disabled with `set_option linter.unusedSimpArgs false`
⚠ [9128/9512] Replayed Theorems.Thm_StickyKakeya4_selector_covering_lower_bound
warning: Theorems/Thm_StickyKakeya4_selector_covering_lower_bound.lean:24:42: Variable name `hr` is not explicitly referenced.

Hint: The binding can be removed (if unused) or named `_` (if used implicitly). Alternatively, prefix the name with `_` to silence this warning:
  [apply] _hr

Note: This linter can be disabled with `set_option linter.unusedVariables false`
⚠ [9130/9512] Replayed Theorems.Thm_StickyKakeya4_wz_readback_bookkeeping
warning: Theorems/Thm_StickyKakeya4_wz_readback_bookkeeping.lean:285:2: `push_neg` has been deprecated. Prefer using `push Not` instead.
If you'd rather continue using `push_neg` in your project, you can implement it as follows:
```
open Lean.Parser.Tactic in
macro "push_neg" cfg:optConfig loc:(location)? : tactic =>
  `(tactic| push $cfg:optConfig Not $[$loc]?)
```
info: Theorems/Thm_StickyKakeya4_wz_readback_bookkeeping.lean:380:55: Try this:
  [apply] ring_nf

  The `ring` tactic failed to close the goal. Use `ring_nf` to obtain a normal form.

  Note that `ring` works primarily in *commutative* rings. If you have a noncommutative ring, abelian group or module, consider using `noncomm_ring`, `abel` or `module` instead.
warning: Theorems/Thm_StickyKakeya4_wz_readback_bookkeeping.lean:625:4: Try `simp at hpositiveNonempty` instead of `simpa using hpositiveNonempty`

Note: This linter can be disabled with `set_option linter.unnecessarySimpa false`
warning: Theorems/Thm_StickyKakeya4_wz_readback_bookkeeping.lean:678:8: Try `simp at hpositiveNonempty` instead of `simpa using hpositiveNonempty`

Note: This linter can be disabled with `set_option linter.unnecessarySimpa false`
warning: Theorems/Thm_StickyKakeya4_wz_readback_bookkeeping.lean:831:2: Try this:
  letI̵

The goal is a proposition, so `let` is preferred over `letI`.
The difference between `let` and `letI` is that `letI` inlines the value.
But this is not relevant for proofs because of proof irrelevance.

Note: This linter can be disabled with `set_option linter.style.haveILetI false`
warning: Theorems/Thm_StickyKakeya4_wz_readback_bookkeeping.lean:974:4: Try `simp at hnonempty` instead of `simpa using hnonempty`

Note: This linter can be disabled with `set_option linter.unnecessarySimpa false`
warning: Theorems/Thm_StickyKakeya4_wz_readback_bookkeeping.lean:1181:6: Used `tac1 <;> tac2` where `(tac1; tac2)` would suffice

Note: This linter can be disabled with `set_option linter.unnecessarySeqFocus false`
warning: Theorems/Thm_StickyKakeya4_wz_readback_bookkeeping.lean:1182:6: Used `tac1 <;> tac2` where `(tac1; tac2)` would suffice

Note: This linter can be disabled with `set_option linter.unnecessarySeqFocus false`
warning: Theorems/Thm_StickyKakeya4_wz_readback_bookkeeping.lean:1236:4: Unused tactic linter: `change lowerConstant * (ENNReal.ofReal q).rpow theta ≤ mass` does nothing

Note: This linter can be disabled with `set_option linter.unusedTactic false`
⚠ [9132/9512] Replayed Theorems.Thm_StickyKakeya4_wz_carrier_pruning
warning: Theorems/Thm_StickyKakeya4_wz_carrier_pruning.lean:1922:5: Variable name `hocc` is not explicitly referenced.

Hint: The binding can be removed (if unused) or named `_` (if used implicitly). Alternatively, prefix the name with `_` to silence this warning:
  [apply] _hocc

Note: This linter can be disabled with `set_option linter.unusedVariables false`
warning: Theorems/Thm_StickyKakeya4_wz_carrier_pruning.lean:2326:31: Variable name `ha` is not explicitly referenced.

Hint: The binding can be removed (if unused) or named `_` (if used implicitly). Alternatively, prefix the name with `_` to silence this warning:
  [apply] _ha

Note: This linter can be disabled with `set_option linter.unusedVariables false`
warning: Theorems/Thm_StickyKakeya4_wz_carrier_pruning.lean:2430:27: This simp argument is unused:
  Nat.cast_ofNat

Hint: Omit it from the simp argument list.
  [apply] simp only [Nat.cast_mul]

Note: This linter can be disabled with `set_option linter.unusedSimpArgs false`
warning: Theorems/Thm_StickyKakeya4_wz_carrier_pruning.lean:2514:8: try 'simp' instead of 'simpa'

Note: This linter can be disabled with `set_option linter.unnecessarySimpa false`
warning: Theorems/Thm_StickyKakeya4_wz_carrier_pruning.lean:2562:5: Variable name `htargetConstant` is not explicitly referenced.

Hint: The binding can be removed (if unused) or named `_` (if used implicitly). Alternatively, prefix the name with `_` to silence this warning:
  [apply] _htargetConstant

Note: This linter can be disabled with `set_option linter.unusedVariables false`
warning: Theorems/Thm_StickyKakeya4_wz_carrier_pruning.lean:2563:26: Variable name `hqTarget` is not explicitly referenced.

Hint: The binding can be removed (if unused) or named `_` (if used implicitly). Alternatively, prefix the name with `_` to silence this warning:
  [apply] _hqTarget

Note: This linter can be disabled with `set_option linter.unusedVariables false`
warning: Theorems/Thm_StickyKakeya4_wz_carrier_pruning.lean:3668:6: try 'simp' instead of 'simpa'

Note: This linter can be disabled with `set_option linter.unnecessarySimpa false`
warning: Theorems/Thm_StickyKakeya4_wz_carrier_pruning.lean:3747:2: Try this:
  letI̵

The goal is a proposition, so `let` is preferred over `letI`.
The difference between `let` and `letI` is that `letI` inlines the value.
But this is not relevant for proofs because of proof irrelevance.

Note: This linter can be disabled with `set_option linter.style.haveILetI false`
warning: Theorems/Thm_StickyKakeya4_wz_carrier_pruning.lean:4089:8: this tactic is never executed

Note: This linter can be disabled with `set_option linter.unreachableTactic false`
warning: Theorems/Thm_StickyKakeya4_wz_carrier_pruning.lean:4089:8: Unused tactic linter: `ring` does nothing

Note: This linter can be disabled with `set_option linter.unusedTactic false`
warning: Theorems/Thm_StickyKakeya4_wz_carrier_pruning.lean:4563:5: Variable name `hdelta` is not explicitly referenced.

Hint: The binding can be removed (if unused) or named `_` (if used implicitly). Alternatively, prefix the name with `_` to silence this warning:
  [apply] _hdelta

Note: This linter can be disabled with `set_option linter.unusedVariables false`
warning: Theorems/Thm_StickyKakeya4_wz_carrier_pruning.lean:4586:24: Used `tac1 <;> tac2` where `(tac1; tac2)` would suffice

Note: This linter can be disabled with `set_option linter.unnecessarySeqFocus false`
warning: Theorems/Thm_StickyKakeya4_wz_carrier_pruning.lean:5864:5: Variable name `hradius` is not explicitly referenced.

Hint: The binding can be removed (if unused) or named `_` (if used implicitly). Alternatively, prefix the name with `_` to silence this warning:
  [apply] _hradius

Note: This linter can be disabled with `set_option linter.unusedVariables false`
warning: Theorems/Thm_StickyKakeya4_wz_carrier_pruning.lean:5931:19: Variable name `ell` is not explicitly referenced.

Hint: The binding can be removed (if unused) or named `_` (if used implicitly). Alternatively, prefix the name with `_` to silence this warning:
  [apply] _ell

Note: This linter can be disabled with `set_option linter.unusedVariables false`
⚠ [9156/9512] Replayed Theorems.Thm_StickyKakeya4_common_shading_obstruction
warning: Theorems/Thm_StickyKakeya4_common_shading_obstruction.lean:55:26: `Set.mem_setOf_eq` has been deprecated: Use `Set.mem_ofPred_eq` instead
ℹ [9157/9512] Replayed Theorems.Thm_StickyKakeya4_original_three_dimensional_middle_slice_branch
info: stdout:
FIFO compiler ticket: 01791102610648247076-86a5b68afbae4976a4ca5ba1d1c74dbd.request
FIFO compiler acquired UTC: 2026-10-04T08:30:18.088718+00:00


⚠ [9158/9512] Replayed Theorems.Thm_StickyKakeya4_energy_dimension
warning: Theorems/Thm_StickyKakeya4_energy_dimension.lean:72:0: automatically included section variable(s) unused in theorem `StickyKakeya4.EnergyDimension.restrict_ball_growth_of_bounded_potential`:
  [SecondCountableTopology X]
consider restructuring your `variable` declarations so that the variables are not in scope or explicitly omit them:
  omit [SecondCountableTopology X] in theorem ...

Note: This linter can be disabled with `set_option linter.unusedSectionVars false`
ℹ [9206/9512] Replayed Theorems.Thm_StickyKakeya4_original_three_dimensional_tube_parameters
info: stdout:
FIFO compiler ticket: 01791102610675594030-fd67381baa514ae2ad6dc373c274561c.request
FIFO compiler acquired UTC: 2026-10-04T08:31:10.892805+00:00


ℹ [9207/9512] Replayed Theorems.Thm_StickyKakeya4_original_three_dimensional_heavy_cube_shading
info: stdout:
FIFO compiler ticket: 01791102721321613688-33c75557366c4946814e108e3a69d032.request
FIFO compiler acquired UTC: 2026-10-04T08:36:34.474975+00:00


ℹ [9210/9512] Replayed Theorems.Thm_StickyKakeya4_original_three_dimensional_cap_count
info: stdout:
FIFO compiler ticket: 01791102610648469179-26265b087e7c4beeafc9c0cb50405fbc.request
FIFO compiler acquired UTC: 2026-10-04T08:31:10.800386+00:00


ℹ [9211/9512] Replayed Theorems.Thm_StickyKakeya4_original_tube_parameter_integer_count
info: stdout:
FIFO compiler ticket: 01791102726404244037-85391ee9ee034408a3d21628137b8535.request
FIFO compiler acquired UTC: 2026-10-04T08:38:29.189772+00:00


ℹ [9212/9512] Replayed Theorems.Thm_StickyKakeya4_original_three_dimensional_tube_incidence_energy
info: stdout:
FIFO compiler ticket: 01791103281189931559-e51bdd3bfee34e24a37db60885dc0a8f.request
FIFO compiler acquired UTC: 2026-10-04T08:46:22.291625+00:00


ℹ [9213/9512] Replayed Theorems.Thm_StickyKakeya4_original_three_dimensional_shade_local_count
info: stdout:
FIFO compiler ticket: 01791105350164006966-efc1ba752ce3467c86587c5572a801e3.request
FIFO compiler acquired UTC: 2026-10-04T09:17:13.967278+00:00


ℹ [9214/9512] Replayed Theorems.Thm_StickyKakeya4_original_three_dimensional_finite_shade_union
info: stdout:
FIFO compiler ticket: 01791105631959938531-6b289660897841cd9e9bd9c1ef3eecbc.request
FIFO compiler acquired UTC: 2026-10-04T09:30:46.723466+00:00


⚠ [9222/9512] Replayed Theorems.Thm_StickyKakeya4_spacetime_collision_energy
warning: Theorems/Thm_StickyKakeya4_spacetime_collision_energy.lean:287:18: Variable name `hq` is not explicitly referenced.

Hint: The binding can be removed (if unused) or named `_` (if used implicitly). Alternatively, prefix the name with `_` to silence this warning:
  [apply] _hq

Note: This linter can be disabled with `set_option linter.unusedVariables false`
⚠ [9227/9512] Replayed Theorems.Thm_StickyKakeya4_north_conditioned_boundary_probe_control
warning: Theorems/Thm_StickyKakeya4_north_conditioned_boundary_probe_control.lean:123:48: Used `tac1 <;> tac2` where `(tac1; tac2)` would suffice

Note: This linter can be disabled with `set_option linter.unnecessarySeqFocus false`
warning: Theorems/Thm_StickyKakeya4_north_conditioned_boundary_probe_control.lean:220:48: Used `tac1 <;> tac2` where `(tac1; tac2)` would suffice

Note: This linter can be disabled with `set_option linter.unnecessarySeqFocus false`
ℹ [9231/9512] Replayed Theorems.Thm_StickyKakeya4_original_three_dimensional_pair_tube_family
info: stdout:
FIFO compiler ticket: 01791102721582762501-52f1409da2ee479a8a5c4fc6233beb22.request
FIFO compiler acquired UTC: 2026-10-04T08:37:52.880066+00:00


ℹ [9234/9512] Replayed Theorems.Thm_StickyKakeya4_original_three_dimensional_cross_geometry
info: stdout:
FIFO compiler ticket: 01791102610637364171-9fe6f0baf193459c88a825b178711fb6.request
FIFO compiler acquired UTC: 2026-10-04T08:30:15.762119+00:00


ℹ [9235/9512] Replayed Theorems.Thm_StickyKakeya4_original_three_dimensional_slab_overlap
info: stdout:
FIFO compiler ticket: 01791102671162266767-1e1f25540bc24791990714e125bb286a.request
FIFO compiler acquired UTC: 2026-10-04T08:34:18.861003+00:00


ℹ [9238/9512] Replayed Theorems.Thm_StickyKakeya4_original_three_dimensional_shade_group_concentration
info: stdout:
FIFO compiler ticket: 01791106300522612205-b49b2ef61e2347cb90907af91bc2f68a.request
FIFO compiler acquired UTC: 2026-10-04T09:39:11.949974+00:00


ℹ [9239/9512] Replayed Theorems.Thm_StickyKakeya4_original_three_dimensional_narrow_slab_overlap
info: stdout:
FIFO compiler ticket: 01791103177349486553-019566d48d1741a48391f321ecfa31fb.request
FIFO compiler acquired UTC: 2026-10-04T08:44:40.696538+00:00


ℹ [9240/9512] Replayed Theorems.Thm_StickyKakeya4_original_three_dimensional_annular_slab_charge
info: stdout:
FIFO compiler ticket: 01791103526555719284-a99a7c3f55e846bda27479efddac8ef3.request
FIFO compiler acquired UTC: 2026-10-04T08:49:36.982703+00:00


ℹ [9241/9512] Replayed Theorems.Thm_StickyKakeya4_original_three_dimensional_cap_distance
info: stdout:
FIFO compiler ticket: 01791102736262145352-7421f4f657614f5bbe78065ca41d75a9.request
FIFO compiler acquired UTC: 2026-10-04T08:39:37.113918+00:00


ℹ [9242/9512] Replayed Theorems.Thm_StickyKakeya4_original_three_dimensional_separated_normals
info: stdout:
FIFO compiler ticket: 01791103316530941279-2cf57202753946b88f3764fa03ab680a.request
FIFO compiler acquired UTC: 2026-10-04T08:47:15.908012+00:00


ℹ [9243/9512] Replayed Theorems.Thm_StickyKakeya4_original_three_dimensional_large_slice_population
info: stdout:
FIFO compiler ticket: 01791105350139248270-75889812ba4848ba8b8b1b638229cfba.request
FIFO compiler acquired UTC: 2026-10-04T09:16:33.689471+00:00


ℹ [9244/9512] Replayed Theorems.Thm_StickyKakeya4_original_three_dimensional_common_chart
info: stdout:
FIFO compiler ticket: 01791103207775256998-879c4ceacefe42a58c73b71d0c8890df.request
FIFO compiler acquired UTC: 2026-10-04T08:45:26.351564+00:00


ℹ [9245/9512] Replayed Theorems.Thm_StickyKakeya4_original_three_dimensional_direct_transverse_hairbrush
info: stdout:
FIFO compiler ticket: 01791105353113188723-87ecf7c333c7442e80a416ed01fa8179.request
FIFO compiler acquired UTC: 2026-10-04T09:17:29.377070+00:00


⚠ [9252/9512] Replayed Theorems.Thm_StickyKakeya4_collision_heavy_edge_decomposition
warning: Theorems/Thm_StickyKakeya4_collision_heavy_edge_decomposition.lean:561:10: try 'simp' instead of 'simpa'

Note: This linter can be disabled with `set_option linter.unnecessarySimpa false`
ℹ [9254/9512] Replayed Theorems.Thm_StickyKakeya4_original_three_dimensional_pencil_geometry
info: stdout:
FIFO compiler ticket: 01791105350075798400-def456c90aa24cdab00088c3f834a805.request
FIFO compiler acquired UTC: 2026-10-04T09:15:55.396269+00:00


ℹ [9255/9512] Replayed Theorems.Thm_StickyKakeya4_original_three_dimensional_pencil_overlap
info: stdout:
FIFO compiler ticket: 01791105434224972151-85a7ce4d8046409e8cc600153035ae56.request
FIFO compiler acquired UTC: 2026-10-04T09:23:09.993116+00:00


ℹ [9256/9512] Replayed Theorems.Thm_StickyKakeya4_original_three_dimensional_pencil_partition
info: stdout:
FIFO compiler ticket: 01791106013912147996-4d12c404c11a4fb2b41555f409db0e1c.request
FIFO compiler acquired UTC: 2026-10-04T09:35:08.338655+00:00


ℹ [9258/9512] Replayed Theorems.Thm_StickyKakeya4_original_three_dimensional_pencil_unit_slabs
info: stdout:
FIFO compiler ticket: 01791105393949342615-213c99206237430f967011dfd2624bbf.request
FIFO compiler acquired UTC: 2026-10-04T09:21:10.472133+00:00


ℹ [9259/9512] Replayed Theorems.Thm_StickyKakeya4_original_three_dimensional_pencil_brush_groups
info: stdout:
FIFO compiler ticket: 01791106631249800460-ff268edcb900438e8383bb8da09a32a1.request
FIFO compiler acquired UTC: 2026-10-04T09:50:58.528143+00:00


⚠ [9260/9512] Replayed Theorems.Thm_StickyKakeya4_conditioned_boundary_packet_mass
warning: Theorems/Thm_StickyKakeya4_conditioned_boundary_packet_mass.lean:41:2: Try this:
  letI̵

The goal is a proposition, so `let` is preferred over `letI`.
The difference between `let` and `letI` is that `letI` inlines the value.
But this is not relevant for proofs because of proof irrelevance.

Note: This linter can be disabled with `set_option linter.style.haveILetI false`
warning: Theorems/Thm_StickyKakeya4_conditioned_boundary_packet_mass.lean:44:2: Try this:
  letI̵

The goal is a proposition, so `let` is preferred over `letI`.
The difference between `let` and `letI` is that `letI` inlines the value.
But this is not relevant for proofs because of proof irrelevance.

Note: This linter can be disabled with `set_option linter.style.haveILetI false`
warning: Theorems/Thm_StickyKakeya4_conditioned_boundary_packet_mass.lean:58:2: Try this:
  letI̵

The goal is a proposition, so `let` is preferred over `letI`.
The difference between `let` and `letI` is that `letI` inlines the value.
But this is not relevant for proofs because of proof irrelevance.

Note: This linter can be disabled with `set_option linter.style.haveILetI false`
warning: Theorems/Thm_StickyKakeya4_conditioned_boundary_packet_mass.lean:126:4: try 'simp' instead of 'simpa'

Note: This linter can be disabled with `set_option linter.unnecessarySimpa false`
warning: Theorems/Thm_StickyKakeya4_conditioned_boundary_packet_mass.lean:18:19: Variable name `hepsilon` is not explicitly referenced.

Hint: The binding can be removed (if unused) or named `_` (if used implicitly). Alternatively, prefix the name with `_` to silence this warning:
  [apply] _hepsilon

Note: This linter can be disabled with `set_option linter.unusedVariables false`
warning: Theorems/Thm_StickyKakeya4_conditioned_boundary_packet_mass.lean:29:5: Variable name `hsourceMeasurable` is not explicitly referenced.

Hint: The binding can be removed (if unused) or named `_` (if used implicitly). Alternatively, prefix the name with `_` to silence this warning:
  [apply] _hsourceMeasurable

Note: This linter can be disabled with `set_option linter.unusedVariables false`
warning: Theorems/Thm_StickyKakeya4_conditioned_boundary_packet_mass.lean:31:32: Variable name `hrhoOne` is not explicitly referenced.

Hint: The binding can be removed (if unused) or named `_` (if used implicitly). Alternatively, prefix the name with `_` to silence this warning:
  [apply] _hrhoOne

Note: This linter can be disabled with `set_option linter.unusedVariables false`
warning: Theorems/Thm_StickyKakeya4_conditioned_boundary_packet_mass.lean:105:49: This simp argument is unused:
  hsourceMeasurable

Hint: Omit it from the simp argument list.
  [apply] simp [conditionedFinite, FiniteMeasure.mass]

Note: This linter can be disabled with `set_option linter.unusedSimpArgs false`
ℹ [9264/9512] Replayed Theorems.Thm_StickyKakeya4_original_three_dimensional_common_slice_radius
info: stdout:
FIFO compiler ticket: 01791105441033614905-9f8f1f650f3948f593e9bbba0bd005d8.request
FIFO compiler acquired UTC: 2026-10-04T09:24:47.704491+00:00


ℹ [9265/9512] Replayed Theorems.Thm_StickyKakeya4_original_three_dimensional_common_pair_radius
info: stdout:
FIFO compiler ticket: 01791106056249825519-9a57bc1233c24a45bc1680aa8b7ca75e.request
FIFO compiler acquired UTC: 2026-10-04T09:35:21.334498+00:00


ℹ [9266/9512] Replayed Theorems.Thm_StickyKakeya4_native_original_concentrated_pair_graph
info: stdout:
FIFO compiler ticket: 01791106648203817324-e6da5174d98f4ba5a28a23266cdb3064.request
FIFO compiler acquired UTC: 2026-10-04T09:52:20.640302+00:00


⚠ [9267/9512] Replayed Theorems.Thm_StickyKakeya4_quantitative_conditioned_boundary_packet_chain
warning: Theorems/Thm_StickyKakeya4_quantitative_conditioned_boundary_packet_chain.lean:39:5: Variable name `hepsilon` is not explicitly referenced.

Hint: The binding can be removed (if unused) or named `_` (if used implicitly). Alternatively, prefix the name with `_` to silence this warning:
  [apply] _hepsilon

Note: This linter can be disabled with `set_option linter.unusedVariables false`
warning: Theorems/Thm_StickyKakeya4_quantitative_conditioned_boundary_packet_chain.lean:39:30: Variable name `hepsilonFour` is not explicitly referenced.

Hint: The binding can be removed (if unused) or named `_` (if used implicitly). Alternatively, prefix the name with `_` to silence this warning:
  [apply] _hepsilonFour

Note: This linter can be disabled with `set_option linter.unusedVariables false`
warning: Theorems/Thm_StickyKakeya4_quantitative_conditioned_boundary_packet_chain.lean:122:5: Variable name `hepsilon` is not explicitly referenced.

Hint: The binding can be removed (if unused) or named `_` (if used implicitly). Alternatively, prefix the name with `_` to silence this warning:
  [apply] _hepsilon

Note: This linter can be disabled with `set_option linter.unusedVariables false`
warning: Theorems/Thm_StickyKakeya4_quantitative_conditioned_boundary_packet_chain.lean:122:30: Variable name `hepsilonFour` is not explicitly referenced.

Hint: The binding can be removed (if unused) or named `_` (if used implicitly). Alternatively, prefix the name with `_` to silence this warning:
  [apply] _hepsilonFour

Note: This linter can be disabled with `set_option linter.unusedVariables false`
⚠ [9274/9512] Replayed Theorems.Thm_StickyKakeya4_wz_common_slab_localization
warning: Theorems/Thm_StickyKakeya4_wz_common_slab_localization.lean:241:27: Used `tac1 <;> tac2` where `(tac1; tac2)` would suffice

Note: This linter can be disabled with `set_option linter.unnecessarySeqFocus false`
⚠ [9277/9512] Replayed Theorems.Thm_StickyKakeya4_hereditary_finite_scale_to_frostman
warning: Theorems/Thm_StickyKakeya4_hereditary_finite_scale_to_frostman.lean:10:5: Variable name `hmeasurable` is not explicitly referenced.

Hint: The binding can be removed (if unused) or named `_` (if used implicitly). Alternatively, prefix the name with `_` to silence this warning:
  [apply] _hmeasurable

Note: This linter can be disabled with `set_option linter.unusedVariables false`
warning: Theorems/Thm_StickyKakeya4_hereditary_finite_scale_to_frostman.lean:11:5: Variable name `hvalid` is not explicitly referenced.

Hint: The binding can be removed (if unused) or named `_` (if used implicitly). Alternatively, prefix the name with `_` to silence this warning:
  [apply] _hvalid

Note: This linter can be disabled with `set_option linter.unusedVariables false`
warning: Theorems/Thm_StickyKakeya4_hereditary_finite_scale_to_frostman.lean:12:5: Variable name `hselector` is not explicitly referenced.

Hint: The binding can be removed (if unused) or named `_` (if used implicitly). Alternatively, prefix the name with `_` to silence this warning:
  [apply] _hselector

Note: This linter can be disabled with `set_option linter.unusedVariables false`
warning: Theorems/Thm_StickyKakeya4_hereditary_finite_scale_to_frostman.lean:13:5: Variable name `hpacking` is not explicitly referenced.

Hint: The binding can be removed (if unused) or named `_` (if used implicitly). Alternatively, prefix the name with `_` to silence this warning:
  [apply] _hpacking

Note: This linter can be disabled with `set_option linter.unusedVariables false`
⚠ [9278/9512] Replayed Theorems.Thm_StickyKakeya4_cover_adapted_wang_zakharov_closure
warning: Theorems/Thm_StickyKakeya4_cover_adapted_wang_zakharov_closure.lean:24:5: Variable name `ambient` is not explicitly referenced.

Hint: The binding can be removed (if unused) or named `_` (if used implicitly). Alternatively, prefix the name with `_` to silence this warning:
  [apply] _ambient

Note: This linter can be disabled with `set_option linter.unusedVariables false`
warning: Theorems/Thm_StickyKakeya4_cover_adapted_wang_zakharov_closure.lean:24:13: Variable name `selector` is not explicitly referenced.

Hint: The binding can be removed (if unused) or named `_` (if used implicitly). Alternatively, prefix the name with `_` to silence this warning:
  [apply] _selector

Note: This linter can be disabled with `set_option linter.unusedVariables false`
warning: Theorems/Thm_StickyKakeya4_cover_adapted_wang_zakharov_closure.lean:541:37: Variable name `hAZero` is not explicitly referenced.

Hint: The binding can be removed (if unused) or named `_` (if used implicitly). Alternatively, prefix the name with `_` to silence this warning:
  [apply] _hAZero

Note: This linter can be disabled with `set_option linter.unusedVariables false`
warning: Theorems/Thm_StickyKakeya4_cover_adapted_wang_zakharov_closure.lean:585:4: Unused tactic linter: `change M * (2 * y).rpow d ≤ twoPower` does nothing

Note: This linter can be disabled with `set_option linter.unusedTactic false`
warning: Theorems/Thm_StickyKakeya4_cover_adapted_wang_zakharov_closure.lean:1159:2: Try this:
  letI̵

The goal is a proposition, so `let` is preferred over `letI`.
The difference between `let` and `letI` is that `letI` inlines the value.
But this is not relevant for proofs because of proof irrelevance.

Note: This linter can be disabled with `set_option linter.style.haveILetI false`
warning: Theorems/Thm_StickyKakeya4_cover_adapted_wang_zakharov_closure.lean:1244:4: try 'simp' instead of 'simpa'

Note: This linter can be disabled with `set_option linter.unnecessarySimpa false`
warning: Theorems/Thm_StickyKakeya4_cover_adapted_wang_zakharov_closure.lean:1223:49: This simp argument is unused:
  hseedMeasurable

Hint: Omit it from the simp argument list.
  [apply] simp [conditionedFinite, FiniteMeasure.mass]

Note: This linter can be disabled with `set_option linter.unusedSimpArgs false`
info: Theorems/Thm_StickyKakeya4_cover_adapted_wang_zakharov_closure.lean:1799:32: Try this:
  [apply] ring_nf

  The `ring` tactic failed to close the goal. Use `ring_nf` to obtain a normal form.

  Note that `ring` works primarily in *commutative* rings. If you have a noncommutative ring, abelian group or module, consider using `noncomm_ring`, `abel` or `module` instead.
info: Theorems/Thm_StickyKakeya4_cover_adapted_wang_zakharov_closure.lean:1809:35: Try this:
  [apply] ring_nf

  The `ring` tactic failed to close the goal. Use `ring_nf` to obtain a normal form.

  Note that `ring` works primarily in *commutative* rings. If you have a noncommutative ring, abelian group or module, consider using `noncomm_ring`, `abel` or `module` instead.
info: Theorems/Thm_StickyKakeya4_cover_adapted_wang_zakharov_closure.lean:1817:34: Try this:
  [apply] ring_nf

  The `ring` tactic failed to close the goal. Use `ring_nf` to obtain a normal form.

  Note that `ring` works primarily in *commutative* rings. If you have a noncommutative ring, abelian group or module, consider using `noncomm_ring`, `abel` or `module` instead.
warning: Theorems/Thm_StickyKakeya4_cover_adapted_wang_zakharov_closure.lean:1799:28: Used `tac1 <;> tac2` where `(tac1; tac2)` would suffice

Note: This linter can be disabled with `set_option linter.unnecessarySeqFocus false`
warning: Theorems/Thm_StickyKakeya4_cover_adapted_wang_zakharov_closure.lean:1809:31: Used `tac1 <;> tac2` where `(tac1; tac2)` would suffice

Note: This linter can be disabled with `set_option linter.unnecessarySeqFocus false`
warning: Theorems/Thm_StickyKakeya4_cover_adapted_wang_zakharov_closure.lean:1817:30: Used `tac1 <;> tac2` where `(tac1; tac2)` would suffice

Note: This linter can be disabled with `set_option linter.unnecessarySeqFocus false`
warning: Theorems/Thm_StickyKakeya4_cover_adapted_wang_zakharov_closure.lean:2579:37: `Set.mem_setOf_eq` has been deprecated: Use `Set.mem_ofPred_eq` instead
warning: Theorems/Thm_StickyKakeya4_cover_adapted_wang_zakharov_closure.lean:2580:4: This simp argument is unused:
  Prod.fst

Hint: Omit it from the simp argument list.
  [apply] simp only [differenceIncidenceSet, mem_setOf_eq, mem_preimage, mem_prod, Prod.snd]

Note: This linter can be disabled with `set_option linter.unusedSimpArgs false`
warning: Theorems/Thm_StickyKakeya4_cover_adapted_wang_zakharov_closure.lean:2580:14: This simp argument is unused:
  Prod.snd

Hint: Omit it from the simp argument list.
  [apply] simp only [differenceIncidenceSet, mem_setOf_eq, mem_preimage, mem_prod, Prod.fst]

Note: This linter can be disabled with `set_option linter.unusedSimpArgs false`
warning: Theorems/Thm_StickyKakeya4_cover_adapted_wang_zakharov_closure.lean:2933:6: try 'simp' instead of 'simpa'

Note: This linter can be disabled with `set_option linter.unnecessarySimpa false`
info: Theorems/Thm_StickyKakeya4_cover_adapted_wang_zakharov_closure.lean:3215:24: Try this:
  [apply] ring_nf

  The `ring` tactic failed to close the goal. Use `ring_nf` to obtain a normal form.

  Note that `ring` works primarily in *commutative* rings. If you have a noncommutative ring, abelian group or module, consider using `noncomm_ring`, `abel` or `module` instead.
warning: Theorems/Thm_StickyKakeya4_cover_adapted_wang_zakharov_closure.lean:3215:20: Used `tac1 <;> tac2` where `(tac1; tac2)` would suffice

Note: This linter can be disabled with `set_option linter.unnecessarySeqFocus false`
info: Theorems/Thm_StickyKakeya4_cover_adapted_wang_zakharov_closure.lean:3510:60: Try this:
  [apply] ring_nf

  The `ring` tactic failed to close the goal. Use `ring_nf` to obtain a normal form.

  Note that `ring` works primarily in *commutative* rings. If you have a noncommutative ring, abelian group or module, consider using `noncomm_ring`, `abel` or `module` instead.
warning: Theorems/Thm_StickyKakeya4_cover_adapted_wang_zakharov_closure.lean:3510:56: Used `tac1 <;> tac2` where `(tac1; tac2)` would suffice

Note: This linter can be disabled with `set_option linter.unnecessarySeqFocus false`
⚠ [9289/9512] Replayed Theorems.Thm_StickyKakeya4_normalized_collision_relation_packet
warning: Theorems/Thm_StickyKakeya4_normalized_collision_relation_packet.lean:16:4: try 'simp' instead of 'simpa'

Note: This linter can be disabled with `set_option linter.unnecessarySimpa false`
warning: Theorems/Thm_StickyKakeya4_normalized_collision_relation_packet.lean:25:4: try 'simp' instead of 'simpa'

Note: This linter can be disabled with `set_option linter.unnecessarySimpa false`
⚠ [9292/9512] Replayed Theorems.Thm_StickyKakeya4_time_averaged_bush
warning: Theorems/Thm_StickyKakeya4_time_averaged_bush.lean:61:20: Used `tac1 <;> tac2` where `(tac1; tac2)` would suffice

Note: This linter can be disabled with `set_option linter.unnecessarySeqFocus false`
warning: Theorems/Thm_StickyKakeya4_time_averaged_bush.lean:61:32: Used `tac1 <;> tac2` where `(tac1; tac2)` would suffice

Note: This linter can be disabled with `set_option linter.unnecessarySeqFocus false`
warning: Theorems/Thm_StickyKakeya4_time_averaged_bush.lean:110:2: Try this:
  letI̵

The goal is a proposition, so `let` is preferred over `letI`.
The difference between `let` and `letI` is that `letI` inlines the value.
But this is not relevant for proofs because of proof irrelevance.

Note: This linter can be disabled with `set_option linter.style.haveILetI false`
warning: Theorems/Thm_StickyKakeya4_time_averaged_bush.lean:164:2: Try this:
  letI̵

The goal is a proposition, so `let` is preferred over `letI`.
The difference between `let` and `letI` is that `letI` inlines the value.
But this is not relevant for proofs because of proof irrelevance.

Note: This linter can be disabled with `set_option linter.style.haveILetI false`
warning: Theorems/Thm_StickyKakeya4_time_averaged_bush.lean:209:2: Try this:
  letI̵

The goal is a proposition, so `let` is preferred over `letI`.
The difference between `let` and `letI` is that `letI` inlines the value.
But this is not relevant for proofs because of proof irrelevance.

Note: This linter can be disabled with `set_option linter.style.haveILetI false`
⚠ [9294/9512] Replayed Theorems.Thm_StickyKakeya4_countable_mass_stopping_prefix
warning: Theorems/Thm_StickyKakeya4_countable_mass_stopping_prefix.lean:112:10: This simp argument is unused:
  previous

Hint: Omit it from the simp argument list.
  [apply] simp only [countableStoppingRemainder, countableStoppingRemainderSet, current, i, hlarge, if_pos]

Note: This linter can be disabled with `set_option linter.unusedSimpArgs false`
warning: Theorems/Thm_StickyKakeya4_countable_mass_stopping_prefix.lean:115:10: This simp argument is unused:
  previous

Hint: Omit it from the simp argument list.
  [apply] simp only [countableStoppingRemainder, countableStoppingRemainderSet, current, i, hlarge, if_neg]

Note: This linter can be disabled with `set_option linter.unusedSimpArgs false`
warning: Theorems/Thm_StickyKakeya4_countable_mass_stopping_prefix.lean:115:40: This simp argument is unused:
  if_neg

Hint: Omit it from the simp argument list.
  [apply] simp only [countableStoppingRemainder, countableStoppingRemainderSet, previous, current, i, hlarge]

Note: This linter can be disabled with `set_option linter.unusedSimpArgs false`
warning: Theorems/Thm_StickyKakeya4_countable_mass_stopping_prefix.lean:127:4: try 'simp' instead of 'simpa'

Note: This linter can be disabled with `set_option linter.unnecessarySimpa false`
warning: Theorems/Thm_StickyKakeya4_countable_mass_stopping_prefix.lean:328:6: try 'simp' instead of 'simpa'

Note: This linter can be disabled with `set_option linter.unnecessarySimpa false`
⚠ [9295/9512] Replayed Theorems.Thm_StickyKakeya4_countable_ball_stopping
warning: Theorems/Thm_StickyKakeya4_countable_ball_stopping.lean:42:4: try 'simp' instead of 'simpa'

Note: This linter can be disabled with `set_option linter.unnecessarySimpa false`
⚠ [9296/9512] Replayed Theorems.Thm_StickyKakeya4_countable_ball_normalized_escape
warning: Theorems/Thm_StickyKakeya4_countable_ball_normalized_escape.lean:23:19: Variable name `hCtop` is not explicitly referenced.

Hint: The binding can be removed (if unused) or named `_` (if used implicitly). Alternatively, prefix the name with `_` to silence this warning:
  [apply] _hCtop

Note: This linter can be disabled with `set_option linter.unusedVariables false`
warning: Theorems/Thm_StickyKakeya4_countable_ball_normalized_escape.lean:26:8: Variable name `limit` is not explicitly referenced.

Hint: The binding can be removed (if unused) or named `_` (if used implicitly). Alternatively, prefix the name with `_` to silence this warning:
  [apply] _limit

Note: This linter can be disabled with `set_option linter.unusedVariables false`
warning: Theorems/Thm_StickyKakeya4_countable_ball_normalized_escape.lean:89:6: Unused tactic linter: `change (↑m.mass⁻¹ : ENNReal) * (↑m.mass : ENNReal) = 1` does nothing

Note: This linter can be disabled with `set_option linter.unusedTactic false`
ℹ [9297/9512] Replayed Theorems.Thm_StickyKakeya4_native_cover_ad_representatives
info: stdout:
FIFO compiler ticket: 01791102613066889804-fff313c301fa459fac2d746f60b00acd.request
FIFO compiler acquired UTC: 2026-10-04T08:32:01.117182+00:00


ℹ [9298/9512] Replayed Theorems.Thm_StickyKakeya4_original_representative_grid_comparison
info: stdout:
FIFO compiler ticket: 01791105350106833419-c04e135c0b9543b29152e91aa708e395.request
FIFO compiler acquired UTC: 2026-10-04T09:15:55.524959+00:00


ℹ [9299/9512] Replayed Theorems.Thm_StickyKakeya4_original_literal_grain_profiles
info: stdout:
FIFO compiler ticket: 01791105393621511875-3315ca1d7bc342f58e390510cf4694cc.request
FIFO compiler acquired UTC: 2026-10-04T09:20:59.954911+00:00


ℹ [9300/9512] Replayed Theorems.Thm_StickyKakeya4_original_three_dimensional_near_stem_shade
info: stdout:
FIFO compiler ticket: 01791105546414069780-547a0c020de342568fc0ac28595cd5dd.request
FIFO compiler acquired UTC: 2026-10-04T09:29:55.321274+00:00


ℹ [9301/9512] Replayed Theorems.Thm_StickyKakeya4_original_three_dimensional_localized_energy
info: stdout:
FIFO compiler ticket: 01791105350115658775-e35d1c335d9b414298d70d2bc0e25c5d.request
FIFO compiler acquired UTC: 2026-10-04T09:16:33.413002+00:00


ℹ [9302/9512] Replayed Theorems.Thm_StickyKakeya4_original_three_dimensional_group_source_mass
info: stdout:
FIFO compiler ticket: 01791106840606726185-01ca0c5ee54a452295700f0efe132bf2.request
FIFO compiler acquired UTC: 2026-10-04T09:55:41.209155+00:00


ℹ [9303/9512] Replayed Theorems.Thm_StickyKakeya4_original_three_dimensional_shaded_brush_slab
info: stdout:
FIFO compiler ticket: 01791107840621173818-c98e352f17b94a98aef0346b042c0699.request
FIFO compiler acquired UTC: 2026-10-04T10:04:56.201269+00:00


ℹ [9305/9512] Replayed Theorems.Thm_StickyKakeya4_original_three_dimensional_literal_slab_cover
info: stdout:
FIFO compiler ticket: 01791108986329977050-2b49ac80ba4d4c81b5a4ac6270f89bd4.request
FIFO compiler acquired UTC: 2026-10-04T10:16:26.330350+00:00


⚠ [9314/9512] Replayed Theorems.Thm_StickyKakeya4_quantitative_bush_cover
warning: Theorems/Thm_StickyKakeya4_quantitative_bush_cover.lean:42:2: Try this:
  letI̵

The goal is a proposition, so `let` is preferred over `letI`.
The difference between `let` and `letI` is that `letI` inlines the value.
But this is not relevant for proofs because of proof irrelevance.

Note: This linter can be disabled with `set_option linter.style.haveILetI false`
warning: Theorems/Thm_StickyKakeya4_quantitative_bush_cover.lean:91:15: `Set.mem_setOf_eq` has been deprecated: Use `Set.mem_ofPred_eq` instead
warning: Theorems/Thm_StickyKakeya4_quantitative_bush_cover.lean:91:66: This simp argument is unused:
  Set.mem_univ

Hint: Omit it from the simp argument list.
  [apply] simp only [Set.mem_setOf_eq, Set.mem_compl_iff, Set.mem_prod, and_true]

Note: This linter can be disabled with `set_option linter.unusedSimpArgs false`
warning: Theorems/Thm_StickyKakeya4_quantitative_bush_cover.lean:91:80: This simp argument is unused:
  and_true

Hint: Omit it from the simp argument list.
  [apply] simp only [Set.mem_setOf_eq, Set.mem_compl_iff, Set.mem_prod, Set.mem_univ]

Note: This linter can be disabled with `set_option linter.unusedSimpArgs false`
warning: Theorems/Thm_StickyKakeya4_quantitative_bush_cover.lean:130:2: Try this:
  letI̵

The goal is a proposition, so `let` is preferred over `letI`.
The difference between `let` and `letI` is that `letI` inlines the value.
But this is not relevant for proofs because of proof irrelevance.

Note: This linter can be disabled with `set_option linter.style.haveILetI false`
warning: Theorems/Thm_StickyKakeya4_quantitative_bush_cover.lean:178:2: Try this:
  letI̵

The goal is a proposition, so `let` is preferred over `letI`.
The difference between `let` and `letI` is that `letI` inlines the value.
But this is not relevant for proofs because of proof irrelevance.

Note: This linter can be disabled with `set_option linter.style.haveILetI false`
warning: Theorems/Thm_StickyKakeya4_quantitative_bush_cover.lean:223:15: `Set.mem_setOf_eq` has been deprecated: Use `Set.mem_ofPred_eq` instead
warning: Theorems/Thm_StickyKakeya4_quantitative_bush_cover.lean:223:15: This simp argument is unused:
  Set.mem_setOf_eq

Hint: Omit it from the simp argument list.
  [apply] simp only [Set.mem_compl_iff, Set.mem_prod, Set.mem_univ, and_true]

Note: This linter can be disabled with `set_option linter.unusedSimpArgs false`
warning: Theorems/Thm_StickyKakeya4_quantitative_bush_cover.lean:253:2: Try this:
  letI̵

The goal is a proposition, so `let` is preferred over `letI`.
The difference between `let` and `letI` is that `letI` inlines the value.
But this is not relevant for proofs because of proof irrelevance.

Note: This linter can be disabled with `set_option linter.style.haveILetI false`
⚠ [9319/9512] Replayed Theorems.Thm_StickyKakeya4_source_point_three_packet_routing
warning: Theorems/Thm_StickyKakeya4_source_point_three_packet_routing.lean:132:2: Try this:
  letI̵

The goal is a proposition, so `let` is preferred over `letI`.
The difference between `let` and `letI` is that `letI` inlines the value.
But this is not relevant for proofs because of proof irrelevance.

Note: This linter can be disabled with `set_option linter.style.haveILetI false`
⚠ [9323/9512] Replayed Theorems.Thm_StickyKakeya4_front_countable_stopping_dichotomy
warning: Theorems/Thm_StickyKakeya4_front_countable_stopping_dichotomy.lean:60:2: Try this:
  letI̵

The goal is a proposition, so `let` is preferred over `letI`.
The difference between `let` and `letI` is that `letI` inlines the value.
But this is not relevant for proofs because of proof irrelevance.

Note: This linter can be disabled with `set_option linter.style.haveILetI false`
warning: Theorems/Thm_StickyKakeya4_front_countable_stopping_dichotomy.lean:63:2: Try this:
  letI̵

The goal is a proposition, so `let` is preferred over `letI`.
The difference between `let` and `letI` is that `letI` inlines the value.
But this is not relevant for proofs because of proof irrelevance.

Note: This linter can be disabled with `set_option linter.style.haveILetI false`
⚠ [9327/9512] Replayed Theorems.Thm_StickyKakeya4_quantitative_bush_resolution
warning: Theorems/Thm_StickyKakeya4_quantitative_bush_resolution.lean:34:2: Try this:
  letI̵

The goal is a proposition, so `let` is preferred over `letI`.
The difference between `let` and `letI` is that `letI` inlines the value.
But this is not relevant for proofs because of proof irrelevance.

Note: This linter can be disabled with `set_option linter.style.haveILetI false`
warning: Theorems/Thm_StickyKakeya4_quantitative_bush_resolution.lean:136:2: Try this:
  letI̵

The goal is a proposition, so `let` is preferred over `letI`.
The difference between `let` and `letI` is that `letI` inlines the value.
But this is not relevant for proofs because of proof irrelevance.

Note: This linter can be disabled with `set_option linter.style.haveILetI false`
⚠ [9330/9512] Replayed Theorems.Ext_BrunnMinkowski
warning: Theorems/Ext_BrunnMinkowski.lean:160:2: `push_neg` has been deprecated. Prefer using `push Not` instead.
If you'd rather continue using `push_neg` in your project, you can implement it as follows:
```
open Lean.Parser.Tactic in
macro "push_neg" cfg:optConfig loc:(location)? : tactic =>
  `(tactic| push $cfg:optConfig Not $[$loc]?)
```
warning: Theorems/Ext_BrunnMinkowski.lean:250:2: Try this:
  haveI̵

The goal is a proposition, so `have` is preferred over `haveI`.
The difference between `have` and `haveI` is that `haveI` inlines the value.
But this is not relevant for proofs because of proof irrelevance.

Note: This linter can be disabled with `set_option linter.style.haveILetI false`
warning: Theorems/Ext_BrunnMinkowski.lean:252:2: Try this:
  haveI̵

The goal is a proposition, so `have` is preferred over `haveI`.
The difference between `have` and `haveI` is that `haveI` inlines the value.
But this is not relevant for proofs because of proof irrelevance.

Note: This linter can be disabled with `set_option linter.style.haveILetI false`
warning: Theorems/Ext_BrunnMinkowski.lean:359:26: `Set.mem_setOf_eq` has been deprecated: Use `Set.mem_ofPred_eq` instead
warning: Theorems/Ext_BrunnMinkowski.lean:366:26: `Set.mem_setOf_eq` has been deprecated: Use `Set.mem_ofPred_eq` instead
warning: Theorems/Ext_BrunnMinkowski.lean:569:4: Try this:
  haveI̵

The goal is a proposition, so `have` is preferred over `haveI`.
The difference between `have` and `haveI` is that `haveI` inlines the value.
But this is not relevant for proofs because of proof irrelevance.

Note: This linter can be disabled with `set_option linter.style.haveILetI false`
⚠ [9337/9512] Replayed Solutions.Sol_StickyKakeya4_lossless_edge_flow_carleson
warning: Solutions/Sol_StickyKakeya4_lossless_edge_flow_carleson.lean:24:4: try 'simp' instead of 'simpa'

Note: This linter can be disabled with `set_option linter.unnecessarySimpa false`
warning: Solutions/Sol_StickyKakeya4_lossless_edge_flow_carleson.lean:60:18: try 'simp' instead of 'simpa'

Note: This linter can be disabled with `set_option linter.unnecessarySimpa false`
warning: Solutions/Sol_StickyKakeya4_lossless_edge_flow_carleson.lean:64:37: try 'simp' instead of 'simpa'

Note: This linter can be disabled with `set_option linter.unnecessarySimpa false`
warning: Solutions/Sol_StickyKakeya4_lossless_edge_flow_carleson.lean:99:56: try 'simp' instead of 'simpa'

Note: This linter can be disabled with `set_option linter.unnecessarySimpa false`
warning: Solutions/Sol_StickyKakeya4_lossless_edge_flow_carleson.lean:85:20: This simp argument is unused:
  hp

Hint: Omit it from the simp argument list.
  [apply] simp

Note: This linter can be disabled with `set_option linter.unusedSimpArgs false`
warning: Solutions/Sol_StickyKakeya4_lossless_edge_flow_carleson.lean:86:22: This simp argument is unused:
  hp

Hint: Omit it from the simp argument list.
  [apply] simp

Note: This linter can be disabled with `set_option linter.unusedSimpArgs false`
warning: Solutions/Sol_StickyKakeya4_lossless_edge_flow_carleson.lean:94:40: This simp argument is unused:
  hp

Hint: Omit it from the simp argument list.
  [apply] simp

Note: This linter can be disabled with `set_option linter.unusedSimpArgs false`
⚠ [9339/9512] Replayed Solutions.Sol_StickyKakeya4_hereditary_finite_scale_to_frostman
warning: Solutions/Sol_StickyKakeya4_hereditary_finite_scale_to_frostman.lean:9:5: Variable name `hmeasurable` is not explicitly referenced.

Hint: The binding can be removed (if unused) or named `_` (if used implicitly). Alternatively, prefix the name with `_` to silence this warning:
  [apply] _hmeasurable

Note: This linter can be disabled with `set_option linter.unusedVariables false`
warning: Solutions/Sol_StickyKakeya4_hereditary_finite_scale_to_frostman.lean:10:5: Variable name `hvalid` is not explicitly referenced.

Hint: The binding can be removed (if unused) or named `_` (if used implicitly). Alternatively, prefix the name with `_` to silence this warning:
  [apply] _hvalid

Note: This linter can be disabled with `set_option linter.unusedVariables false`
warning: Solutions/Sol_StickyKakeya4_hereditary_finite_scale_to_frostman.lean:11:5: Variable name `hselector` is not explicitly referenced.

Hint: The binding can be removed (if unused) or named `_` (if used implicitly). Alternatively, prefix the name with `_` to silence this warning:
  [apply] _hselector

Note: This linter can be disabled with `set_option linter.unusedVariables false`
warning: Solutions/Sol_StickyKakeya4_hereditary_finite_scale_to_frostman.lean:12:5: Variable name `hpacking` is not explicitly referenced.

Hint: The binding can be removed (if unused) or named `_` (if used implicitly). Alternatively, prefix the name with `_` to silence this warning:
  [apply] _hpacking

Note: This linter can be disabled with `set_option linter.unusedVariables false`
⚠ [9340/9512] Replayed Theorems.Thm_StickyKakeya4_vector_center_carleson
warning: Theorems/Thm_StickyKakeya4_vector_center_carleson.lean:69:5: Variable name `hR` is not explicitly referenced.

Hint: The binding can be removed (if unused) or named `_` (if used implicitly). Alternatively, prefix the name with `_` to silence this warning:
  [apply] _hR

Note: This linter can be disabled with `set_option linter.unusedVariables false`
warning: Theorems/Thm_StickyKakeya4_vector_center_carleson.lean:537:5: Variable name `hR` is not explicitly referenced.

Hint: The binding can be removed (if unused) or named `_` (if used implicitly). Alternatively, prefix the name with `_` to silence this warning:
  [apply] _hR

Note: This linter can be disabled with `set_option linter.unusedVariables false`
warning: Theorems/Thm_StickyKakeya4_vector_center_carleson.lean:890:18: Variable name `hR` is not explicitly referenced.

Hint: The binding can be removed (if unused) or named `_` (if used implicitly). Alternatively, prefix the name with `_` to silence this warning:
  [apply] _hR

Note: This linter can be disabled with `set_option linter.unusedVariables false`
warning: Theorems/Thm_StickyKakeya4_vector_center_carleson.lean:891:24: Variable name `hzetaThree` is not explicitly referenced.

Hint: The binding can be removed (if unused) or named `_` (if used implicitly). Alternatively, prefix the name with `_` to silence this warning:
  [apply] _hzetaThree

Note: This linter can be disabled with `set_option linter.unusedVariables false`
⚠ [9341/9512] Replayed Theorems.Thm_StickyKakeya4_actual_slope_source
warning: Theorems/Thm_StickyKakeya4_actual_slope_source.lean:67:34: `EuclideanSpace.single_apply` has been deprecated: Use `PiLp.single_apply` instead

Note: The updated constant has a different type:
  ∀ (p : ℝ≥0∞) (𝕜 : Type u_1) {ι : Type u_2} [inst : DecidableEq ι] [inst_1 : Zero 𝕜] (i : ι) (a : 𝕜) (j : ι),
    (PiLp.single p i a).ofLp j = if j = i then a else 0
instead of
  ∀ {ι : Type u_1} {𝕜 : Type u_3} [inst : RCLike 𝕜] [inst_1 : DecidableEq ι] (i : ι) (a : 𝕜) (j : ι),
    (EuclideanSpace.single i a).ofLp j = if j = i then a else 0

Note: The updated constant is in a different namespace. Dot notation may need to be changed (e.g., from `x.single_apply` to `PiLp.single_apply x`).
warning: Theorems/Thm_StickyKakeya4_actual_slope_source.lean:206:69: Used `tac1 <;> tac2` where `(tac1; tac2)` would suffice

Note: This linter can be disabled with `set_option linter.unnecessarySeqFocus false`
ℹ [9344/9512] Replayed Theorems.Thm_StickyKakeya4_native_unit_parent_normalization
info: stdout:
FIFO compiler ticket: 01791102615958528891-de520bfd94e24bbe8379ff5829b250a7.request
FIFO compiler acquired UTC: 2026-10-04T08:32:16.089005+00:00


⚠ [9368/9512] Replayed Theorems.Thm_StickyKakeya4_positive_bush_frostman
warning: Theorems/Thm_StickyKakeya4_positive_bush_frostman.lean:212:49: Used `tac1 <;> tac2` where `(tac1; tac2)` would suffice

Note: This linter can be disabled with `set_option linter.unnecessarySeqFocus false`
warning: Theorems/Thm_StickyKakeya4_positive_bush_frostman.lean:389:2: `push_neg` has been deprecated. Prefer using `push Not` instead.
If you'd rather continue using `push_neg` in your project, you can implement it as follows:
```
open Lean.Parser.Tactic in
macro "push_neg" cfg:optConfig loc:(location)? : tactic =>
  `(tactic| push $cfg:optConfig Not $[$loc]?)
```
ℹ [9373/9512] Replayed Theorems.Thm_StickyKakeya4_original_weighted_macro_selection
info: stdout:
FIFO compiler ticket: 01791105355698110345-fe338d65916e43eca0bc92ee739d9823.request
FIFO compiler acquired UTC: 2026-10-04T09:18:23.546165+00:00


⚠ [9374/9512] Replayed Theorems.Thm_StickyKakeya4_measured_conditioned_boundary_packet
warning: Theorems/Thm_StickyKakeya4_measured_conditioned_boundary_packet.lean:57:5: Variable name `hepsilon` is not explicitly referenced.

Hint: The binding can be removed (if unused) or named `_` (if used implicitly). Alternatively, prefix the name with `_` to silence this warning:
  [apply] _hepsilon

Note: This linter can be disabled with `set_option linter.unusedVariables false`
warning: Theorems/Thm_StickyKakeya4_measured_conditioned_boundary_packet.lean:57:30: Variable name `hepsilonFour` is not explicitly referenced.

Hint: The binding can be removed (if unused) or named `_` (if used implicitly). Alternatively, prefix the name with `_` to silence this warning:
  [apply] _hepsilonFour

Note: This linter can be disabled with `set_option linter.unusedVariables false`
warning: Theorems/Thm_StickyKakeya4_measured_conditioned_boundary_packet.lean:224:48: Used `tac1 <;> tac2` where `(tac1; tac2)` would suffice

Note: This linter can be disabled with `set_option linter.unnecessarySeqFocus false`
⚠ [9375/9512] Replayed Theorems.Thm_StickyKakeya4_quantitative_north_return_firewall
warning: Theorems/Thm_StickyKakeya4_quantitative_north_return_firewall.lean:187:16: Used `tac1 <;> tac2` where `(tac1; tac2)` would suffice

Note: This linter can be disabled with `set_option linter.unnecessarySeqFocus false`
⚠ [9376/9512] Replayed Theorems.Thm_StickyKakeya4_quantitative_return_budget
warning: Theorems/Thm_StickyKakeya4_quantitative_return_budget.lean:201:16: Used `tac1 <;> tac2` where `(tac1; tac2)` would suffice

Note: This linter can be disabled with `set_option linter.unnecessarySeqFocus false`
⚠ [9377/9512] Replayed Theorems.Thm_StickyKakeya4_law_level_return_budget
warning: Theorems/Thm_StickyKakeya4_law_level_return_budget.lean:18:2: Try this:
  letI̵

The goal is a proposition, so `let` is preferred over `letI`.
The difference between `let` and `letI` is that `letI` inlines the value.
But this is not relevant for proofs because of proof irrelevance.

Note: This linter can be disabled with `set_option linter.style.haveILetI false`
warning: Theorems/Thm_StickyKakeya4_law_level_return_budget.lean:28:2: Try `simp at hunivZero` instead of `simpa using hunivZero`

Note: This linter can be disabled with `set_option linter.unnecessarySimpa false`
warning: Theorems/Thm_StickyKakeya4_law_level_return_budget.lean:58:2: Try this:
  letI̵

The goal is a proposition, so `let` is preferred over `letI`.
The difference between `let` and `letI` is that `letI` inlines the value.
But this is not relevant for proofs because of proof irrelevance.

Note: This linter can be disabled with `set_option linter.style.haveILetI false`
warning: Theorems/Thm_StickyKakeya4_law_level_return_budget.lean:174:16: Used `tac1 <;> tac2` where `(tac1; tac2)` would suffice

Note: This linter can be disabled with `set_option linter.unnecessarySeqFocus false`
warning: Theorems/Thm_StickyKakeya4_law_level_return_budget.lean:246:2: Try this:
  letI̵

The goal is a proposition, so `let` is preferred over `letI`.
The difference between `let` and `letI` is that `letI` inlines the value.
But this is not relevant for proofs because of proof irrelevance.

Note: This linter can be disabled with `set_option linter.style.haveILetI false`
⚠ [9378/9512] Replayed Theorems.Thm_StickyKakeya4_packing_selector_to_finite_scale_sources
warning: Theorems/Thm_StickyKakeya4_packing_selector_to_finite_scale_sources.lean:170:4: Try this:
  letI̵

The goal is a proposition, so `let` is preferred over `letI`.
The difference between `let` and `letI` is that `letI` inlines the value.
But this is not relevant for proofs because of proof irrelevance.

Note: This linter can be disabled with `set_option linter.style.haveILetI false`
warning: Theorems/Thm_StickyKakeya4_packing_selector_to_finite_scale_sources.lean:337:4: Try this:
  letI̵

The goal is a proposition, so `let` is preferred over `letI`.
The difference between `let` and `letI` is that `letI` inlines the value.
But this is not relevant for proofs because of proof irrelevance.

Note: This linter can be disabled with `set_option linter.style.haveILetI false`
⚠ [9379/9512] Replayed Theorems.Thm_StickyKakeya4_coherent_boundary_source_collision
warning: Theorems/Thm_StickyKakeya4_coherent_boundary_source_collision.lean:244:15: Variable name `heta0` is not explicitly referenced.

Hint: The binding can be removed (if unused) or named `_` (if used implicitly). Alternatively, prefix the name with `_` to silence this warning:
  [apply] _heta0

Note: This linter can be disabled with `set_option linter.unusedVariables false`
warning: Theorems/Thm_StickyKakeya4_coherent_boundary_source_collision.lean:803:35: Used `tac1 <;> tac2` where `(tac1; tac2)` would suffice

Note: This linter can be disabled with `set_option linter.unnecessarySeqFocus false`
warning: Theorems/Thm_StickyKakeya4_coherent_boundary_source_collision.lean:804:35: Used `tac1 <;> tac2` where `(tac1; tac2)` would suffice

Note: This linter can be disabled with `set_option linter.unnecessarySeqFocus false`
ℹ [9385/9512] Replayed Theorems.Thm_StickyKakeya4_original_macro_slice_cell_count
info: stdout:
FIFO compiler ticket: 01791105767331397956-589fdc0761564bd9b5379d589003c775.request
FIFO compiler acquired UTC: 2026-10-04T09:31:44.701692+00:00


ℹ [9386/9512] Replayed Theorems.Thm_StickyKakeya4_original_macro_grain_readback
info: stdout:
FIFO compiler ticket: 01791106399402395489-a81c40c50d55491babc2a8b2700dfca4.request
FIFO compiler acquired UTC: 2026-10-04T09:45:49.414951+00:00


⚠ [9387/9512] Replayed Theorems.Thm_StickyKakeya4_vector_bush_frostman
warning: Theorems/Thm_StickyKakeya4_vector_bush_frostman.lean:32:26: Used `tac1 <;> tac2` where `(tac1; tac2)` would suffice

Note: This linter can be disabled with `set_option linter.unnecessarySeqFocus false`
warning: Theorems/Thm_StickyKakeya4_vector_bush_frostman.lean:32:38: Used `tac1 <;> tac2` where `(tac1; tac2)` would suffice

Note: This linter can be disabled with `set_option linter.unnecessarySeqFocus false`
warning: Theorems/Thm_StickyKakeya4_vector_bush_frostman.lean:255:4: Try this:
  letI̵

The goal is a proposition, so `let` is preferred over `letI`.
The difference between `let` and `letI` is that `letI` inlines the value.
But this is not relevant for proofs because of proof irrelevance.

Note: This linter can be disabled with `set_option linter.style.haveILetI false`
ℹ [9388/9512] Replayed Theorems.Thm_StickyKakeya4_original_three_dimensional_source_hairbrush_slab
info: stdout:
FIFO compiler ticket: 01791108986351727227-f6b30d92ba404059bdc92acf97a70d49.request
FIFO compiler acquired UTC: 2026-10-04T10:17:13.343526+00:00


⚠ [9390/9512] Replayed Theorems.Thm_StickyKakeya4_retained_cell_return_firewall
warning: Theorems/Thm_StickyKakeya4_retained_cell_return_firewall.lean:400:50: Used `tac1 <;> tac2` where `(tac1; tac2)` would suffice

Note: This linter can be disabled with `set_option linter.unnecessarySeqFocus false`
warning: Theorems/Thm_StickyKakeya4_retained_cell_return_firewall.lean:605:50: Used `tac1 <;> tac2` where `(tac1; tac2)` would suffice

Note: This linter can be disabled with `set_option linter.unnecessarySeqFocus false`
⚠ [9394/9512] Replayed Theorems.Thm_StickyKakeya4_packing_piece_return_budget
warning: Theorems/Thm_StickyKakeya4_packing_piece_return_budget.lean:100:2: Try this:
  letI̵

The goal is a proposition, so `let` is preferred over `letI`.
The difference between `let` and `letI` is that `letI` inlines the value.
But this is not relevant for proofs because of proof irrelevance.

Note: This linter can be disabled with `set_option linter.style.haveILetI false`
warning: Theorems/Thm_StickyKakeya4_packing_piece_return_budget.lean:101:2: Try `simp at hunivZero` instead of `simpa using hunivZero`

Note: This linter can be disabled with `set_option linter.unnecessarySimpa false`
warning: Theorems/Thm_StickyKakeya4_packing_piece_return_budget.lean:271:16: Used `tac1 <;> tac2` where `(tac1; tac2)` would suffice

Note: This linter can be disabled with `set_option linter.unnecessarySeqFocus false`
ℹ [9399/9512] Built Theorems.Thm_StickyKakeya4_original_polynomial_elimination (3.1s)
info: stdout:
FIFO compiler ticket: 01791110880352516742-fe1d8107bb4240a4a4c93421e594b516.request
FIFO compiler acquired UTC: 2026-10-04T10:48:00.352936+00:00


ℹ [9400/9512] Replayed Theorems.Thm_StickyKakeya4_native_coarse_original_incidences
info: stdout:
FIFO compiler ticket: 01791102618357806446-c314be00ac2844ebbc69de9c38219291.request
FIFO compiler acquired UTC: 2026-10-04T08:33:00.573769+00:00


ℹ [9404/9512] Replayed Theorems.Thm_StickyKakeya4_original_literal_macro_density
info: stdout:
FIFO compiler ticket: 01791107281415137897-3851fd35e1264c1c80ed63555003466e.request
FIFO compiler acquired UTC: 2026-10-04T09:58:01.862570+00:00


⚠ [9407/9512] Replayed Theorems.Thm_StickyKakeya4_vector_bush_escape
warning: Theorems/Thm_StickyKakeya4_vector_bush_escape.lean:79:2: Try this:
  letI̵

The goal is a proposition, so `let` is preferred over `letI`.
The difference between `let` and `letI` is that `letI` inlines the value.
But this is not relevant for proofs because of proof irrelevance.

Note: This linter can be disabled with `set_option linter.style.haveILetI false`
warning: Theorems/Thm_StickyKakeya4_vector_bush_escape.lean:97:19: Variable name `hR1` is not explicitly referenced.

Hint: The binding can be removed (if unused) or named `_` (if used implicitly). Alternatively, prefix the name with `_` to silence this warning:
  [apply] _hR1

Note: This linter can be disabled with `set_option linter.unusedVariables false`
ℹ [9409/9512] Replayed Theorems.Thm_StickyKakeya4_native_unit_parent_directions
info: stdout:
FIFO compiler ticket: 01791102859082097158-d6c06463779d4e6387489e9f0afc4daf.request
FIFO compiler acquired UTC: 2026-10-04T08:42:09.167199+00:00


ℹ [9410/9512] Replayed Theorems.Thm_StickyKakeya4_native_unit_parent_dyadic
info: stdout:
FIFO compiler ticket: 01791102963689940373-997ce21dd4d34885a3c395f924247a22.request
FIFO compiler acquired UTC: 2026-10-04T08:43:59.336088+00:00


ℹ [9413/9512] Built Theorems.Thm_StickyKakeya4_original_polynomial_slab (3.3s)
info: stdout:
FIFO compiler ticket: 01791110880375590221-b02ff6da43824a378d1588a8bf5eef5c.request
FIFO compiler acquired UTC: 2026-10-04T10:48:00.376106+00:00


ℹ [9416/9512] Replayed Theorems.Thm_StickyKakeya4_native_unit_parent_volume
info: stdout:
FIFO compiler ticket: 01791102882311119933-88893092dbd44a52a3633a5fbd29c4e3.request
FIFO compiler acquired UTC: 2026-10-04T08:43:13.149962+00:00


ℹ [9420/9512] Replayed Theorems.Thm_StickyKakeya4_native_contracted_unit_parent
info: stdout:
FIFO compiler ticket: 01791105355853218931-e68eace4fa66436f8e7859dd1f93e16b.request
FIFO compiler acquired UTC: 2026-10-04T09:19:06.147988+00:00


ℹ [9421/9512] Replayed Theorems.Thm_StickyKakeya4_native_coarse_original_geometry
info: stdout:
FIFO compiler ticket: 01791103109484247044-b002b4ed55cd495ea625701f865e5e18.request
FIFO compiler acquired UTC: 2026-10-04T08:44:40.396692+00:00


ℹ [9423/9512] Built Theorems.Thm_StickyKakeya4_original_tensor_frostman (5.4s)
info: stdout:
FIFO compiler ticket: 01791110880401376546-6f2f3b16737740109f5129084e9c5958.request
FIFO compiler acquired UTC: 2026-10-04T10:48:03.317130+00:00


ℹ [9429/9512] Replayed Theorems.Thm_StickyKakeya4_native_original_padded_cells
info: stdout:
FIFO compiler ticket: 01791105926241400471-433537b00738483592642dff1fd655d3.request
FIFO compiler acquired UTC: 2026-10-04T09:33:19.155048+00:00


ℹ [9430/9512] Replayed Theorems.Thm_StickyKakeya4_native_padded_cell_union_bound
info: stdout:
FIFO compiler ticket: 01791106521594547693-592fac05a5944b45b67b2c37da5033a7.request
FIFO compiler acquired UTC: 2026-10-04T09:48:57.990285+00:00


ℹ [9431/9512] Replayed Theorems.Thm_StickyKakeya4_native_coarse_original_heights
info: stdout:
FIFO compiler ticket: 01791103526634956888-676e66ced0d749008177ad4448998033.request
FIFO compiler acquired UTC: 2026-10-04T08:50:34.616643+00:00


ℹ [9432/9512] Replayed Theorems.Thm_StickyKakeya4_native_source_coarse_readback
info: stdout:
FIFO compiler ticket: 01791103936467886076-5f7e4436d9f24122826266dfbf49715f.request
FIFO compiler acquired UTC: 2026-10-04T08:56:05.301042+00:00


ℹ [9433/9512] Replayed Theorems.Thm_StickyKakeya4_native_dense_source_coarse_family
info: stdout:
FIFO compiler ticket: 01791104219997247183-7132a32b855a4e24bab12e9d71e2c3e5.request
FIFO compiler acquired UTC: 2026-10-04T08:57:39.318796+00:00


ℹ [9434/9512] Built Theorems.Thm_StickyKakeya4_original_slab_overlap (5.7s)
info: stdout:
FIFO compiler ticket: 01791110880418179226-facbd64b84ea4b239581d16acf8b0ee5.request
FIFO compiler acquired UTC: 2026-10-04T10:48:03.531750+00:00


ℹ [9436/9512] Replayed Theorems.Thm_StickyKakeya4_native_dense_retained_unit_parent
info: stdout:
FIFO compiler ticket: 01791102780805332870-2af64a08bb424847b9a9ceccec44a3f2.request
FIFO compiler acquired UTC: 2026-10-04T08:40:07.421924+00:00


ℹ [9440/9512] Replayed Theorems.Thm_StickyKakeya4_native_padded_cell_source
info: stdout:
FIFO compiler ticket: 01791106521604028340-3774bae0127f419990b66339a59e564a.request
FIFO compiler acquired UTC: 2026-10-04T09:50:16.548395+00:00


ℹ [9441/9512] Replayed Theorems.Thm_StickyKakeya4_native_padded_cell_fiber_count
info: stdout:
FIFO compiler ticket: 01791106521574779721-0d791aa2a40843c382707ef9bd1f46e7.request
FIFO compiler acquired UTC: 2026-10-04T09:48:32.694717+00:00


ℹ [9442/9512] Replayed Theorems.Thm_StickyKakeya4_native_normalized_parent_carrier_metric
info: stdout:
FIFO compiler ticket: 01791105790197391425-e4a44c9e2b3a43028d74e7a8c3975ac2.request
FIFO compiler acquired UTC: 2026-10-04T09:33:07.514374+00:00


ℹ [9443/9512] Replayed Theorems.Thm_StickyKakeya4_native_pruned_power_constants
info: Theorems/Thm_StickyKakeya4_native_pruned_power_constants.lean:20:6: Try this:
  [apply] ring_nf

  The `ring` tactic failed to close the goal. Use `ring_nf` to obtain a normal form.

  Note that `ring` works primarily in *commutative* rings. If you have a noncommutative ring, abelian group or module, consider using `noncomm_ring`, `abel` or `module` instead.
ℹ [9444/9512] Replayed Theorems.Thm_StickyKakeya4_native_dyadic_pruning_cutoff
info: Theorems/Thm_StickyKakeya4_native_dyadic_pruning_cutoff.lean:47:27: Try this:
  [apply] ring_nf

  The `ring` tactic failed to close the goal. Use `ring_nf` to obtain a normal form.

  Note that `ring` works primarily in *commutative* rings. If you have a noncommutative ring, abelian group or module, consider using `noncomm_ring`, `abel` or `module` instead.
ℹ [9447/9512] Replayed Theorems.Thm_StickyKakeya4_native_unit_parent_shadings
info: stdout:
FIFO compiler ticket: 01791103439591584631-a0c8b27825b64b73a24992c4d95659ec.request
FIFO compiler acquired UTC: 2026-10-04T08:47:42.379221+00:00


ℹ [9457/9512] Built Theorems.Thm_StickyKakeya4_native_original_concentrated_slice_closure (59s)
info: stdout:
FIFO compiler ticket: 01791110881178305702-a7fd6b8581f44074931abf88dc8f183d.request
FIFO compiler acquired UTC: 2026-10-04T10:48:06.022514+00:00


ℹ [9460/9512] Replayed Theorems.Thm_StickyKakeya4_native_dense_normalized_parent
info: stdout:
FIFO compiler ticket: 01791103736812461291-80ef7db8477146028641fb1feef5075a.request
FIFO compiler acquired UTC: 2026-10-04T08:54:06.159477+00:00


ℹ [9461/9512] Built Theorems.Thm_StickyKakeya4_original_line_cover_packets (61s)
info: stdout:
FIFO compiler ticket: 01791110881178093934-019057d0994942ababe06456677adc07.request
FIFO compiler acquired UTC: 2026-10-04T10:48:05.702088+00:00

info: Theorems/Thm_StickyKakeya4_original_line_cover_packets.lean:319:57: Try this:
  [apply] ring_nf

  The `ring` tactic failed to close the goal. Use `ring_nf` to obtain a normal form.

  Note that `ring` works primarily in *commutative* rings. If you have a noncommutative ring, abelian group or module, consider using `noncomm_ring`, `abel` or `module` instead.
info: stdout:
FIFO compiler ticket: 01791110881178093934-019057d0994942ababe06456677adc07.request
FIFO compiler acquired UTC: 2026-10-04T10:48:05.702088+00:00


ℹ [9463/9512] Built Theorems.Thm_StickyKakeya4_original_three_dimensional_slice_energy_basic (106s)
info: stdout:
FIFO compiler ticket: 01791110881243138442-b6cd4d2ab3554955b1ea9db07745d796.request
FIFO compiler acquired UTC: 2026-10-04T10:49:02.485330+00:00


ℹ [9464/9512] Replayed Theorems.Thm_StickyKakeya4_native_dyadic_coarse_normalization
info: stdout:
FIFO compiler ticket: 01791105449567408830-c54a416722b34db984e87d45ba8fc29c.request
FIFO compiler acquired UTC: 2026-10-04T09:25:26.006069+00:00


ℹ [9465/9512] Built Theorems.Thm_StickyKakeya4_original_three_dimensional_expanded_band_count (106s)
info: stdout:
FIFO compiler ticket: 01791110881214118735-ec3498398f124489b0c9a43aa23f9474.request
FIFO compiler acquired UTC: 2026-10-04T10:49:00.291386+00:00


ℹ [9469/9512] Replayed Theorems.Thm_StickyKakeya4_original_scalar_literal_cover_count
info: stdout:
FIFO compiler ticket: 01791105670745984094-7091b083470e4736944901ebaef9ff8a.request
FIFO compiler acquired UTC: 2026-10-04T09:30:47.096399+00:00


ℹ [9470/9512] Built Theorems.Thm_StickyKakeya4_original_literal_height_window (158s)
info: stdout:
FIFO compiler ticket: 01791110881245964701-e8d135aeba6948f6bd1ced311f98fa9b.request
FIFO compiler acquired UTC: 2026-10-04T10:49:47.494748+00:00


ℹ [9471/9512] Built Theorems.Thm_StickyKakeya4_native_fixed_compact_kakeya_exponent (155s)
info: stdout:
FIFO compiler ticket: 01791110883574486966-e3b23e7801044dcbaba76a9e9a163681.request
FIFO compiler acquired UTC: 2026-10-04T10:49:47.765885+00:00


ℹ [9473/9512] Built Theorems.Thm_StickyKakeya4_original_slab_relation (159s)
info: stdout:
FIFO compiler ticket: 01791110883651018165-ac23fae5e5f84a889573eb1bd68bfc4f.request
FIFO compiler acquired UTC: 2026-10-04T10:50:39.075280+00:00


ℹ [9474/9512] Built Theorems.Thm_StickyKakeya4_original_polynomial_dimension_drop (157s)
info: stdout:
FIFO compiler ticket: 01791110885734869980-4e2f438ea30a424eb1aeac152de0e2b4.request
FIFO compiler acquired UTC: 2026-10-04T10:50:39.075749+00:00


ℹ [9477/9512] Replayed Theorems.Thm_StickyKakeya4_original_literal_common_alphabet
info: stdout:
FIFO compiler ticket: 01791106300561178934-2fabdbc653514a30a3b14e268fedda1c.request
FIFO compiler acquired UTC: 2026-10-04T09:40:40.353483+00:00


ℹ [9480/9512] Built Theorems.Thm_StickyKakeya4_native_padded_source_ad_upper (213s)
info: stdout:
FIFO compiler ticket: 01791110886226908055-22a0a5b6b159406db82f10a513723909.request
FIFO compiler acquired UTC: 2026-10-04T10:50:43.101546+00:00


ℹ [9481/9512] Built Theorems.Thm_StickyKakeya4_native_padded_source_count_budget (208s)
info: stdout:
FIFO compiler ticket: 01791110942771000544-e8acc0a7fdbc4edda7d020548c8aba1c.request
FIFO compiler acquired UTC: 2026-10-04T10:51:45.233227+00:00


ℹ [9484/9512] Replayed Theorems.Thm_StickyKakeya4_original_literal_angular_readback
info: stdout:
FIFO compiler ticket: 01791106952534157846-6e23e53bd9ef4544b7e6fcf7d60e8b48.request
FIFO compiler acquired UTC: 2026-10-04T09:56:19.931237+00:00


ℹ [9485/9512] Replayed Theorems.Thm_StickyKakeya4_original_literal_angular_budget
info: stdout:
FIFO compiler ticket: 01791107882099702279-a5b34f0d00be40a4bbd621bdba9a836b.request
FIFO compiler acquired UTC: 2026-10-04T10:06:21.251257+00:00


ℹ [9487/9512] Built Theorems.Thm_StickyKakeya4_native_padded_source_mass (211s)
info: stdout:
FIFO compiler ticket: 01791110940483116084-25727e9c28934b0ba6eba9f03f504fb8.request
FIFO compiler acquired UTC: 2026-10-04T10:51:40.603223+00:00


ℹ [9488/9512] Built Theorems.Thm_StickyKakeya4_native_padded_source_power_budget (220s)
info: stdout:
FIFO compiler ticket: 01791110987789127652-22d2eb369ecc4ad5b213932216842691.request
FIFO compiler acquired UTC: 2026-10-04T10:52:31.296952+00:00


ℹ [9489/9512] Built Theorems.Thm_StickyKakeya4_compact_source_finite_readback (219s)
info: stdout:
FIFO compiler ticket: 01791110988019290814-41bcc8c871ce4d70bd1ea0fd3fee1123.request
FIFO compiler acquired UTC: 2026-10-04T10:52:31.380208+00:00


ℹ [9490/9512] Built Theorems.Thm_StickyKakeya4_original_three_dimensional_slice_potential_cut (224s)
info: stdout:
FIFO compiler ticket: 01791111039267271876-dc207b52476d4f42a5a3945be8f3e70d.request
FIFO compiler acquired UTC: 2026-10-04T10:53:27.536431+00:00


ℹ [9491/9512] Built Theorems.Thm_StickyKakeya4_original_three_dimensional_expanded_slice_multiplicity (224s)
info: stdout:
FIFO compiler ticket: 01791111039351026468-13e0911f53e94b269eaa102b19d8b5c5.request
FIFO compiler acquired UTC: 2026-10-04T10:53:27.572147+00:00


ℹ [9492/9512] Built Theorems.Thm_StickyKakeya4_original_slab_collision (227s)
info: stdout:
FIFO compiler ticket: 01791111043218269133-44aa00451ffb4885b1326a742ad5e8fe.request
FIFO compiler acquired UTC: 2026-10-04T10:54:23.571222+00:00


ℹ [9493/9512] Built Theorems.Thm_StickyKakeya4_native_coarse_actual_height_vertices (272s)
info: stdout:
FIFO compiler ticket: 01791111043289582222-7e27f442dce545c8b406cf69fa37f5fe.request
FIFO compiler acquired UTC: 2026-10-04T10:54:23.609364+00:00


ℹ [9494/9512] Built Theorems.Thm_StickyKakeya4_original_quadratic_words (269s)
info: stdout:
FIFO compiler ticket: 01791111099934409778-b56676cc006c4a61a5c0dc95355155d4.request
FIFO compiler acquired UTC: 2026-10-04T10:56:05.997462+00:00


ℹ [9495/9512] Built Theorems.Thm_StickyKakeya4_original_literal_angular_incidences (264s)
info: stdout:
FIFO compiler ticket: 01791111151537675128-3ab6e4a7f14442f4a35a6538196d1dd1.request
FIFO compiler acquired UTC: 2026-10-04T10:56:09.507032+00:00


ℹ [9496/9512] Built Theorems.Thm_StickyKakeya4_native_padded_source_density (318s)
info: stdout:
FIFO compiler ticket: 01791111151664944651-b5dcaca5fb804fec8c145a19e51c986b.request
FIFO compiler acquired UTC: 2026-10-04T10:56:55.509755+00:00


ℹ [9497/9512] Built Theorems.Thm_StickyKakeya4_native_padded_source_transport (353s)
info: stdout:
FIFO compiler ticket: 01791111207808874689-dd103a1ae11f4c969772afd376dfb5ee.request
FIFO compiler acquired UTC: 2026-10-04T10:57:49.641808+00:00


ℹ [9498/9512] Built Theorems.Thm_StickyKakeya4_original_three_dimensional_energy_regular_slice (313s)
info: stdout:
FIFO compiler ticket: 01791111263802870915-f1b0f2e5fbe0418dbc07c8d06f8afc8c.request
FIFO compiler acquired UTC: 2026-10-04T10:57:54.075737+00:00


ℹ [9499/9512] Built Theorems.Thm_StickyKakeya4_original_three_dimensional_marked_slice_incidences (380s)
info: stdout:
FIFO compiler ticket: 01791111263815118087-049de8835fec402ab5a5dac834a2ad2c.request
FIFO compiler acquired UTC: 2026-10-04T10:59:20.645356+00:00


ℹ [9500/9512] Built Theorems.Thm_StickyKakeya4_original_finite_dimension_reduction (394s)
info: stdout:
FIFO compiler ticket: 01791111270594172821-551f962460b2497c9fd22fc9e0a761af.request
FIFO compiler acquired UTC: 2026-10-04T11:00:44.478621+00:00


ℹ [9501/9512] Built Theorems.Thm_StickyKakeya4_original_three_dimensional_averaged_slice_energy (411s)
info: stdout:
FIFO compiler ticket: 01791111263849769992-7e6f2bb4a3d74390aeb959aba952fe14.request
FIFO compiler acquired UTC: 2026-10-04T10:59:37.133103+00:00


ℹ [9502/9512] Built Theorems.Thm_StickyKakeya4_original_quadratic_word_bounds (312s)
info: stdout:
FIFO compiler ticket: 01791111369557054732-a36cfedfbcf8454c9cdb55c7b39c0c1a.request
FIFO compiler acquired UTC: 2026-10-04T11:01:14.706002+00:00


ℹ [9503/9512] Built Theorems.Thm_StickyKakeya4_original_pure_quadratic_dimension_drop (292s)
info: stdout:
FIFO compiler ticket: 01791111665461305456-ff36dd1c70954b75a38610b11a49a2f5.request
FIFO compiler acquired UTC: 2026-10-04T11:05:35.704077+00:00


ℹ [9504/9512] Built Theorems.Thm_StickyKakeya4_native_padded_source_ad_lower (427s)
info: stdout:
FIFO compiler ticket: 01791111560838885337-9149ecf3cfec4170a843faaad6357e99.request
FIFO compiler acquired UTC: 2026-10-04T11:05:00.254140+00:00


ℹ [9505/9512] Built Theorems.Thm_StickyKakeya4_original_three_dimensional_regularized_marked_slice (366s)
info: stdout:
FIFO compiler ticket: 01791111674910609569-8639e4bf34d640ebb1d316eba0539a4c.request
FIFO compiler acquired UTC: 2026-10-04T11:05:57.563785+00:00


ℹ [9506/9512] Built Theorems.Thm_StickyKakeya4_native_padded_source_admissibility (390s)
info: stdout:
FIFO compiler ticket: 01791111988597001332-bd6767253dbf41059f92768f3700ceaa.request
FIFO compiler acquired UTC: 2026-10-04T11:11:17.116218+00:00


ℹ [9507/9512] Built Theorems.Thm_StickyKakeya4_native_compact_normalized_source (350s)
info: stdout:
FIFO compiler ticket: 01791112378606208712-bcc960b2b1474a959f5f9a5988f3b0e7.request
FIFO compiler acquired UTC: 2026-10-04T11:17:21.885386+00:00


ℹ [9508/9512] Built Theorems.Thm_StickyKakeya4_native_fixed_compact_normalized_near (319s)
info: stdout:
FIFO compiler ticket: 01791112729289006865-51c17e21ebd248a09459f3c461d21e1c.request
FIFO compiler acquired UTC: 2026-10-04T11:23:06.346365+00:00


ℹ [9509/9512] Built Theorems.Thm_StickyKakeya4_native_compact_volume_transport (344s)
info: stdout:
FIFO compiler ticket: 01791112729298417461-e7226c3d33564694a0e6f321a52053a7.request
FIFO compiler acquired UTC: 2026-10-04T11:23:21.526723+00:00


ℹ [9510/9512] Built Theorems.Thm_StickyKakeya4_native_fixed_compact_incidence_parent (214s)
info: stdout:
FIFO compiler ticket: 01791113049112725441-aa2fd1f55daa414a982e3f276d34a6fc.request
FIFO compiler acquired UTC: 2026-10-04T11:26:57.435588+00:00


ℹ [9511/9512] Built Theorems.Thm_StickyKakeya4_native_fixed_compact_slice_population (74s)
info: stdout:
FIFO compiler ticket: 01791113263690266874-526d38bbeceb46c59d9030004908ba71.request
FIFO compiler acquired UTC: 2026-10-04T11:28:19.004323+00:00


Build completed successfully (9512 jobs).

Confirmed exit code: 0

Command: STICKY_LEAN_BINARY=/workspace/scratch/5f2524fd4117/lean-tools/lean-4.33.1-linux/bin/lean STICKY_BUILD_JOBS=2 scripts/build-bounded.sh
