Started UTC: 2026-10-04T11:41:39.171530+00:00
Source commit: 4de562eabef7b8d3c03f38d281e1eb94f42d6797
Using official Lean through a 2-compiler semaphore
ℹ [8730/9495] Replayed Theorems.Thm_StickyKakeya4_original_w_core_dynamics
info: Theorems/Thm_StickyKakeya4_original_w_core_dynamics.lean:166:0: 'OriginalWCoreDynamics.rep_spec' depends on axioms: [propext, Classical.choice, Quot.sound]
info: Theorems/Thm_StickyKakeya4_original_w_core_dynamics.lean:167:0: 'OriginalWCoreDynamics.next_spec' depends on axioms: [propext, Classical.choice, Quot.sound]
info: Theorems/Thm_StickyKakeya4_original_w_core_dynamics.lean:168:0: 'OriginalWCoreDynamics.next_preserves_height' depends on axioms: [propext, Classical.choice, Quot.sound]
info: Theorems/Thm_StickyKakeya4_original_w_core_dynamics.lean:169:0: 'OriginalWCoreDynamics.angles_nonempty' depends on axioms: [propext, Classical.choice, Quot.sound]
info: Theorems/Thm_StickyKakeya4_original_w_core_dynamics.lean:170:0: 'OriginalWCoreDynamics.M_subset_alphabet' depends on axioms: [propext, Classical.choice, Quot.sound]
info: Theorems/Thm_StickyKakeya4_original_w_core_dynamics.lean:171:0: 'OriginalWCoreDynamics.exists_original_core_dynamics' depends on axioms: [propext, Classical.choice, Quot.sound]
info: Theorems/Thm_StickyKakeya4_original_w_core_dynamics.lean:172:0: 'OriginalWCoreDynamics.exists_original_total_core_dynamics' depends on axioms: [propext, Classical.choice, Quot.sound]
ℹ [8767/9495] Replayed Theorems.Thm_StickyKakeya4_gkz_grid_code_perturbation
info: stdout:
FIFO compiler ticket: 01791102610036941532-21b1576ce2394fdebcad8cae5c891e8d.request
FIFO compiler acquired UTC: 2026-10-04T08:30:12.754173+00:00


ℹ [8768/9495] Replayed Theorems.Thm_StickyKakeya4_original_polynomial_elimination
info: stdout:
FIFO compiler ticket: 01791110880352516742-fe1d8107bb4240a4a4c93421e594b516.request
FIFO compiler acquired UTC: 2026-10-04T10:48:00.352936+00:00


⚠ [8831/9495] Replayed Theorems.Thm_StickyKakeya4_old_neighbor_disintegration
warning: Theorems/Thm_StickyKakeya4_old_neighbor_disintegration.lean:134:2: Try this:
  haveI̵

The goal is a proposition, so `have` is preferred over `haveI`.
The difference between `have` and `haveI` is that `haveI` inlines the value.
But this is not relevant for proofs because of proof irrelevance.

Note: This linter can be disabled with `set_option linter.style.haveILetI false`
ℹ [8861/9495] Replayed Theorems.Thm_StickyKakeya4_gkz_original_anchor_cover
info: stdout:
FIFO compiler ticket: 01791102610052437296-f09a10a8a1db4adfa74764fb65d9e400.request
FIFO compiler acquired UTC: 2026-10-04T08:30:15.172743+00:00


ℹ [8862/9495] Replayed Theorems.Thm_StickyKakeya4_gkz_original_anchor_profile
info: stdout:
FIFO compiler ticket: 01791102670952915158-0ad7052ee87f46a39ea9dd517f9ceb87.request
FIFO compiler acquired UTC: 2026-10-04T08:33:50.970396+00:00


ℹ [8883/9495] Replayed Theorems.Thm_StickyKakeya4_original_polynomial_slab
info: stdout:
FIFO compiler ticket: 01791110880375590221-b02ff6da43824a378d1588a8bf5eef5c.request
FIFO compiler acquired UTC: 2026-10-04T10:48:00.376106+00:00


ℹ [8884/9495] Replayed Theorems.Thm_StickyKakeya4_original_bourgain_graph_transfer
info: stdout:
FIFO compiler ticket: 01791105349597274941-13119b5ea877489fb03e7611b4e2299e.request
FIFO compiler acquired UTC: 2026-10-04T09:15:53.013489+00:00


ℹ [8885/9495] Replayed Theorems.Thm_StickyKakeya4_original_slab_overlap
info: stdout:
FIFO compiler ticket: 01791110880418179226-facbd64b84ea4b239581d16acf8b0ee5.request
FIFO compiler acquired UTC: 2026-10-04T10:48:03.531750+00:00


ℹ [8886/9495] Replayed Theorems.Thm_StickyKakeya4_original_slab_relation
info: stdout:
FIFO compiler ticket: 01791110883651018165-ac23fae5e5f84a889573eb1bd68bfc4f.request
FIFO compiler acquired UTC: 2026-10-04T10:50:39.075280+00:00


ℹ [8887/9495] Replayed Theorems.Thm_StickyKakeya4_original_slab_collision
info: stdout:
FIFO compiler ticket: 01791111043218269133-44aa00451ffb4885b1326a742ad5e8fe.request
FIFO compiler acquired UTC: 2026-10-04T10:54:23.571222+00:00


ℹ [8888/9495] Replayed Theorems.Thm_StickyKakeya4_original_tensor_frostman
info: stdout:
FIFO compiler ticket: 01791110880401376546-6f2f3b16737740109f5129084e9c5958.request
FIFO compiler acquired UTC: 2026-10-04T10:48:03.317130+00:00


ℹ [8889/9495] Replayed Theorems.Thm_StickyKakeya4_original_polynomial_dimension_drop
info: stdout:
FIFO compiler ticket: 01791110885734869980-4e2f438ea30a424eb1aeac152de0e2b4.request
FIFO compiler acquired UTC: 2026-10-04T10:50:39.075749+00:00


ℹ [8890/9495] Replayed Theorems.Thm_StickyKakeya4_original_finite_dimension_reduction
info: stdout:
FIFO compiler ticket: 01791111270594172821-551f962460b2497c9fd22fc9e0a761af.request
FIFO compiler acquired UTC: 2026-10-04T11:00:44.478621+00:00


ℹ [8891/9495] Replayed Theorems.Thm_StickyKakeya4_original_quadratic_words
info: stdout:
FIFO compiler ticket: 01791111099934409778-b56676cc006c4a61a5c0dc95355155d4.request
FIFO compiler acquired UTC: 2026-10-04T10:56:05.997462+00:00


ℹ [8892/9495] Replayed Theorems.Thm_StickyKakeya4_original_pure_quadratic_dimension_drop
info: stdout:
FIFO compiler ticket: 01791111665461305456-ff36dd1c70954b75a38610b11a49a2f5.request
FIFO compiler acquired UTC: 2026-10-04T11:05:35.704077+00:00


ℹ [8893/9495] Replayed Theorems.Thm_StickyKakeya4_original_planar_ad_grid_population
info: stdout:
FIFO compiler ticket: 01791105349555904761-77df152793a84a9c9e8730c5949fa5c0.request
FIFO compiler acquired UTC: 2026-10-04T09:15:49.556305+00:00


ℹ [8897/9495] Replayed Theorems.Thm_StickyKakeya4_gkz_finite_anchored_plunnecke
info: stdout:
FIFO compiler ticket: 01791102609969657586-9060833923e64097b71fd17f84b07c46.request
FIFO compiler acquired UTC: 2026-10-04T08:30:09.970146+00:00


ℹ [8899/9495] Replayed Theorems.Thm_StickyKakeya4_gkz_original_product_overlap
info: stdout:
FIFO compiler ticket: 01791102609964067108-b9a8af5a06b34806ab531606aec5ef6f.request
FIFO compiler acquired UTC: 2026-10-04T08:30:09.964554+00:00


ℹ [8900/9495] Replayed Theorems.Thm_StickyKakeya4_gkz_dilate_rounded_sums
info: stdout:
FIFO compiler ticket: 01791102615227208737-601bd0664ee54d4784d2083ce6f501e9.request
FIFO compiler acquired UTC: 2026-10-04T08:32:10.538293+00:00


ℹ [8901/9495] Replayed Theorems.Thm_StickyKakeya4_gkz_original_mixed_dilate_bounds
info: stdout:
FIFO compiler ticket: 01791102831116301178-5c6d3a3325714eacad3e7cc30a18bd0f.request
FIFO compiler acquired UTC: 2026-10-04T08:41:20.938136+00:00


ℹ [8908/9495] Replayed Theorems.Thm_StickyKakeya4_gkz_real_dilation_union
info: stdout:
FIFO compiler ticket: 01791102613109249222-e4aac2b3cdf3405bb1ffc7885236ad31.request
FIFO compiler acquired UTC: 2026-10-04T08:32:01.405893+00:00


ℹ [9012/9495] Replayed Theorems.Thm_StickyKakeya4_gkz_balanced_dyadic_scale
info: stdout:
FIFO compiler ticket: 01791102610047045348-faa92bda02ef4d1b990fc4f162302a86.request
FIFO compiler acquired UTC: 2026-10-04T08:30:12.960050+00:00


ℹ [9016/9495] Replayed Theorems.Thm_StickyKakeya4_original_shared_fiber_pruning
info: stdout:
FIFO compiler ticket: 01791105349569020319-04686ffeade54b31bd89fa7f6cf04a1b.request
FIFO compiler acquired UTC: 2026-10-04T09:15:49.971675+00:00


ℹ [9018/9495] Replayed Theorems.Thm_StickyKakeya4_gkz_original_nine_sum_cover
info: stdout:
FIFO compiler ticket: 01791103339471680193-820bca37aa704cafb1b9f7a0a0b15570.request
FIFO compiler acquired UTC: 2026-10-04T08:47:21.023739+00:00


ℹ [9019/9495] Replayed Theorems.Thm_StickyKakeya4_gkz_original_linear_upper
info: stdout:
FIFO compiler ticket: 01791103662482345832-38d3dadabcb744cdb54312f8165b871f.request
FIFO compiler acquired UTC: 2026-10-04T08:52:16.191032+00:00


ℹ [9020/9495] Replayed Theorems.Thm_StickyKakeya4_gkz_original_sum_product_comparison
info: stdout:
FIFO compiler ticket: 01791103956203197747-24ee6ade8296452bbe9fef4ef596d57e.request
FIFO compiler acquired UTC: 2026-10-04T08:56:27.058764+00:00


ℹ [9021/9495] Replayed Theorems.Thm_StickyKakeya4_gkz_original_positive_power
info: stdout:
FIFO compiler ticket: 01791104202708583917-abc7367cab2c47d7ab9a3c3def13be11.request
FIFO compiler acquired UTC: 2026-10-04T08:57:34.987737+00:00


ℹ [9029/9495] Replayed Theorems.Thm_StickyKakeya4_original_kaufman_shared_host
info: stdout:
FIFO compiler ticket: 01791105349574137591-ccafd0b3bd7d48909897357bae3122fe.request
FIFO compiler acquired UTC: 2026-10-04T09:15:52.890565+00:00


ℹ [9035/9495] Replayed Theorems.Thm_StickyKakeya4_original_rich_alphabet_profile
info: stdout:
FIFO compiler ticket: 01791105353086664223-2a7e24b47f0f430b9b4f00a3eccb28fa.request
FIFO compiler acquired UTC: 2026-10-04T09:17:20.689207+00:00


ℹ [9051/9556] Replayed Theorems.Thm_StickyKakeya4_original_weak_alphabet_selection
info: stdout:
FIFO compiler ticket: 01791105503651511476-319fd06008eb4558bc08a331fcd8e7ea.request
FIFO compiler acquired UTC: 2026-10-04T09:29:30.341467+00:00


⚠ [9052/9556] Replayed Theorems.Thm_StickyKakeya4_compact_front_frostman_limit
warning: Theorems/Thm_StickyKakeya4_compact_front_frostman_limit.lean:84:0: automatically included section variable(s) unused in theorem `StickyKakeya4.CompactFrontLimit.ball_bound_all_radii`:
  [BorelSpace E]
consider restructuring your `variable` declarations so that the variables are not in scope or explicitly omit them:
  omit [BorelSpace E] in theorem ...

Note: This linter can be disabled with `set_option linter.unusedSectionVars false`
ℹ [9054/9556] Replayed Theorems.Thm_StickyKakeya4_original_critical_population_range
info: Theorems/Thm_StickyKakeya4_original_critical_population_range.lean:80:4: Try this:
  [apply] ring_nf

  The `ring` tactic failed to close the goal. Use `ring_nf` to obtain a normal form.

  Note that `ring` works primarily in *commutative* rings. If you have a noncommutative ring, abelian group or module, consider using `noncomm_ring`, `abel` or `module` instead.
ℹ [9065/9556] Replayed Theorems.Thm_StickyKakeya4_original_profiled_third_query_family
info: stdout:
FIFO compiler ticket: 01791106193298761502-b2d03190b8784468bec993975a56e76a.request
FIFO compiler acquired UTC: 2026-10-04T09:37:11.016886+00:00


ℹ [9070/9556] Replayed Theorems.Thm_StickyKakeya4_gkz_uniform_growth_parameters
info: stdout:
FIFO compiler ticket: 01791104259389743848-c1ae5d9677a24940b48de31c0be33eaa.request
FIFO compiler acquired UTC: 2026-10-04T08:58:23.365613+00:00


ℹ [9079/9556] Replayed Theorems.Thm_StickyKakeya4_original_quadratic_word_bounds
info: stdout:
FIFO compiler ticket: 01791111369557054732-a36cfedfbcf8454c9cdb55c7b39c0c1a.request
FIFO compiler acquired UTC: 2026-10-04T11:01:14.706002+00:00


⚠ [9087/9556] Replayed Theorems.Thm_StickyKakeya4_frostman_mass_distribution
warning: Theorems/Thm_StickyKakeya4_frostman_mass_distribution.lean:257:2: Try this:
  letI̵

The goal is a proposition, so `let` is preferred over `letI`.
The difference between `let` and `letI` is that `letI` inlines the value.
But this is not relevant for proofs because of proof irrelevance.

Note: This linter can be disabled with `set_option linter.style.haveILetI false`
⚠ [9088/9556] Replayed Theorems.Thm_StickyKakeya4_canonical_sphere_measure
warning: Theorems/Thm_StickyKakeya4_canonical_sphere_measure.lean:18:4: try 'simp' instead of 'simpa'

Note: This linter can be disabled with `set_option linter.unnecessarySimpa false`
warning: Theorems/Thm_StickyKakeya4_canonical_sphere_measure.lean:636:2: `push_neg` has been deprecated. Prefer using `push Not` instead.
If you'd rather continue using `push_neg` in your project, you can implement it as follows:
```
open Lean.Parser.Tactic in
macro "push_neg" cfg:optConfig loc:(location)? : tactic =>
  `(tactic| push $cfg:optConfig Not $[$loc]?)
```
warning: Theorems/Thm_StickyKakeya4_canonical_sphere_measure.lean:957:4: try 'simp' instead of 'simpa'

Note: This linter can be disabled with `set_option linter.unnecessarySimpa false`
warning: Theorems/Thm_StickyKakeya4_canonical_sphere_measure.lean:965:48: Variable name `hr` is not explicitly referenced.

Hint: The binding can be removed (if unused) or named `_` (if used implicitly). Alternatively, prefix the name with `_` to silence this warning:
  [apply] _hr

Note: This linter can be disabled with `set_option linter.unusedVariables false`
⚠ [9090/9556] Replayed Theorems.Thm_StickyKakeya4_selector_covering_lower_bound
warning: Theorems/Thm_StickyKakeya4_selector_covering_lower_bound.lean:24:42: Variable name `hr` is not explicitly referenced.

Hint: The binding can be removed (if unused) or named `_` (if used implicitly). Alternatively, prefix the name with `_` to silence this warning:
  [apply] _hr

Note: This linter can be disabled with `set_option linter.unusedVariables false`
⚠ [9091/9556] Replayed Theorems.Thm_StickyKakeya4_wz_common_slab
warning: Theorems/Thm_StickyKakeya4_wz_common_slab.lean:289:18: Variable name `hhNonneg` is not explicitly referenced.

Hint: The binding can be removed (if unused) or named `_` (if used implicitly). Alternatively, prefix the name with `_` to silence this warning:
  [apply] _hhNonneg

Note: This linter can be disabled with `set_option linter.unusedVariables false`
⚠ [9093/9556] Replayed Theorems.Thm_StickyKakeya4_dimension_witness_extraction
warning: Theorems/Thm_StickyKakeya4_dimension_witness_extraction.lean:266:2: `push_neg` has been deprecated. Prefer using `push Not` instead.
If you'd rather continue using `push_neg` in your project, you can implement it as follows:
```
open Lean.Parser.Tactic in
macro "push_neg" cfg:optConfig loc:(location)? : tactic =>
  `(tactic| push $cfg:optConfig Not $[$loc]?)
```
⚠ [9095/9556] Replayed Theorems.Thm_StickyKakeya4_front_parameter_probability
warning: Theorems/Thm_StickyKakeya4_front_parameter_probability.lean:30:4: Try `simp at this` instead of `simpa using this`

Note: This linter can be disabled with `set_option linter.unnecessarySimpa false`
warning: Theorems/Thm_StickyKakeya4_front_parameter_probability.lean:79:42: Variable name `hdelta` is not explicitly referenced.

Hint: The binding can be removed (if unused) or named `_` (if used implicitly). Alternatively, prefix the name with `_` to silence this warning:
  [apply] _hdelta

Note: This linter can be disabled with `set_option linter.unusedVariables false`
warning: Theorems/Thm_StickyKakeya4_front_parameter_probability.lean:92:49: Used `tac1 <;> tac2` where `(tac1; tac2)` would suffice

Note: This linter can be disabled with `set_option linter.unnecessarySeqFocus false`
info: Theorems/Thm_StickyKakeya4_front_parameter_probability.lean:117:0: Error in Linarith.normalizeDenominatorsLHS: Expr.rewrite may not produce subgoals.
⚠ [9096/9556] Replayed Theorems.Thm_StickyKakeya4_marked_carrier_inverse
warning: Theorems/Thm_StickyKakeya4_marked_carrier_inverse.lean:37:2: Try this:
  letI̵

The goal is a proposition, so `let` is preferred over `letI`.
The difference between `let` and `letI` is that `letI` inlines the value.
But this is not relevant for proofs because of proof irrelevance.

Note: This linter can be disabled with `set_option linter.style.haveILetI false`
warning: Theorems/Thm_StickyKakeya4_marked_carrier_inverse.lean:53:2: Try this:
  letI̵

The goal is a proposition, so `let` is preferred over `letI`.
The difference between `let` and `letI` is that `letI` inlines the value.
But this is not relevant for proofs because of proof irrelevance.

Note: This linter can be disabled with `set_option linter.style.haveILetI false`
⚠ [9097/9556] Replayed Theorems.Thm_StickyKakeya4_finite_scale_source_mass
warning: Theorems/Thm_StickyKakeya4_finite_scale_source_mass.lean:797:4: Try `simp at hx` instead of `simpa using hx`

Note: This linter can be disabled with `set_option linter.unnecessarySimpa false`
warning: Theorems/Thm_StickyKakeya4_finite_scale_source_mass.lean:892:6: Try `simp at hxi` instead of `simpa using hxi`

Note: This linter can be disabled with `set_option linter.unnecessarySimpa false`
⚠ [9119/9556] Replayed Theorems.Thm_StickyKakeya4_lossless_edge_flow_carleson
warning: Theorems/Thm_StickyKakeya4_lossless_edge_flow_carleson.lean:24:4: try 'simp' instead of 'simpa'

Note: This linter can be disabled with `set_option linter.unnecessarySimpa false`
warning: Theorems/Thm_StickyKakeya4_lossless_edge_flow_carleson.lean:60:18: try 'simp' instead of 'simpa'

Note: This linter can be disabled with `set_option linter.unnecessarySimpa false`
warning: Theorems/Thm_StickyKakeya4_lossless_edge_flow_carleson.lean:64:37: try 'simp' instead of 'simpa'

Note: This linter can be disabled with `set_option linter.unnecessarySimpa false`
warning: Theorems/Thm_StickyKakeya4_lossless_edge_flow_carleson.lean:99:56: try 'simp' instead of 'simpa'

Note: This linter can be disabled with `set_option linter.unnecessarySimpa false`
warning: Theorems/Thm_StickyKakeya4_lossless_edge_flow_carleson.lean:85:20: This simp argument is unused:
  hp

Hint: Omit it from the simp argument list.
  [apply] simp

Note: This linter can be disabled with `set_option linter.unusedSimpArgs false`
warning: Theorems/Thm_StickyKakeya4_lossless_edge_flow_carleson.lean:86:22: This simp argument is unused:
  hp

Hint: Omit it from the simp argument list.
  [apply] simp

Note: This linter can be disabled with `set_option linter.unusedSimpArgs false`
warning: Theorems/Thm_StickyKakeya4_lossless_edge_flow_carleson.lean:94:40: This simp argument is unused:
  hp

Hint: Omit it from the simp argument list.
  [apply] simp

Note: This linter can be disabled with `set_option linter.unusedSimpArgs false`
warning: Theorems/Thm_StickyKakeya4_lossless_edge_flow_carleson.lean:172:18: try 'simp' instead of 'simpa'

Note: This linter can be disabled with `set_option linter.unnecessarySimpa false`
warning: Theorems/Thm_StickyKakeya4_lossless_edge_flow_carleson.lean:176:37: try 'simp' instead of 'simpa'

Note: This linter can be disabled with `set_option linter.unnecessarySimpa false`
warning: Theorems/Thm_StickyKakeya4_lossless_edge_flow_carleson.lean:211:56: try 'simp' instead of 'simpa'

Note: This linter can be disabled with `set_option linter.unnecessarySimpa false`
warning: Theorems/Thm_StickyKakeya4_lossless_edge_flow_carleson.lean:197:20: This simp argument is unused:
  hp

Hint: Omit it from the simp argument list.
  [apply] simp

Note: This linter can be disabled with `set_option linter.unusedSimpArgs false`
warning: Theorems/Thm_StickyKakeya4_lossless_edge_flow_carleson.lean:198:22: This simp argument is unused:
  hp

Hint: Omit it from the simp argument list.
  [apply] simp

Note: This linter can be disabled with `set_option linter.unusedSimpArgs false`
warning: Theorems/Thm_StickyKakeya4_lossless_edge_flow_carleson.lean:206:40: This simp argument is unused:
  hp

Hint: Omit it from the simp argument list.
  [apply] simp

Note: This linter can be disabled with `set_option linter.unusedSimpArgs false`
⚠ [9120/9556] Replayed Theorems.Thm_StickyKakeya4_contact_symplectic_edge_flow_certificate_existence
warning: Theorems/Thm_StickyKakeya4_contact_symplectic_edge_flow_certificate_existence.lean:43:5: Variable name `hsource` is not explicitly referenced.

Hint: The binding can be removed (if unused) or named `_` (if used implicitly). Alternatively, prefix the name with `_` to silence this warning:
  [apply] _hsource

Note: This linter can be disabled with `set_option linter.unusedVariables false`
warning: Theorems/Thm_StickyKakeya4_contact_symplectic_edge_flow_certificate_existence.lean:43:32: Variable name `hK` is not explicitly referenced.

Hint: The binding can be removed (if unused) or named `_` (if used implicitly). Alternatively, prefix the name with `_` to silence this warning:
  [apply] _hK

Note: This linter can be disabled with `set_option linter.unusedVariables false`
warning: Theorems/Thm_StickyKakeya4_contact_symplectic_edge_flow_certificate_existence.lean:43:45: Variable name `hW` is not explicitly referenced.

Hint: The binding can be removed (if unused) or named `_` (if used implicitly). Alternatively, prefix the name with `_` to silence this warning:
  [apply] _hW

Note: This linter can be disabled with `set_option linter.unusedVariables false`
warning: Theorems/Thm_StickyKakeya4_contact_symplectic_edge_flow_certificate_existence.lean:44:5: Variable name `hnormalLoss` is not explicitly referenced.

Hint: The binding can be removed (if unused) or named `_` (if used implicitly). Alternatively, prefix the name with `_` to silence this warning:
  [apply] _hnormalLoss

Note: This linter can be disabled with `set_option linter.unusedVariables false`
warning: Theorems/Thm_StickyKakeya4_contact_symplectic_edge_flow_certificate_existence.lean:122:2: `push_neg` has been deprecated. Prefer using `push Not` instead.
If you'd rather continue using `push_neg` in your project, you can implement it as follows:
```
open Lean.Parser.Tactic in
macro "push_neg" cfg:optConfig loc:(location)? : tactic =>
  `(tactic| push $cfg:optConfig Not $[$loc]?)
```
warning: Theorems/Thm_StickyKakeya4_contact_symplectic_edge_flow_certificate_existence.lean:508:18: Variable name `hθ` is not explicitly referenced.

Hint: The binding can be removed (if unused) or named `_` (if used implicitly). Alternatively, prefix the name with `_` to silence this warning:
  [apply] _hθ

Note: This linter can be disabled with `set_option linter.unusedVariables false`
warning: Theorems/Thm_StickyKakeya4_contact_symplectic_edge_flow_certificate_existence.lean:508:31: Variable name `hB` is not explicitly referenced.

Hint: The binding can be removed (if unused) or named `_` (if used implicitly). Alternatively, prefix the name with `_` to silence this warning:
  [apply] _hB

Note: This linter can be disabled with `set_option linter.unusedVariables false`
warning: Theorems/Thm_StickyKakeya4_contact_symplectic_edge_flow_certificate_existence.lean:661:5: Variable name `hc₀` is not explicitly referenced.

Hint: The binding can be removed (if unused) or named `_` (if used implicitly). Alternatively, prefix the name with `_` to silence this warning:
  [apply] _hc₀

Note: This linter can be disabled with `set_option linter.unusedVariables false`
warning: Theorems/Thm_StickyKakeya4_contact_symplectic_edge_flow_certificate_existence.lean:661:20: Variable name `hQ` is not explicitly referenced.

Hint: The binding can be removed (if unused) or named `_` (if used implicitly). Alternatively, prefix the name with `_` to silence this warning:
  [apply] _hQ

Note: This linter can be disabled with `set_option linter.unusedVariables false`
warning: Theorems/Thm_StickyKakeya4_contact_symplectic_edge_flow_certificate_existence.lean:1726:4: Try this:
  letI̵

The goal is a proposition, so `let` is preferred over `letI`.
The difference between `let` and `letI` is that `letI` inlines the value.
But this is not relevant for proofs because of proof irrelevance.

Note: This linter can be disabled with `set_option linter.style.haveILetI false`
warning: Theorems/Thm_StickyKakeya4_contact_symplectic_edge_flow_certificate_existence.lean:1906:5: Variable name `hpacking` is not explicitly referenced.

Hint: The binding can be removed (if unused) or named `_` (if used implicitly). Alternatively, prefix the name with `_` to silence this warning:
  [apply] _hpacking

Note: This linter can be disabled with `set_option linter.unusedVariables false`
⚠ [9124/9556] Replayed Theorems.Thm_StickyKakeya4_four_cycle_contact_frame
warning: Theorems/Thm_StickyKakeya4_four_cycle_contact_frame.lean:67:4: Try `simp at hk` instead of `simpa using hk`

Note: This linter can be disabled with `set_option linter.unnecessarySimpa false`
warning: Theorems/Thm_StickyKakeya4_four_cycle_contact_frame.lean:70:4: Try `simp at hk` instead of `simpa using hk`

Note: This linter can be disabled with `set_option linter.unnecessarySimpa false`
warning: Theorems/Thm_StickyKakeya4_four_cycle_contact_frame.lean:73:4: Try `simp at hk` instead of `simpa using hk`

Note: This linter can be disabled with `set_option linter.unnecessarySimpa false`
warning: Theorems/Thm_StickyKakeya4_four_cycle_contact_frame.lean:76:4: Try `simp at hk` instead of `simpa using hk`

Note: This linter can be disabled with `set_option linter.unnecessarySimpa false`
warning: Theorems/Thm_StickyKakeya4_four_cycle_contact_frame.lean:100:4: this tactic is never executed

Note: This linter can be disabled with `set_option linter.unreachableTactic false`
warning: Theorems/Thm_StickyKakeya4_four_cycle_contact_frame.lean:100:4: Unused tactic linter: `ring` does nothing

Note: This linter can be disabled with `set_option linter.unusedTactic false`
warning: Theorems/Thm_StickyKakeya4_four_cycle_contact_frame.lean:105:39: This simp argument is unused:
  Finset.mul_sum

Hint: Omit it from the simp argument list.
  [apply] simp [matrixVectorE3, Matrix.mulVec, mul_assoc, mul_comm, mul_left_comm]

Note: This linter can be disabled with `set_option linter.unusedSimpArgs false`
warning: Theorems/Thm_StickyKakeya4_four_cycle_contact_frame.lean:105:55: This simp argument is unused:
  mul_assoc

Hint: Omit it from the simp argument list.
  [apply] simp [matrixVectorE3, Matrix.mulVec, Finset.mul_sum, mul_comm, mul_left_comm]

Note: This linter can be disabled with `set_option linter.unusedSimpArgs false`
warning: Theorems/Thm_StickyKakeya4_four_cycle_contact_frame.lean:106:4: This simp argument is unused:
  mul_comm

Hint: Omit it from the simp argument list.
  [apply] simp [matrixVectorE3, Matrix.mulVec, Finset.mul_sum, mul_assoc, mul_left_comm]

Note: This linter can be disabled with `set_option linter.unusedSimpArgs false`
warning: Theorems/Thm_StickyKakeya4_four_cycle_contact_frame.lean:106:14: This simp argument is unused:
  mul_left_comm

Hint: Omit it from the simp argument list.
  [apply] simp [matrixVectorE3, Matrix.mulVec, Finset.mul_sum, mul_assoc, mul_comm]

Note: This linter can be disabled with `set_option linter.unusedSimpArgs false`
⚠ [9125/9556] Replayed Theorems.Thm_StickyKakeya4_dense_relation_marked_four_cycle
warning: Theorems/Thm_StickyKakeya4_dense_relation_marked_four_cycle.lean:59:30: This simp argument is unused:
  Matrix.cons_val_zero

Hint: Omit it from the simp argument list.
  [apply] simp only [toMarkedCycle, Matrix.cons_val_one, Fin.isValue] at hij ⊢

Note: This linter can be disabled with `set_option linter.unusedSimpArgs false`
warning: Theorems/Thm_StickyKakeya4_dense_relation_marked_four_cycle.lean:59:52: This simp argument is unused:
  Matrix.cons_val_one

Hint: Omit it from the simp argument list.
  [apply] simp only [toMarkedCycle, Matrix.cons_val_zero, Fin.isValue] at hij ⊢

Note: This linter can be disabled with `set_option linter.unusedSimpArgs false`
warning: Theorems/Thm_StickyKakeya4_dense_relation_marked_four_cycle.lean:60:6: This simp argument is unused:
  Fin.isValue

Hint: Omit it from the simp argument list.
  [apply] simp only [toMarkedCycle, Matrix.cons_val_zero, Matrix.cons_val_one] at hij ⊢

Note: This linter can be disabled with `set_option linter.unusedSimpArgs false`
warning: Theorems/Thm_StickyKakeya4_dense_relation_marked_four_cycle.lean:87:30: This simp argument is unused:
  Matrix.cons_val_zero

Hint: Omit it from the simp argument list.
  [apply] simp only [toMarkedCycle, Matrix.cons_val_one, Fin.isValue] at hij ⊢

Note: This linter can be disabled with `set_option linter.unusedSimpArgs false`
warning: Theorems/Thm_StickyKakeya4_dense_relation_marked_four_cycle.lean:87:52: This simp argument is unused:
  Matrix.cons_val_one

Hint: Omit it from the simp argument list.
  [apply] simp only [toMarkedCycle, Matrix.cons_val_zero, Fin.isValue] at hij ⊢

Note: This linter can be disabled with `set_option linter.unusedSimpArgs false`
warning: Theorems/Thm_StickyKakeya4_dense_relation_marked_four_cycle.lean:88:6: This simp argument is unused:
  Fin.isValue

Hint: Omit it from the simp argument list.
  [apply] simp only [toMarkedCycle, Matrix.cons_val_zero, Matrix.cons_val_one] at hij ⊢

Note: This linter can be disabled with `set_option linter.unusedSimpArgs false`
⚠ [9126/9556] Replayed Theorems.Thm_StickyKakeya4_separated_collision_relation_packet
warning: Theorems/Thm_StickyKakeya4_separated_collision_relation_packet.lean:52:40: This simp argument is unused:
  Matrix.cons_val_zero

Hint: Omit it from the simp argument list.
  [apply] simp only [markedCycleRelationEdge, Matrix.cons_val_one, Fin.isValue] at hij ⊢

Note: This linter can be disabled with `set_option linter.unusedSimpArgs false`
warning: Theorems/Thm_StickyKakeya4_separated_collision_relation_packet.lean:53:6: This simp argument is unused:
  Matrix.cons_val_one

Hint: Omit it from the simp argument list.
  [apply] simp only [markedCycleRelationEdge, Matrix.cons_val_zero, Fin.isValue] at hij ⊢

Note: This linter can be disabled with `set_option linter.unusedSimpArgs false`
ℹ [9135/9556] Replayed Theorems.Thm_StickyKakeya4_original_three_dimensional_cap_count
info: stdout:
FIFO compiler ticket: 01791102610648469179-26265b087e7c4beeafc9c0cb50405fbc.request
FIFO compiler acquired UTC: 2026-10-04T08:31:10.800386+00:00


⚠ [9139/9556] Replayed Theorems.Thm_StickyKakeya4_common_shading_obstruction
warning: Theorems/Thm_StickyKakeya4_common_shading_obstruction.lean:55:26: `Set.mem_setOf_eq` has been deprecated: Use `Set.mem_ofPred_eq` instead
⚠ [9140/9556] Replayed Theorems.Thm_StickyKakeya4_energy_dimension
warning: Theorems/Thm_StickyKakeya4_energy_dimension.lean:72:0: automatically included section variable(s) unused in theorem `StickyKakeya4.EnergyDimension.restrict_ball_growth_of_bounded_potential`:
  [SecondCountableTopology X]
consider restructuring your `variable` declarations so that the variables are not in scope or explicitly omit them:
  omit [SecondCountableTopology X] in theorem ...

Note: This linter can be disabled with `set_option linter.unusedSectionVars false`
ℹ [9168/9556] Replayed Theorems.Thm_StickyKakeya4_original_three_dimensional_tube_parameters
info: stdout:
FIFO compiler ticket: 01791102610675594030-fd67381baa514ae2ad6dc373c274561c.request
FIFO compiler acquired UTC: 2026-10-04T08:31:10.892805+00:00


ℹ [9169/9556] Replayed Theorems.Thm_StickyKakeya4_original_representative_grid_comparison
info: stdout:
FIFO compiler ticket: 01791105350106833419-c04e135c0b9543b29152e91aa708e395.request
FIFO compiler acquired UTC: 2026-10-04T09:15:55.524959+00:00


⚠ [9172/9556] Replayed Theorems.Thm_StickyKakeya4_spacetime_collision_energy
warning: Theorems/Thm_StickyKakeya4_spacetime_collision_energy.lean:287:18: Variable name `hq` is not explicitly referenced.

Hint: The binding can be removed (if unused) or named `_` (if used implicitly). Alternatively, prefix the name with `_` to silence this warning:
  [apply] _hq

Note: This linter can be disabled with `set_option linter.unusedVariables false`
ℹ [9176/9556] Replayed Theorems.Thm_StickyKakeya4_original_three_dimensional_cross_geometry
info: stdout:
FIFO compiler ticket: 01791102610637364171-9fe6f0baf193459c88a825b178711fb6.request
FIFO compiler acquired UTC: 2026-10-04T08:30:15.762119+00:00


ℹ [9177/9556] Replayed Theorems.Thm_StickyKakeya4_original_three_dimensional_slab_overlap
info: stdout:
FIFO compiler ticket: 01791102671162266767-1e1f25540bc24791990714e125bb286a.request
FIFO compiler acquired UTC: 2026-10-04T08:34:18.861003+00:00


ℹ [9178/9556] Replayed Theorems.Thm_StickyKakeya4_original_three_dimensional_literal_slab_cover
info: stdout:
FIFO compiler ticket: 01791108986329977050-2b49ac80ba4d4c81b5a4ac6270f89bd4.request
FIFO compiler acquired UTC: 2026-10-04T10:16:26.330350+00:00


⚠ [9190/9556] Replayed Theorems.Thm_StickyKakeya4_hereditary_finite_scale_to_frostman
warning: Theorems/Thm_StickyKakeya4_hereditary_finite_scale_to_frostman.lean:10:5: Variable name `hmeasurable` is not explicitly referenced.

Hint: The binding can be removed (if unused) or named `_` (if used implicitly). Alternatively, prefix the name with `_` to silence this warning:
  [apply] _hmeasurable

Note: This linter can be disabled with `set_option linter.unusedVariables false`
warning: Theorems/Thm_StickyKakeya4_hereditary_finite_scale_to_frostman.lean:11:5: Variable name `hvalid` is not explicitly referenced.

Hint: The binding can be removed (if unused) or named `_` (if used implicitly). Alternatively, prefix the name with `_` to silence this warning:
  [apply] _hvalid

Note: This linter can be disabled with `set_option linter.unusedVariables false`
warning: Theorems/Thm_StickyKakeya4_hereditary_finite_scale_to_frostman.lean:12:5: Variable name `hselector` is not explicitly referenced.

Hint: The binding can be removed (if unused) or named `_` (if used implicitly). Alternatively, prefix the name with `_` to silence this warning:
  [apply] _hselector

Note: This linter can be disabled with `set_option linter.unusedVariables false`
warning: Theorems/Thm_StickyKakeya4_hereditary_finite_scale_to_frostman.lean:13:5: Variable name `hpacking` is not explicitly referenced.

Hint: The binding can be removed (if unused) or named `_` (if used implicitly). Alternatively, prefix the name with `_` to silence this warning:
  [apply] _hpacking

Note: This linter can be disabled with `set_option linter.unusedVariables false`
⚠ [9197/9556] Replayed Theorems.Thm_StickyKakeya4_normalized_collision_relation_packet
warning: Theorems/Thm_StickyKakeya4_normalized_collision_relation_packet.lean:16:4: try 'simp' instead of 'simpa'

Note: This linter can be disabled with `set_option linter.unnecessarySimpa false`
warning: Theorems/Thm_StickyKakeya4_normalized_collision_relation_packet.lean:25:4: try 'simp' instead of 'simpa'

Note: This linter can be disabled with `set_option linter.unnecessarySimpa false`
⚠ [9200/9556] Replayed Theorems.Thm_StickyKakeya4_time_averaged_bush
warning: Theorems/Thm_StickyKakeya4_time_averaged_bush.lean:61:20: Used `tac1 <;> tac2` where `(tac1; tac2)` would suffice

Note: This linter can be disabled with `set_option linter.unnecessarySeqFocus false`
warning: Theorems/Thm_StickyKakeya4_time_averaged_bush.lean:61:32: Used `tac1 <;> tac2` where `(tac1; tac2)` would suffice

Note: This linter can be disabled with `set_option linter.unnecessarySeqFocus false`
warning: Theorems/Thm_StickyKakeya4_time_averaged_bush.lean:110:2: Try this:
  letI̵

The goal is a proposition, so `let` is preferred over `letI`.
The difference between `let` and `letI` is that `letI` inlines the value.
But this is not relevant for proofs because of proof irrelevance.

Note: This linter can be disabled with `set_option linter.style.haveILetI false`
warning: Theorems/Thm_StickyKakeya4_time_averaged_bush.lean:164:2: Try this:
  letI̵

The goal is a proposition, so `let` is preferred over `letI`.
The difference between `let` and `letI` is that `letI` inlines the value.
But this is not relevant for proofs because of proof irrelevance.

Note: This linter can be disabled with `set_option linter.style.haveILetI false`
warning: Theorems/Thm_StickyKakeya4_time_averaged_bush.lean:209:2: Try this:
  letI̵

The goal is a proposition, so `let` is preferred over `letI`.
The difference between `let` and `letI` is that `letI` inlines the value.
But this is not relevant for proofs because of proof irrelevance.

Note: This linter can be disabled with `set_option linter.style.haveILetI false`
⚠ [9203/9556] Replayed Theorems.Thm_StickyKakeya4_quantitative_bush_cover
warning: Theorems/Thm_StickyKakeya4_quantitative_bush_cover.lean:42:2: Try this:
  letI̵

The goal is a proposition, so `let` is preferred over `letI`.
The difference between `let` and `letI` is that `letI` inlines the value.
But this is not relevant for proofs because of proof irrelevance.

Note: This linter can be disabled with `set_option linter.style.haveILetI false`
warning: Theorems/Thm_StickyKakeya4_quantitative_bush_cover.lean:91:15: `Set.mem_setOf_eq` has been deprecated: Use `Set.mem_ofPred_eq` instead
warning: Theorems/Thm_StickyKakeya4_quantitative_bush_cover.lean:91:66: This simp argument is unused:
  Set.mem_univ

Hint: Omit it from the simp argument list.
  [apply] simp only [Set.mem_setOf_eq, Set.mem_compl_iff, Set.mem_prod, and_true]

Note: This linter can be disabled with `set_option linter.unusedSimpArgs false`
warning: Theorems/Thm_StickyKakeya4_quantitative_bush_cover.lean:91:80: This simp argument is unused:
  and_true

Hint: Omit it from the simp argument list.
  [apply] simp only [Set.mem_setOf_eq, Set.mem_compl_iff, Set.mem_prod, Set.mem_univ]

Note: This linter can be disabled with `set_option linter.unusedSimpArgs false`
warning: Theorems/Thm_StickyKakeya4_quantitative_bush_cover.lean:130:2: Try this:
  letI̵

The goal is a proposition, so `let` is preferred over `letI`.
The difference between `let` and `letI` is that `letI` inlines the value.
But this is not relevant for proofs because of proof irrelevance.

Note: This linter can be disabled with `set_option linter.style.haveILetI false`
warning: Theorems/Thm_StickyKakeya4_quantitative_bush_cover.lean:178:2: Try this:
  letI̵

The goal is a proposition, so `let` is preferred over `letI`.
The difference between `let` and `letI` is that `letI` inlines the value.
But this is not relevant for proofs because of proof irrelevance.

Note: This linter can be disabled with `set_option linter.style.haveILetI false`
warning: Theorems/Thm_StickyKakeya4_quantitative_bush_cover.lean:223:15: `Set.mem_setOf_eq` has been deprecated: Use `Set.mem_ofPred_eq` instead
warning: Theorems/Thm_StickyKakeya4_quantitative_bush_cover.lean:223:15: This simp argument is unused:
  Set.mem_setOf_eq

Hint: Omit it from the simp argument list.
  [apply] simp only [Set.mem_compl_iff, Set.mem_prod, Set.mem_univ, and_true]

Note: This linter can be disabled with `set_option linter.unusedSimpArgs false`
warning: Theorems/Thm_StickyKakeya4_quantitative_bush_cover.lean:253:2: Try this:
  letI̵

The goal is a proposition, so `let` is preferred over `letI`.
The difference between `let` and `letI` is that `letI` inlines the value.
But this is not relevant for proofs because of proof irrelevance.

Note: This linter can be disabled with `set_option linter.style.haveILetI false`
⚠ [9208/9556] Replayed Theorems.Thm_StickyKakeya4_quantitative_bush_resolution
warning: Theorems/Thm_StickyKakeya4_quantitative_bush_resolution.lean:34:2: Try this:
  letI̵

The goal is a proposition, so `let` is preferred over `letI`.
The difference between `let` and `letI` is that `letI` inlines the value.
But this is not relevant for proofs because of proof irrelevance.

Note: This linter can be disabled with `set_option linter.style.haveILetI false`
warning: Theorems/Thm_StickyKakeya4_quantitative_bush_resolution.lean:136:2: Try this:
  letI̵

The goal is a proposition, so `let` is preferred over `letI`.
The difference between `let` and `letI` is that `letI` inlines the value.
But this is not relevant for proofs because of proof irrelevance.

Note: This linter can be disabled with `set_option linter.style.haveILetI false`
⚠ [9209/9556] Replayed Theorems.Ext_BrunnMinkowski
warning: Theorems/Ext_BrunnMinkowski.lean:160:2: `push_neg` has been deprecated. Prefer using `push Not` instead.
If you'd rather continue using `push_neg` in your project, you can implement it as follows:
```
open Lean.Parser.Tactic in
macro "push_neg" cfg:optConfig loc:(location)? : tactic =>
  `(tactic| push $cfg:optConfig Not $[$loc]?)
```
warning: Theorems/Ext_BrunnMinkowski.lean:250:2: Try this:
  haveI̵

The goal is a proposition, so `have` is preferred over `haveI`.
The difference between `have` and `haveI` is that `haveI` inlines the value.
But this is not relevant for proofs because of proof irrelevance.

Note: This linter can be disabled with `set_option linter.style.haveILetI false`
warning: Theorems/Ext_BrunnMinkowski.lean:252:2: Try this:
  haveI̵

The goal is a proposition, so `have` is preferred over `haveI`.
The difference between `have` and `haveI` is that `haveI` inlines the value.
But this is not relevant for proofs because of proof irrelevance.

Note: This linter can be disabled with `set_option linter.style.haveILetI false`
warning: Theorems/Ext_BrunnMinkowski.lean:359:26: `Set.mem_setOf_eq` has been deprecated: Use `Set.mem_ofPred_eq` instead
warning: Theorems/Ext_BrunnMinkowski.lean:366:26: `Set.mem_setOf_eq` has been deprecated: Use `Set.mem_ofPred_eq` instead
warning: Theorems/Ext_BrunnMinkowski.lean:569:4: Try this:
  haveI̵

The goal is a proposition, so `have` is preferred over `haveI`.
The difference between `have` and `haveI` is that `haveI` inlines the value.
But this is not relevant for proofs because of proof irrelevance.

Note: This linter can be disabled with `set_option linter.style.haveILetI false`
⚠ [9216/9556] Replayed Solutions.Sol_StickyKakeya4_lossless_edge_flow_carleson
warning: Solutions/Sol_StickyKakeya4_lossless_edge_flow_carleson.lean:24:4: try 'simp' instead of 'simpa'

Note: This linter can be disabled with `set_option linter.unnecessarySimpa false`
warning: Solutions/Sol_StickyKakeya4_lossless_edge_flow_carleson.lean:60:18: try 'simp' instead of 'simpa'

Note: This linter can be disabled with `set_option linter.unnecessarySimpa false`
warning: Solutions/Sol_StickyKakeya4_lossless_edge_flow_carleson.lean:64:37: try 'simp' instead of 'simpa'

Note: This linter can be disabled with `set_option linter.unnecessarySimpa false`
warning: Solutions/Sol_StickyKakeya4_lossless_edge_flow_carleson.lean:99:56: try 'simp' instead of 'simpa'

Note: This linter can be disabled with `set_option linter.unnecessarySimpa false`
warning: Solutions/Sol_StickyKakeya4_lossless_edge_flow_carleson.lean:85:20: This simp argument is unused:
  hp

Hint: Omit it from the simp argument list.
  [apply] simp

Note: This linter can be disabled with `set_option linter.unusedSimpArgs false`
warning: Solutions/Sol_StickyKakeya4_lossless_edge_flow_carleson.lean:86:22: This simp argument is unused:
  hp

Hint: Omit it from the simp argument list.
  [apply] simp

Note: This linter can be disabled with `set_option linter.unusedSimpArgs false`
warning: Solutions/Sol_StickyKakeya4_lossless_edge_flow_carleson.lean:94:40: This simp argument is unused:
  hp

Hint: Omit it from the simp argument list.
  [apply] simp

Note: This linter can be disabled with `set_option linter.unusedSimpArgs false`
⚠ [9217/9556] Replayed Solutions.Sol_StickyKakeya4_hereditary_finite_scale_to_frostman
warning: Solutions/Sol_StickyKakeya4_hereditary_finite_scale_to_frostman.lean:9:5: Variable name `hmeasurable` is not explicitly referenced.

Hint: The binding can be removed (if unused) or named `_` (if used implicitly). Alternatively, prefix the name with `_` to silence this warning:
  [apply] _hmeasurable

Note: This linter can be disabled with `set_option linter.unusedVariables false`
warning: Solutions/Sol_StickyKakeya4_hereditary_finite_scale_to_frostman.lean:10:5: Variable name `hvalid` is not explicitly referenced.

Hint: The binding can be removed (if unused) or named `_` (if used implicitly). Alternatively, prefix the name with `_` to silence this warning:
  [apply] _hvalid

Note: This linter can be disabled with `set_option linter.unusedVariables false`
warning: Solutions/Sol_StickyKakeya4_hereditary_finite_scale_to_frostman.lean:11:5: Variable name `hselector` is not explicitly referenced.

Hint: The binding can be removed (if unused) or named `_` (if used implicitly). Alternatively, prefix the name with `_` to silence this warning:
  [apply] _hselector

Note: This linter can be disabled with `set_option linter.unusedVariables false`
warning: Solutions/Sol_StickyKakeya4_hereditary_finite_scale_to_frostman.lean:12:5: Variable name `hpacking` is not explicitly referenced.

Hint: The binding can be removed (if unused) or named `_` (if used implicitly). Alternatively, prefix the name with `_` to silence this warning:
  [apply] _hpacking

Note: This linter can be disabled with `set_option linter.unusedVariables false`
⚠ [9219/9556] Replayed Theorems.Thm_StickyKakeya4_wz_carrier_pruning
warning: Theorems/Thm_StickyKakeya4_wz_carrier_pruning.lean:1922:5: Variable name `hocc` is not explicitly referenced.

Hint: The binding can be removed (if unused) or named `_` (if used implicitly). Alternatively, prefix the name with `_` to silence this warning:
  [apply] _hocc

Note: This linter can be disabled with `set_option linter.unusedVariables false`
warning: Theorems/Thm_StickyKakeya4_wz_carrier_pruning.lean:2326:31: Variable name `ha` is not explicitly referenced.

Hint: The binding can be removed (if unused) or named `_` (if used implicitly). Alternatively, prefix the name with `_` to silence this warning:
  [apply] _ha

Note: This linter can be disabled with `set_option linter.unusedVariables false`
warning: Theorems/Thm_StickyKakeya4_wz_carrier_pruning.lean:2430:27: This simp argument is unused:
  Nat.cast_ofNat

Hint: Omit it from the simp argument list.
  [apply] simp only [Nat.cast_mul]

Note: This linter can be disabled with `set_option linter.unusedSimpArgs false`
warning: Theorems/Thm_StickyKakeya4_wz_carrier_pruning.lean:2514:8: try 'simp' instead of 'simpa'

Note: This linter can be disabled with `set_option linter.unnecessarySimpa false`
warning: Theorems/Thm_StickyKakeya4_wz_carrier_pruning.lean:2562:5: Variable name `htargetConstant` is not explicitly referenced.

Hint: The binding can be removed (if unused) or named `_` (if used implicitly). Alternatively, prefix the name with `_` to silence this warning:
  [apply] _htargetConstant

Note: This linter can be disabled with `set_option linter.unusedVariables false`
warning: Theorems/Thm_StickyKakeya4_wz_carrier_pruning.lean:2563:26: Variable name `hqTarget` is not explicitly referenced.

Hint: The binding can be removed (if unused) or named `_` (if used implicitly). Alternatively, prefix the name with `_` to silence this warning:
  [apply] _hqTarget

Note: This linter can be disabled with `set_option linter.unusedVariables false`
warning: Theorems/Thm_StickyKakeya4_wz_carrier_pruning.lean:3668:6: try 'simp' instead of 'simpa'

Note: This linter can be disabled with `set_option linter.unnecessarySimpa false`
warning: Theorems/Thm_StickyKakeya4_wz_carrier_pruning.lean:3747:2: Try this:
  letI̵

The goal is a proposition, so `let` is preferred over `letI`.
The difference between `let` and `letI` is that `letI` inlines the value.
But this is not relevant for proofs because of proof irrelevance.

Note: This linter can be disabled with `set_option linter.style.haveILetI false`
warning: Theorems/Thm_StickyKakeya4_wz_carrier_pruning.lean:4089:8: this tactic is never executed

Note: This linter can be disabled with `set_option linter.unreachableTactic false`
warning: Theorems/Thm_StickyKakeya4_wz_carrier_pruning.lean:4089:8: Unused tactic linter: `ring` does nothing

Note: This linter can be disabled with `set_option linter.unusedTactic false`
warning: Theorems/Thm_StickyKakeya4_wz_carrier_pruning.lean:4563:5: Variable name `hdelta` is not explicitly referenced.

Hint: The binding can be removed (if unused) or named `_` (if used implicitly). Alternatively, prefix the name with `_` to silence this warning:
  [apply] _hdelta

Note: This linter can be disabled with `set_option linter.unusedVariables false`
warning: Theorems/Thm_StickyKakeya4_wz_carrier_pruning.lean:4586:24: Used `tac1 <;> tac2` where `(tac1; tac2)` would suffice

Note: This linter can be disabled with `set_option linter.unnecessarySeqFocus false`
warning: Theorems/Thm_StickyKakeya4_wz_carrier_pruning.lean:5864:5: Variable name `hradius` is not explicitly referenced.

Hint: The binding can be removed (if unused) or named `_` (if used implicitly). Alternatively, prefix the name with `_` to silence this warning:
  [apply] _hradius

Note: This linter can be disabled with `set_option linter.unusedVariables false`
warning: Theorems/Thm_StickyKakeya4_wz_carrier_pruning.lean:5931:19: Variable name `ell` is not explicitly referenced.

Hint: The binding can be removed (if unused) or named `_` (if used implicitly). Alternatively, prefix the name with `_` to silence this warning:
  [apply] _ell

Note: This linter can be disabled with `set_option linter.unusedVariables false`
⚠ [9230/9556] Replayed Theorems.Thm_StickyKakeya4_retained_parameter_cell_source
warning: Theorems/Thm_StickyKakeya4_retained_parameter_cell_source.lean:406:2: `push_neg` has been deprecated. Prefer using `push Not` instead.
If you'd rather continue using `push_neg` in your project, you can implement it as follows:
```
open Lean.Parser.Tactic in
macro "push_neg" cfg:optConfig loc:(location)? : tactic =>
  `(tactic| push $cfg:optConfig Not $[$loc]?)
```
warning: Theorems/Thm_StickyKakeya4_retained_parameter_cell_source.lean:533:24: try 'simp' instead of 'simpa'

Note: This linter can be disabled with `set_option linter.unnecessarySimpa false`
warning: Theorems/Thm_StickyKakeya4_retained_parameter_cell_source.lean:606:36: try 'simp' instead of 'simpa'

Note: This linter can be disabled with `set_option linter.unnecessarySimpa false`
⚠ [9232/9556] Replayed Theorems.Thm_StickyKakeya4_conditioned_boundary_packet_extension
warning: Theorems/Thm_StickyKakeya4_conditioned_boundary_packet_extension.lean:34:2: Try this:
  letI̵

The goal is a proposition, so `let` is preferred over `letI`.
The difference between `let` and `letI` is that `letI` inlines the value.
But this is not relevant for proofs because of proof irrelevance.

Note: This linter can be disabled with `set_option linter.style.haveILetI false`
warning: Theorems/Thm_StickyKakeya4_conditioned_boundary_packet_extension.lean:53:2: Try this:
  letI̵

The goal is a proposition, so `let` is preferred over `letI`.
The difference between `let` and `letI` is that `letI` inlines the value.
But this is not relevant for proofs because of proof irrelevance.

Note: This linter can be disabled with `set_option linter.style.haveILetI false`
warning: Theorems/Thm_StickyKakeya4_conditioned_boundary_packet_extension.lean:24:5: Variable name `hsourceMeasurable` is not explicitly referenced.

Hint: The binding can be removed (if unused) or named `_` (if used implicitly). Alternatively, prefix the name with `_` to silence this warning:
  [apply] _hsourceMeasurable

Note: This linter can be disabled with `set_option linter.unusedVariables false`
warning: Theorems/Thm_StickyKakeya4_conditioned_boundary_packet_extension.lean:27:32: Variable name `hrhoOne` is not explicitly referenced.

Hint: The binding can be removed (if unused) or named `_` (if used implicitly). Alternatively, prefix the name with `_` to silence this warning:
  [apply] _hrhoOne

Note: This linter can be disabled with `set_option linter.unusedVariables false`
⚠ [9234/9556] Replayed Theorems.Thm_StickyKakeya4_four_probe_boundary_firewall
warning: Theorems/Thm_StickyKakeya4_four_probe_boundary_firewall.lean:99:2: `push_neg` has been deprecated. Prefer using `push Not` instead.
If you'd rather continue using `push_neg` in your project, you can implement it as follows:
```
open Lean.Parser.Tactic in
macro "push_neg" cfg:optConfig loc:(location)? : tactic =>
  `(tactic| push $cfg:optConfig Not $[$loc]?)
```
⚠ [9236/9556] Replayed Theorems.Thm_StickyKakeya4_three_packet_support
warning: Theorems/Thm_StickyKakeya4_three_packet_support.lean:92:4: Try `simp at hprob` instead of `simpa using hprob`

Note: This linter can be disabled with `set_option linter.unnecessarySimpa false`
warning: Theorems/Thm_StickyKakeya4_three_packet_support.lean:100:13: `Set.mem_setOf_eq` has been deprecated: Use `Set.mem_ofPred_eq` instead
⚠ [9237/9556] Replayed Theorems.Thm_StickyKakeya4_four_probe_cauchy_extraction
warning: Theorems/Thm_StickyKakeya4_four_probe_cauchy_extraction.lean:306:4: Unused tactic linter: `change limitA.mulVec (c.ofLp - d.ofLp) = 0` does nothing

Note: This linter can be disabled with `set_option linter.unusedTactic false`
⚠ [9243/9556] Replayed Theorems.Thm_StickyKakeya4_front_fibre_lower_bound
warning: Theorems/Thm_StickyKakeya4_front_fibre_lower_bound.lean:90:5: Variable name `hdelta` is not explicitly referenced.

Hint: The binding can be removed (if unused) or named `_` (if used implicitly). Alternatively, prefix the name with `_` to silence this warning:
  [apply] _hdelta

Note: This linter can be disabled with `set_option linter.unusedVariables false`
⚠ [9244/9556] Replayed Theorems.Thm_StickyKakeya4_vector_center_carleson
warning: Theorems/Thm_StickyKakeya4_vector_center_carleson.lean:69:5: Variable name `hR` is not explicitly referenced.

Hint: The binding can be removed (if unused) or named `_` (if used implicitly). Alternatively, prefix the name with `_` to silence this warning:
  [apply] _hR

Note: This linter can be disabled with `set_option linter.unusedVariables false`
warning: Theorems/Thm_StickyKakeya4_vector_center_carleson.lean:537:5: Variable name `hR` is not explicitly referenced.

Hint: The binding can be removed (if unused) or named `_` (if used implicitly). Alternatively, prefix the name with `_` to silence this warning:
  [apply] _hR

Note: This linter can be disabled with `set_option linter.unusedVariables false`
warning: Theorems/Thm_StickyKakeya4_vector_center_carleson.lean:890:18: Variable name `hR` is not explicitly referenced.

Hint: The binding can be removed (if unused) or named `_` (if used implicitly). Alternatively, prefix the name with `_` to silence this warning:
  [apply] _hR

Note: This linter can be disabled with `set_option linter.unusedVariables false`
warning: Theorems/Thm_StickyKakeya4_vector_center_carleson.lean:891:24: Variable name `hzetaThree` is not explicitly referenced.

Hint: The binding can be removed (if unused) or named `_` (if used implicitly). Alternatively, prefix the name with `_` to silence this warning:
  [apply] _hzetaThree

Note: This linter can be disabled with `set_option linter.unusedVariables false`
⚠ [9245/9556] Replayed Theorems.Thm_StickyKakeya4_wz_readback_bookkeeping
warning: Theorems/Thm_StickyKakeya4_wz_readback_bookkeeping.lean:285:2: `push_neg` has been deprecated. Prefer using `push Not` instead.
If you'd rather continue using `push_neg` in your project, you can implement it as follows:
```
open Lean.Parser.Tactic in
macro "push_neg" cfg:optConfig loc:(location)? : tactic =>
  `(tactic| push $cfg:optConfig Not $[$loc]?)
```
info: Theorems/Thm_StickyKakeya4_wz_readback_bookkeeping.lean:380:55: Try this:
  [apply] ring_nf

  The `ring` tactic failed to close the goal. Use `ring_nf` to obtain a normal form.

  Note that `ring` works primarily in *commutative* rings. If you have a noncommutative ring, abelian group or module, consider using `noncomm_ring`, `abel` or `module` instead.
warning: Theorems/Thm_StickyKakeya4_wz_readback_bookkeeping.lean:625:4: Try `simp at hpositiveNonempty` instead of `simpa using hpositiveNonempty`

Note: This linter can be disabled with `set_option linter.unnecessarySimpa false`
warning: Theorems/Thm_StickyKakeya4_wz_readback_bookkeeping.lean:678:8: Try `simp at hpositiveNonempty` instead of `simpa using hpositiveNonempty`

Note: This linter can be disabled with `set_option linter.unnecessarySimpa false`
warning: Theorems/Thm_StickyKakeya4_wz_readback_bookkeeping.lean:831:2: Try this:
  letI̵

The goal is a proposition, so `let` is preferred over `letI`.
The difference between `let` and `letI` is that `letI` inlines the value.
But this is not relevant for proofs because of proof irrelevance.

Note: This linter can be disabled with `set_option linter.style.haveILetI false`
warning: Theorems/Thm_StickyKakeya4_wz_readback_bookkeeping.lean:974:4: Try `simp at hnonempty` instead of `simpa using hnonempty`

Note: This linter can be disabled with `set_option linter.unnecessarySimpa false`
warning: Theorems/Thm_StickyKakeya4_wz_readback_bookkeeping.lean:1181:6: Used `tac1 <;> tac2` where `(tac1; tac2)` would suffice

Note: This linter can be disabled with `set_option linter.unnecessarySeqFocus false`
warning: Theorems/Thm_StickyKakeya4_wz_readback_bookkeeping.lean:1182:6: Used `tac1 <;> tac2` where `(tac1; tac2)` would suffice

Note: This linter can be disabled with `set_option linter.unnecessarySeqFocus false`
warning: Theorems/Thm_StickyKakeya4_wz_readback_bookkeeping.lean:1236:4: Unused tactic linter: `change lowerConstant * (ENNReal.ofReal q).rpow theta ≤ mass` does nothing

Note: This linter can be disabled with `set_option linter.unusedTactic false`
ℹ [9248/9556] Replayed Theorems.Thm_StickyKakeya4_original_tube_parameter_integer_count
info: stdout:
FIFO compiler ticket: 01791102726404244037-85391ee9ee034408a3d21628137b8535.request
FIFO compiler acquired UTC: 2026-10-04T08:38:29.189772+00:00


ℹ [9252/9556] Replayed Theorems.Thm_StickyKakeya4_original_three_dimensional_middle_slice_branch
info: stdout:
FIFO compiler ticket: 01791102610648247076-86a5b68afbae4976a4ca5ba1d1c74dbd.request
FIFO compiler acquired UTC: 2026-10-04T08:30:18.088718+00:00


ℹ [9278/9556] Replayed Theorems.Thm_StickyKakeya4_original_three_dimensional_heavy_cube_shading
info: stdout:
FIFO compiler ticket: 01791102721321613688-33c75557366c4946814e108e3a69d032.request
FIFO compiler acquired UTC: 2026-10-04T08:36:34.474975+00:00


ℹ [9279/9556] Replayed Theorems.Thm_StickyKakeya4_original_three_dimensional_tube_incidence_energy
info: stdout:
FIFO compiler ticket: 01791103281189931559-e51bdd3bfee34e24a37db60885dc0a8f.request
FIFO compiler acquired UTC: 2026-10-04T08:46:22.291625+00:00


ℹ [9280/9556] Replayed Theorems.Thm_StickyKakeya4_original_three_dimensional_shade_local_count
info: stdout:
FIFO compiler ticket: 01791105350164006966-efc1ba752ce3467c86587c5572a801e3.request
FIFO compiler acquired UTC: 2026-10-04T09:17:13.967278+00:00


ℹ [9281/9556] Replayed Theorems.Thm_StickyKakeya4_original_three_dimensional_finite_shade_union
info: stdout:
FIFO compiler ticket: 01791105631959938531-6b289660897841cd9e9bd9c1ef3eecbc.request
FIFO compiler acquired UTC: 2026-10-04T09:30:46.723466+00:00


ℹ [9289/9556] Replayed Theorems.Thm_StickyKakeya4_native_cover_ad_representatives
info: stdout:
FIFO compiler ticket: 01791102613066889804-fff313c301fa459fac2d746f60b00acd.request
FIFO compiler acquired UTC: 2026-10-04T08:32:01.117182+00:00


ℹ [9290/9556] Replayed Theorems.Thm_StickyKakeya4_original_literal_grain_profiles
info: stdout:
FIFO compiler ticket: 01791105393621511875-3315ca1d7bc342f58e390510cf4694cc.request
FIFO compiler acquired UTC: 2026-10-04T09:20:59.954911+00:00


ℹ [9291/9556] Replayed Theorems.Thm_StickyKakeya4_original_three_dimensional_cap_distance
info: stdout:
FIFO compiler ticket: 01791102736262145352-7421f4f657614f5bbe78065ca41d75a9.request
FIFO compiler acquired UTC: 2026-10-04T08:39:37.113918+00:00


ℹ [9292/9556] Replayed Theorems.Thm_StickyKakeya4_original_three_dimensional_expanded_band_count
info: stdout:
FIFO compiler ticket: 01791110881214118735-ec3498398f124489b0c9a43aa23f9474.request
FIFO compiler acquired UTC: 2026-10-04T10:49:00.291386+00:00


ℹ [9293/9556] Replayed Theorems.Thm_StickyKakeya4_original_three_dimensional_separated_normals
info: stdout:
FIFO compiler ticket: 01791103316530941279-2cf57202753946b88f3764fa03ab680a.request
FIFO compiler acquired UTC: 2026-10-04T08:47:15.908012+00:00


ℹ [9294/9556] Replayed Theorems.Thm_StickyKakeya4_original_three_dimensional_narrow_slab_overlap
info: stdout:
FIFO compiler ticket: 01791103177349486553-019566d48d1741a48391f321ecfa31fb.request
FIFO compiler acquired UTC: 2026-10-04T08:44:40.696538+00:00


ℹ [9295/9556] Replayed Theorems.Thm_StickyKakeya4_original_three_dimensional_annular_slab_charge
info: stdout:
FIFO compiler ticket: 01791103526555719284-a99a7c3f55e846bda27479efddac8ef3.request
FIFO compiler acquired UTC: 2026-10-04T08:49:36.982703+00:00


ℹ [9296/9556] Replayed Theorems.Thm_StickyKakeya4_original_three_dimensional_large_slice_population
info: stdout:
FIFO compiler ticket: 01791105350139248270-75889812ba4848ba8b8b1b638229cfba.request
FIFO compiler acquired UTC: 2026-10-04T09:16:33.689471+00:00


ℹ [9297/9556] Replayed Theorems.Thm_StickyKakeya4_original_three_dimensional_common_slice_radius
info: stdout:
FIFO compiler ticket: 01791105441033614905-9f8f1f650f3948f593e9bbba0bd005d8.request
FIFO compiler acquired UTC: 2026-10-04T09:24:47.704491+00:00


ℹ [9298/9556] Replayed Theorems.Thm_StickyKakeya4_original_three_dimensional_common_pair_radius
info: stdout:
FIFO compiler ticket: 01791106056249825519-9a57bc1233c24a45bc1680aa8b7ca75e.request
FIFO compiler acquired UTC: 2026-10-04T09:35:21.334498+00:00


ℹ [9299/9556] Replayed Theorems.Thm_StickyKakeya4_native_original_concentrated_pair_graph
info: stdout:
FIFO compiler ticket: 01791106648203817324-e6da5174d98f4ba5a28a23266cdb3064.request
FIFO compiler acquired UTC: 2026-10-04T09:52:20.640302+00:00


ℹ [9300/9556] Replayed Theorems.Thm_StickyKakeya4_original_three_dimensional_pair_tube_family
info: stdout:
FIFO compiler ticket: 01791102721582762501-52f1409da2ee479a8a5c4fc6233beb22.request
FIFO compiler acquired UTC: 2026-10-04T08:37:52.880066+00:00


ℹ [9301/9556] Replayed Theorems.Thm_StickyKakeya4_original_three_dimensional_common_chart
info: stdout:
FIFO compiler ticket: 01791103207775256998-879c4ceacefe42a58c73b71d0c8890df.request
FIFO compiler acquired UTC: 2026-10-04T08:45:26.351564+00:00


ℹ [9302/9556] Replayed Theorems.Thm_StickyKakeya4_original_three_dimensional_direct_transverse_hairbrush
info: stdout:
FIFO compiler ticket: 01791105353113188723-87ecf7c333c7442e80a416ed01fa8179.request
FIFO compiler acquired UTC: 2026-10-04T09:17:29.377070+00:00


ℹ [9303/9556] Replayed Theorems.Thm_StickyKakeya4_original_three_dimensional_near_stem_shade
info: stdout:
FIFO compiler ticket: 01791105546414069780-547a0c020de342568fc0ac28595cd5dd.request
FIFO compiler acquired UTC: 2026-10-04T09:29:55.321274+00:00


ℹ [9304/9556] Replayed Theorems.Thm_StickyKakeya4_original_three_dimensional_pencil_geometry
info: stdout:
FIFO compiler ticket: 01791105350075798400-def456c90aa24cdab00088c3f834a805.request
FIFO compiler acquired UTC: 2026-10-04T09:15:55.396269+00:00


ℹ [9305/9556] Replayed Theorems.Thm_StickyKakeya4_original_three_dimensional_pencil_overlap
info: stdout:
FIFO compiler ticket: 01791105434224972151-85a7ce4d8046409e8cc600153035ae56.request
FIFO compiler acquired UTC: 2026-10-04T09:23:09.993116+00:00


ℹ [9306/9556] Replayed Theorems.Thm_StickyKakeya4_original_three_dimensional_pencil_partition
info: stdout:
FIFO compiler ticket: 01791106013912147996-4d12c404c11a4fb2b41555f409db0e1c.request
FIFO compiler acquired UTC: 2026-10-04T09:35:08.338655+00:00


ℹ [9307/9556] Replayed Theorems.Thm_StickyKakeya4_original_three_dimensional_pencil_unit_slabs
info: stdout:
FIFO compiler ticket: 01791105393949342615-213c99206237430f967011dfd2624bbf.request
FIFO compiler acquired UTC: 2026-10-04T09:21:10.472133+00:00


ℹ [9308/9556] Replayed Theorems.Thm_StickyKakeya4_original_three_dimensional_pencil_brush_groups
info: stdout:
FIFO compiler ticket: 01791106631249800460-ff268edcb900438e8383bb8da09a32a1.request
FIFO compiler acquired UTC: 2026-10-04T09:50:58.528143+00:00


ℹ [9309/9556] Replayed Theorems.Thm_StickyKakeya4_original_three_dimensional_shade_group_concentration
info: stdout:
FIFO compiler ticket: 01791106300522612205-b49b2ef61e2347cb90907af91bc2f68a.request
FIFO compiler acquired UTC: 2026-10-04T09:39:11.949974+00:00


ℹ [9310/9556] Replayed Theorems.Thm_StickyKakeya4_original_three_dimensional_localized_energy
info: stdout:
FIFO compiler ticket: 01791105350115658775-e35d1c335d9b414298d70d2bc0e25c5d.request
FIFO compiler acquired UTC: 2026-10-04T09:16:33.413002+00:00


ℹ [9311/9556] Replayed Theorems.Thm_StickyKakeya4_original_three_dimensional_group_source_mass
info: stdout:
FIFO compiler ticket: 01791106840606726185-01ca0c5ee54a452295700f0efe132bf2.request
FIFO compiler acquired UTC: 2026-10-04T09:55:41.209155+00:00


ℹ [9312/9556] Replayed Theorems.Thm_StickyKakeya4_original_three_dimensional_shaded_brush_slab
info: stdout:
FIFO compiler ticket: 01791107840621173818-c98e352f17b94a98aef0346b042c0699.request
FIFO compiler acquired UTC: 2026-10-04T10:04:56.201269+00:00


ℹ [9313/9556] Replayed Theorems.Thm_StickyKakeya4_original_three_dimensional_source_hairbrush_slab
info: stdout:
FIFO compiler ticket: 01791108986351727227-f6b30d92ba404059bdc92acf97a70d49.request
FIFO compiler acquired UTC: 2026-10-04T10:17:13.343526+00:00


⚠ [9315/9556] Replayed Theorems.Thm_StickyKakeya4_north_conditioned_boundary_probe_control
warning: Theorems/Thm_StickyKakeya4_north_conditioned_boundary_probe_control.lean:123:48: Used `tac1 <;> tac2` where `(tac1; tac2)` would suffice

Note: This linter can be disabled with `set_option linter.unnecessarySeqFocus false`
warning: Theorems/Thm_StickyKakeya4_north_conditioned_boundary_probe_control.lean:220:48: Used `tac1 <;> tac2` where `(tac1; tac2)` would suffice

Note: This linter can be disabled with `set_option linter.unnecessarySeqFocus false`
⚠ [9324/9556] Replayed Theorems.Thm_StickyKakeya4_collision_heavy_edge_decomposition
warning: Theorems/Thm_StickyKakeya4_collision_heavy_edge_decomposition.lean:561:10: try 'simp' instead of 'simpa'

Note: This linter can be disabled with `set_option linter.unnecessarySimpa false`
ℹ [9326/9556] Replayed Theorems.Thm_StickyKakeya4_original_three_dimensional_slice_energy_basic
info: stdout:
FIFO compiler ticket: 01791110881243138442-b6cd4d2ab3554955b1ea9db07745d796.request
FIFO compiler acquired UTC: 2026-10-04T10:49:02.485330+00:00


ℹ [9327/9556] Replayed Theorems.Thm_StickyKakeya4_original_three_dimensional_slice_potential_cut
info: stdout:
FIFO compiler ticket: 01791111039267271876-dc207b52476d4f42a5a3945be8f3e70d.request
FIFO compiler acquired UTC: 2026-10-04T10:53:27.536431+00:00


ℹ [9328/9556] Replayed Theorems.Thm_StickyKakeya4_original_three_dimensional_energy_regular_slice
info: stdout:
FIFO compiler ticket: 01791111263802870915-f1b0f2e5fbe0418dbc07c8d06f8afc8c.request
FIFO compiler acquired UTC: 2026-10-04T10:57:54.075737+00:00


ℹ [9329/9556] Replayed Theorems.Thm_StickyKakeya4_original_three_dimensional_expanded_slice_multiplicity
info: stdout:
FIFO compiler ticket: 01791111039351026468-13e0911f53e94b269eaa102b19d8b5c5.request
FIFO compiler acquired UTC: 2026-10-04T10:53:27.572147+00:00


ℹ [9330/9556] Replayed Theorems.Thm_StickyKakeya4_original_three_dimensional_marked_slice_incidences
info: stdout:
FIFO compiler ticket: 01791111263815118087-049de8835fec402ab5a5dac834a2ad2c.request
FIFO compiler acquired UTC: 2026-10-04T10:59:20.645356+00:00


ℹ [9331/9556] Replayed Theorems.Thm_StickyKakeya4_original_three_dimensional_averaged_slice_energy
info: stdout:
FIFO compiler ticket: 01791111263849769992-7e6f2bb4a3d74390aeb959aba952fe14.request
FIFO compiler acquired UTC: 2026-10-04T10:59:37.133103+00:00


ℹ [9332/9556] Replayed Theorems.Thm_StickyKakeya4_original_three_dimensional_regularized_marked_slice
info: stdout:
FIFO compiler ticket: 01791111674910609569-8639e4bf34d640ebb1d316eba0539a4c.request
FIFO compiler acquired UTC: 2026-10-04T11:05:57.563785+00:00


⚠ [9333/9556] Replayed Theorems.Thm_StickyKakeya4_conditioned_boundary_packet_mass
warning: Theorems/Thm_StickyKakeya4_conditioned_boundary_packet_mass.lean:41:2: Try this:
  letI̵

The goal is a proposition, so `let` is preferred over `letI`.
The difference between `let` and `letI` is that `letI` inlines the value.
But this is not relevant for proofs because of proof irrelevance.

Note: This linter can be disabled with `set_option linter.style.haveILetI false`
warning: Theorems/Thm_StickyKakeya4_conditioned_boundary_packet_mass.lean:44:2: Try this:
  letI̵

The goal is a proposition, so `let` is preferred over `letI`.
The difference between `let` and `letI` is that `letI` inlines the value.
But this is not relevant for proofs because of proof irrelevance.

Note: This linter can be disabled with `set_option linter.style.haveILetI false`
warning: Theorems/Thm_StickyKakeya4_conditioned_boundary_packet_mass.lean:58:2: Try this:
  letI̵

The goal is a proposition, so `let` is preferred over `letI`.
The difference between `let` and `letI` is that `letI` inlines the value.
But this is not relevant for proofs because of proof irrelevance.

Note: This linter can be disabled with `set_option linter.style.haveILetI false`
warning: Theorems/Thm_StickyKakeya4_conditioned_boundary_packet_mass.lean:126:4: try 'simp' instead of 'simpa'

Note: This linter can be disabled with `set_option linter.unnecessarySimpa false`
warning: Theorems/Thm_StickyKakeya4_conditioned_boundary_packet_mass.lean:18:19: Variable name `hepsilon` is not explicitly referenced.

Hint: The binding can be removed (if unused) or named `_` (if used implicitly). Alternatively, prefix the name with `_` to silence this warning:
  [apply] _hepsilon

Note: This linter can be disabled with `set_option linter.unusedVariables false`
warning: Theorems/Thm_StickyKakeya4_conditioned_boundary_packet_mass.lean:29:5: Variable name `hsourceMeasurable` is not explicitly referenced.

Hint: The binding can be removed (if unused) or named `_` (if used implicitly). Alternatively, prefix the name with `_` to silence this warning:
  [apply] _hsourceMeasurable

Note: This linter can be disabled with `set_option linter.unusedVariables false`
warning: Theorems/Thm_StickyKakeya4_conditioned_boundary_packet_mass.lean:31:32: Variable name `hrhoOne` is not explicitly referenced.

Hint: The binding can be removed (if unused) or named `_` (if used implicitly). Alternatively, prefix the name with `_` to silence this warning:
  [apply] _hrhoOne

Note: This linter can be disabled with `set_option linter.unusedVariables false`
warning: Theorems/Thm_StickyKakeya4_conditioned_boundary_packet_mass.lean:105:49: This simp argument is unused:
  hsourceMeasurable

Hint: Omit it from the simp argument list.
  [apply] simp [conditionedFinite, FiniteMeasure.mass]

Note: This linter can be disabled with `set_option linter.unusedSimpArgs false`
⚠ [9335/9556] Replayed Theorems.Thm_StickyKakeya4_measured_conditioned_boundary_packet
warning: Theorems/Thm_StickyKakeya4_measured_conditioned_boundary_packet.lean:57:5: Variable name `hepsilon` is not explicitly referenced.

Hint: The binding can be removed (if unused) or named `_` (if used implicitly). Alternatively, prefix the name with `_` to silence this warning:
  [apply] _hepsilon

Note: This linter can be disabled with `set_option linter.unusedVariables false`
warning: Theorems/Thm_StickyKakeya4_measured_conditioned_boundary_packet.lean:57:30: Variable name `hepsilonFour` is not explicitly referenced.

Hint: The binding can be removed (if unused) or named `_` (if used implicitly). Alternatively, prefix the name with `_` to silence this warning:
  [apply] _hepsilonFour

Note: This linter can be disabled with `set_option linter.unusedVariables false`
warning: Theorems/Thm_StickyKakeya4_measured_conditioned_boundary_packet.lean:224:48: Used `tac1 <;> tac2` where `(tac1; tac2)` would suffice

Note: This linter can be disabled with `set_option linter.unnecessarySeqFocus false`
⚠ [9336/9556] Replayed Theorems.Thm_StickyKakeya4_quantitative_conditioned_boundary_packet_chain
warning: Theorems/Thm_StickyKakeya4_quantitative_conditioned_boundary_packet_chain.lean:39:5: Variable name `hepsilon` is not explicitly referenced.

Hint: The binding can be removed (if unused) or named `_` (if used implicitly). Alternatively, prefix the name with `_` to silence this warning:
  [apply] _hepsilon

Note: This linter can be disabled with `set_option linter.unusedVariables false`
warning: Theorems/Thm_StickyKakeya4_quantitative_conditioned_boundary_packet_chain.lean:39:30: Variable name `hepsilonFour` is not explicitly referenced.

Hint: The binding can be removed (if unused) or named `_` (if used implicitly). Alternatively, prefix the name with `_` to silence this warning:
  [apply] _hepsilonFour

Note: This linter can be disabled with `set_option linter.unusedVariables false`
warning: Theorems/Thm_StickyKakeya4_quantitative_conditioned_boundary_packet_chain.lean:122:5: Variable name `hepsilon` is not explicitly referenced.

Hint: The binding can be removed (if unused) or named `_` (if used implicitly). Alternatively, prefix the name with `_` to silence this warning:
  [apply] _hepsilon

Note: This linter can be disabled with `set_option linter.unusedVariables false`
warning: Theorems/Thm_StickyKakeya4_quantitative_conditioned_boundary_packet_chain.lean:122:30: Variable name `hepsilonFour` is not explicitly referenced.

Hint: The binding can be removed (if unused) or named `_` (if used implicitly). Alternatively, prefix the name with `_` to silence this warning:
  [apply] _hepsilonFour

Note: This linter can be disabled with `set_option linter.unusedVariables false`
⚠ [9338/9556] Replayed Theorems.Thm_StickyKakeya4_quantitative_north_return_firewall
warning: Theorems/Thm_StickyKakeya4_quantitative_north_return_firewall.lean:187:16: Used `tac1 <;> tac2` where `(tac1; tac2)` would suffice

Note: This linter can be disabled with `set_option linter.unnecessarySeqFocus false`
⚠ [9341/9556] Replayed Theorems.Thm_StickyKakeya4_wz_common_slab_localization
warning: Theorems/Thm_StickyKakeya4_wz_common_slab_localization.lean:241:27: Used `tac1 <;> tac2` where `(tac1; tac2)` would suffice

Note: This linter can be disabled with `set_option linter.unnecessarySeqFocus false`
⚠ [9342/9556] Replayed Theorems.Thm_StickyKakeya4_packing_selector_to_finite_scale_sources
warning: Theorems/Thm_StickyKakeya4_packing_selector_to_finite_scale_sources.lean:170:4: Try this:
  letI̵

The goal is a proposition, so `let` is preferred over `letI`.
The difference between `let` and `letI` is that `letI` inlines the value.
But this is not relevant for proofs because of proof irrelevance.

Note: This linter can be disabled with `set_option linter.style.haveILetI false`
warning: Theorems/Thm_StickyKakeya4_packing_selector_to_finite_scale_sources.lean:337:4: Try this:
  letI̵

The goal is a proposition, so `let` is preferred over `letI`.
The difference between `let` and `letI` is that `letI` inlines the value.
But this is not relevant for proofs because of proof irrelevance.

Note: This linter can be disabled with `set_option linter.style.haveILetI false`
⚠ [9344/9556] Replayed Theorems.Thm_StickyKakeya4_cover_adapted_wang_zakharov_closure
warning: Theorems/Thm_StickyKakeya4_cover_adapted_wang_zakharov_closure.lean:24:5: Variable name `ambient` is not explicitly referenced.

Hint: The binding can be removed (if unused) or named `_` (if used implicitly). Alternatively, prefix the name with `_` to silence this warning:
  [apply] _ambient

Note: This linter can be disabled with `set_option linter.unusedVariables false`
warning: Theorems/Thm_StickyKakeya4_cover_adapted_wang_zakharov_closure.lean:24:13: Variable name `selector` is not explicitly referenced.

Hint: The binding can be removed (if unused) or named `_` (if used implicitly). Alternatively, prefix the name with `_` to silence this warning:
  [apply] _selector

Note: This linter can be disabled with `set_option linter.unusedVariables false`
warning: Theorems/Thm_StickyKakeya4_cover_adapted_wang_zakharov_closure.lean:541:37: Variable name `hAZero` is not explicitly referenced.

Hint: The binding can be removed (if unused) or named `_` (if used implicitly). Alternatively, prefix the name with `_` to silence this warning:
  [apply] _hAZero

Note: This linter can be disabled with `set_option linter.unusedVariables false`
warning: Theorems/Thm_StickyKakeya4_cover_adapted_wang_zakharov_closure.lean:585:4: Unused tactic linter: `change M * (2 * y).rpow d ≤ twoPower` does nothing

Note: This linter can be disabled with `set_option linter.unusedTactic false`
warning: Theorems/Thm_StickyKakeya4_cover_adapted_wang_zakharov_closure.lean:1159:2: Try this:
  letI̵

The goal is a proposition, so `let` is preferred over `letI`.
The difference between `let` and `letI` is that `letI` inlines the value.
But this is not relevant for proofs because of proof irrelevance.

Note: This linter can be disabled with `set_option linter.style.haveILetI false`
warning: Theorems/Thm_StickyKakeya4_cover_adapted_wang_zakharov_closure.lean:1244:4: try 'simp' instead of 'simpa'

Note: This linter can be disabled with `set_option linter.unnecessarySimpa false`
warning: Theorems/Thm_StickyKakeya4_cover_adapted_wang_zakharov_closure.lean:1223:49: This simp argument is unused:
  hseedMeasurable

Hint: Omit it from the simp argument list.
  [apply] simp [conditionedFinite, FiniteMeasure.mass]

Note: This linter can be disabled with `set_option linter.unusedSimpArgs false`
info: Theorems/Thm_StickyKakeya4_cover_adapted_wang_zakharov_closure.lean:1799:32: Try this:
  [apply] ring_nf

  The `ring` tactic failed to close the goal. Use `ring_nf` to obtain a normal form.

  Note that `ring` works primarily in *commutative* rings. If you have a noncommutative ring, abelian group or module, consider using `noncomm_ring`, `abel` or `module` instead.
info: Theorems/Thm_StickyKakeya4_cover_adapted_wang_zakharov_closure.lean:1809:35: Try this:
  [apply] ring_nf

  The `ring` tactic failed to close the goal. Use `ring_nf` to obtain a normal form.

  Note that `ring` works primarily in *commutative* rings. If you have a noncommutative ring, abelian group or module, consider using `noncomm_ring`, `abel` or `module` instead.
info: Theorems/Thm_StickyKakeya4_cover_adapted_wang_zakharov_closure.lean:1817:34: Try this:
  [apply] ring_nf

  The `ring` tactic failed to close the goal. Use `ring_nf` to obtain a normal form.

  Note that `ring` works primarily in *commutative* rings. If you have a noncommutative ring, abelian group or module, consider using `noncomm_ring`, `abel` or `module` instead.
warning: Theorems/Thm_StickyKakeya4_cover_adapted_wang_zakharov_closure.lean:1799:28: Used `tac1 <;> tac2` where `(tac1; tac2)` would suffice

Note: This linter can be disabled with `set_option linter.unnecessarySeqFocus false`
warning: Theorems/Thm_StickyKakeya4_cover_adapted_wang_zakharov_closure.lean:1809:31: Used `tac1 <;> tac2` where `(tac1; tac2)` would suffice

Note: This linter can be disabled with `set_option linter.unnecessarySeqFocus false`
warning: Theorems/Thm_StickyKakeya4_cover_adapted_wang_zakharov_closure.lean:1817:30: Used `tac1 <;> tac2` where `(tac1; tac2)` would suffice

Note: This linter can be disabled with `set_option linter.unnecessarySeqFocus false`
warning: Theorems/Thm_StickyKakeya4_cover_adapted_wang_zakharov_closure.lean:2579:37: `Set.mem_setOf_eq` has been deprecated: Use `Set.mem_ofPred_eq` instead
warning: Theorems/Thm_StickyKakeya4_cover_adapted_wang_zakharov_closure.lean:2580:4: This simp argument is unused:
  Prod.fst

Hint: Omit it from the simp argument list.
  [apply] simp only [differenceIncidenceSet, mem_setOf_eq, mem_preimage, mem_prod, Prod.snd]

Note: This linter can be disabled with `set_option linter.unusedSimpArgs false`
warning: Theorems/Thm_StickyKakeya4_cover_adapted_wang_zakharov_closure.lean:2580:14: This simp argument is unused:
  Prod.snd

Hint: Omit it from the simp argument list.
  [apply] simp only [differenceIncidenceSet, mem_setOf_eq, mem_preimage, mem_prod, Prod.fst]

Note: This linter can be disabled with `set_option linter.unusedSimpArgs false`
warning: Theorems/Thm_StickyKakeya4_cover_adapted_wang_zakharov_closure.lean:2933:6: try 'simp' instead of 'simpa'

Note: This linter can be disabled with `set_option linter.unnecessarySimpa false`
info: Theorems/Thm_StickyKakeya4_cover_adapted_wang_zakharov_closure.lean:3215:24: Try this:
  [apply] ring_nf

  The `ring` tactic failed to close the goal. Use `ring_nf` to obtain a normal form.

  Note that `ring` works primarily in *commutative* rings. If you have a noncommutative ring, abelian group or module, consider using `noncomm_ring`, `abel` or `module` instead.
warning: Theorems/Thm_StickyKakeya4_cover_adapted_wang_zakharov_closure.lean:3215:20: Used `tac1 <;> tac2` where `(tac1; tac2)` would suffice

Note: This linter can be disabled with `set_option linter.unnecessarySeqFocus false`
info: Theorems/Thm_StickyKakeya4_cover_adapted_wang_zakharov_closure.lean:3510:60: Try this:
  [apply] ring_nf

  The `ring` tactic failed to close the goal. Use `ring_nf` to obtain a normal form.

  Note that `ring` works primarily in *commutative* rings. If you have a noncommutative ring, abelian group or module, consider using `noncomm_ring`, `abel` or `module` instead.
warning: Theorems/Thm_StickyKakeya4_cover_adapted_wang_zakharov_closure.lean:3510:56: Used `tac1 <;> tac2` where `(tac1; tac2)` would suffice

Note: This linter can be disabled with `set_option linter.unnecessarySeqFocus false`
⚠ [9350/9556] Replayed Theorems.Thm_StickyKakeya4_countable_mass_stopping_prefix
warning: Theorems/Thm_StickyKakeya4_countable_mass_stopping_prefix.lean:112:10: This simp argument is unused:
  previous

Hint: Omit it from the simp argument list.
  [apply] simp only [countableStoppingRemainder, countableStoppingRemainderSet, current, i, hlarge, if_pos]

Note: This linter can be disabled with `set_option linter.unusedSimpArgs false`
warning: Theorems/Thm_StickyKakeya4_countable_mass_stopping_prefix.lean:115:10: This simp argument is unused:
  previous

Hint: Omit it from the simp argument list.
  [apply] simp only [countableStoppingRemainder, countableStoppingRemainderSet, current, i, hlarge, if_neg]

Note: This linter can be disabled with `set_option linter.unusedSimpArgs false`
warning: Theorems/Thm_StickyKakeya4_countable_mass_stopping_prefix.lean:115:40: This simp argument is unused:
  if_neg

Hint: Omit it from the simp argument list.
  [apply] simp only [countableStoppingRemainder, countableStoppingRemainderSet, previous, current, i, hlarge]

Note: This linter can be disabled with `set_option linter.unusedSimpArgs false`
warning: Theorems/Thm_StickyKakeya4_countable_mass_stopping_prefix.lean:127:4: try 'simp' instead of 'simpa'

Note: This linter can be disabled with `set_option linter.unnecessarySimpa false`
warning: Theorems/Thm_StickyKakeya4_countable_mass_stopping_prefix.lean:328:6: try 'simp' instead of 'simpa'

Note: This linter can be disabled with `set_option linter.unnecessarySimpa false`
⚠ [9351/9556] Replayed Theorems.Thm_StickyKakeya4_countable_ball_stopping
warning: Theorems/Thm_StickyKakeya4_countable_ball_stopping.lean:42:4: try 'simp' instead of 'simpa'

Note: This linter can be disabled with `set_option linter.unnecessarySimpa false`
⚠ [9352/9556] Replayed Theorems.Thm_StickyKakeya4_countable_ball_normalized_escape
warning: Theorems/Thm_StickyKakeya4_countable_ball_normalized_escape.lean:23:19: Variable name `hCtop` is not explicitly referenced.

Hint: The binding can be removed (if unused) or named `_` (if used implicitly). Alternatively, prefix the name with `_` to silence this warning:
  [apply] _hCtop

Note: This linter can be disabled with `set_option linter.unusedVariables false`
warning: Theorems/Thm_StickyKakeya4_countable_ball_normalized_escape.lean:26:8: Variable name `limit` is not explicitly referenced.

Hint: The binding can be removed (if unused) or named `_` (if used implicitly). Alternatively, prefix the name with `_` to silence this warning:
  [apply] _limit

Note: This linter can be disabled with `set_option linter.unusedVariables false`
warning: Theorems/Thm_StickyKakeya4_countable_ball_normalized_escape.lean:89:6: Unused tactic linter: `change (↑m.mass⁻¹ : ENNReal) * (↑m.mass : ENNReal) = 1` does nothing

Note: This linter can be disabled with `set_option linter.unusedTactic false`
ℹ [9362/9556] Replayed Theorems.Thm_StickyKakeya4_original_line_cover_packets
info: stdout:
FIFO compiler ticket: 01791110881178093934-019057d0994942ababe06456677adc07.request
FIFO compiler acquired UTC: 2026-10-04T10:48:05.702088+00:00

info: Theorems/Thm_StickyKakeya4_original_line_cover_packets.lean:319:57: Try this:
  [apply] ring_nf

  The `ring` tactic failed to close the goal. Use `ring_nf` to obtain a normal form.

  Note that `ring` works primarily in *commutative* rings. If you have a noncommutative ring, abelian group or module, consider using `noncomm_ring`, `abel` or `module` instead.
info: stdout:
FIFO compiler ticket: 01791110881178093934-019057d0994942ababe06456677adc07.request
FIFO compiler acquired UTC: 2026-10-04T10:48:05.702088+00:00


ℹ [9363/9556] Replayed Theorems.Thm_StickyKakeya4_compact_source_finite_readback
info: stdout:
FIFO compiler ticket: 01791110988019290814-41bcc8c871ce4d70bd1ea0fd3fee1123.request
FIFO compiler acquired UTC: 2026-10-04T10:52:31.380208+00:00


⚠ [9364/9556] Replayed Theorems.Thm_StickyKakeya4_source_point_three_packet_routing
warning: Theorems/Thm_StickyKakeya4_source_point_three_packet_routing.lean:132:2: Try this:
  letI̵

The goal is a proposition, so `let` is preferred over `letI`.
The difference between `let` and `letI` is that `letI` inlines the value.
But this is not relevant for proofs because of proof irrelevance.

Note: This linter can be disabled with `set_option linter.style.haveILetI false`
⚠ [9369/9556] Replayed Theorems.Thm_StickyKakeya4_front_countable_stopping_dichotomy
warning: Theorems/Thm_StickyKakeya4_front_countable_stopping_dichotomy.lean:60:2: Try this:
  letI̵

The goal is a proposition, so `let` is preferred over `letI`.
The difference between `let` and `letI` is that `letI` inlines the value.
But this is not relevant for proofs because of proof irrelevance.

Note: This linter can be disabled with `set_option linter.style.haveILetI false`
warning: Theorems/Thm_StickyKakeya4_front_countable_stopping_dichotomy.lean:63:2: Try this:
  letI̵

The goal is a proposition, so `let` is preferred over `letI`.
The difference between `let` and `letI` is that `letI` inlines the value.
But this is not relevant for proofs because of proof irrelevance.

Note: This linter can be disabled with `set_option linter.style.haveILetI false`
ℹ [9374/9556] Replayed Theorems.Thm_StickyKakeya4_original_weighted_macro_selection
info: stdout:
FIFO compiler ticket: 01791105355698110345-fe338d65916e43eca0bc92ee739d9823.request
FIFO compiler acquired UTC: 2026-10-04T09:18:23.546165+00:00


ℹ [9375/9556] Replayed Theorems.Thm_StickyKakeya4_original_macro_slice_cell_count
info: stdout:
FIFO compiler ticket: 01791105767331397956-589fdc0761564bd9b5379d589003c775.request
FIFO compiler acquired UTC: 2026-10-04T09:31:44.701692+00:00


ℹ [9376/9556] Replayed Theorems.Thm_StickyKakeya4_original_macro_grain_readback
info: stdout:
FIFO compiler ticket: 01791106399402395489-a81c40c50d55491babc2a8b2700dfca4.request
FIFO compiler acquired UTC: 2026-10-04T09:45:49.414951+00:00


ℹ [9377/9556] Replayed Theorems.Thm_StickyKakeya4_original_literal_height_window
info: stdout:
FIFO compiler ticket: 01791110881245964701-e8d135aeba6948f6bd1ced311f98fa9b.request
FIFO compiler acquired UTC: 2026-10-04T10:49:47.494748+00:00


⚠ [9378/9556] Replayed Theorems.Thm_StickyKakeya4_actual_slope_source
warning: Theorems/Thm_StickyKakeya4_actual_slope_source.lean:67:34: `EuclideanSpace.single_apply` has been deprecated: Use `PiLp.single_apply` instead

Note: The updated constant has a different type:
  ∀ (p : ℝ≥0∞) (𝕜 : Type u_1) {ι : Type u_2} [inst : DecidableEq ι] [inst_1 : Zero 𝕜] (i : ι) (a : 𝕜) (j : ι),
    (PiLp.single p i a).ofLp j = if j = i then a else 0
instead of
  ∀ {ι : Type u_1} {𝕜 : Type u_3} [inst : RCLike 𝕜] [inst_1 : DecidableEq ι] (i : ι) (a : 𝕜) (j : ι),
    (EuclideanSpace.single i a).ofLp j = if j = i then a else 0

Note: The updated constant is in a different namespace. Dot notation may need to be changed (e.g., from `x.single_apply` to `PiLp.single_apply x`).
warning: Theorems/Thm_StickyKakeya4_actual_slope_source.lean:206:69: Used `tac1 <;> tac2` where `(tac1; tac2)` would suffice

Note: This linter can be disabled with `set_option linter.unnecessarySeqFocus false`
ℹ [9381/9556] Replayed Theorems.Thm_StickyKakeya4_native_unit_parent_normalization
info: stdout:
FIFO compiler ticket: 01791102615958528891-de520bfd94e24bbe8379ff5829b250a7.request
FIFO compiler acquired UTC: 2026-10-04T08:32:16.089005+00:00


ℹ [9382/9556] Replayed Theorems.Thm_StickyKakeya4_native_unit_parent_directions
info: stdout:
FIFO compiler ticket: 01791102859082097158-d6c06463779d4e6387489e9f0afc4daf.request
FIFO compiler acquired UTC: 2026-10-04T08:42:09.167199+00:00


ℹ [9387/9556] Replayed Theorems.Thm_StickyKakeya4_native_coarse_original_incidences
info: stdout:
FIFO compiler ticket: 01791102618357806446-c314be00ac2844ebbc69de9c38219291.request
FIFO compiler acquired UTC: 2026-10-04T08:33:00.573769+00:00


ℹ [9388/9556] Replayed Theorems.Thm_StickyKakeya4_native_coarse_original_geometry
info: stdout:
FIFO compiler ticket: 01791103109484247044-b002b4ed55cd495ea625701f865e5e18.request
FIFO compiler acquired UTC: 2026-10-04T08:44:40.396692+00:00


ℹ [9389/9556] Replayed Theorems.Thm_StickyKakeya4_native_unit_parent_dyadic
info: stdout:
FIFO compiler ticket: 01791102963689940373-997ce21dd4d34885a3c395f924247a22.request
FIFO compiler acquired UTC: 2026-10-04T08:43:59.336088+00:00


ℹ [9404/9556] Replayed Theorems.Thm_StickyKakeya4_original_literal_macro_density
info: stdout:
FIFO compiler ticket: 01791107281415137897-3851fd35e1264c1c80ed63555003466e.request
FIFO compiler acquired UTC: 2026-10-04T09:58:01.862570+00:00


⚠ [9407/9556] Replayed Theorems.Thm_StickyKakeya4_positive_bush_frostman
warning: Theorems/Thm_StickyKakeya4_positive_bush_frostman.lean:212:49: Used `tac1 <;> tac2` where `(tac1; tac2)` would suffice

Note: This linter can be disabled with `set_option linter.unnecessarySeqFocus false`
warning: Theorems/Thm_StickyKakeya4_positive_bush_frostman.lean:389:2: `push_neg` has been deprecated. Prefer using `push Not` instead.
If you'd rather continue using `push_neg` in your project, you can implement it as follows:
```
open Lean.Parser.Tactic in
macro "push_neg" cfg:optConfig loc:(location)? : tactic =>
  `(tactic| push $cfg:optConfig Not $[$loc]?)
```
ℹ [9410/9556] Replayed Theorems.Thm_StickyKakeya4_native_fixed_compact_kakeya_exponent
info: stdout:
FIFO compiler ticket: 01791110883574486966-e3b23e7801044dcbaba76a9e9a163681.request
FIFO compiler acquired UTC: 2026-10-04T10:49:47.765885+00:00


ℹ [9411/9556] Replayed Theorems.Thm_StickyKakeya4_native_unit_parent_volume
info: stdout:
FIFO compiler ticket: 01791102882311119933-88893092dbd44a52a3633a5fbd29c4e3.request
FIFO compiler acquired UTC: 2026-10-04T08:43:13.149962+00:00


ℹ [9412/9556] Replayed Theorems.Thm_StickyKakeya4_native_original_concentrated_slice_closure
info: stdout:
FIFO compiler ticket: 01791110881178305702-a7fd6b8581f44074931abf88dc8f183d.request
FIFO compiler acquired UTC: 2026-10-04T10:48:06.022514+00:00


⚠ [9419/9556] Replayed Theorems.Thm_StickyKakeya4_quantitative_return_budget
warning: Theorems/Thm_StickyKakeya4_quantitative_return_budget.lean:201:16: Used `tac1 <;> tac2` where `(tac1; tac2)` would suffice

Note: This linter can be disabled with `set_option linter.unnecessarySeqFocus false`
⚠ [9420/9556] Replayed Theorems.Thm_StickyKakeya4_law_level_return_budget
warning: Theorems/Thm_StickyKakeya4_law_level_return_budget.lean:18:2: Try this:
  letI̵

The goal is a proposition, so `let` is preferred over `letI`.
The difference between `let` and `letI` is that `letI` inlines the value.
But this is not relevant for proofs because of proof irrelevance.

Note: This linter can be disabled with `set_option linter.style.haveILetI false`
warning: Theorems/Thm_StickyKakeya4_law_level_return_budget.lean:28:2: Try `simp at hunivZero` instead of `simpa using hunivZero`

Note: This linter can be disabled with `set_option linter.unnecessarySimpa false`
warning: Theorems/Thm_StickyKakeya4_law_level_return_budget.lean:58:2: Try this:
  letI̵

The goal is a proposition, so `let` is preferred over `letI`.
The difference between `let` and `letI` is that `letI` inlines the value.
But this is not relevant for proofs because of proof irrelevance.

Note: This linter can be disabled with `set_option linter.style.haveILetI false`
warning: Theorems/Thm_StickyKakeya4_law_level_return_budget.lean:174:16: Used `tac1 <;> tac2` where `(tac1; tac2)` would suffice

Note: This linter can be disabled with `set_option linter.unnecessarySeqFocus false`
warning: Theorems/Thm_StickyKakeya4_law_level_return_budget.lean:246:2: Try this:
  letI̵

The goal is a proposition, so `let` is preferred over `letI`.
The difference between `let` and `letI` is that `letI` inlines the value.
But this is not relevant for proofs because of proof irrelevance.

Note: This linter can be disabled with `set_option linter.style.haveILetI false`
⚠ [9421/9556] Replayed Theorems.Thm_StickyKakeya4_coherent_boundary_source_collision
warning: Theorems/Thm_StickyKakeya4_coherent_boundary_source_collision.lean:244:15: Variable name `heta0` is not explicitly referenced.

Hint: The binding can be removed (if unused) or named `_` (if used implicitly). Alternatively, prefix the name with `_` to silence this warning:
  [apply] _heta0

Note: This linter can be disabled with `set_option linter.unusedVariables false`
warning: Theorems/Thm_StickyKakeya4_coherent_boundary_source_collision.lean:803:35: Used `tac1 <;> tac2` where `(tac1; tac2)` would suffice

Note: This linter can be disabled with `set_option linter.unnecessarySeqFocus false`
warning: Theorems/Thm_StickyKakeya4_coherent_boundary_source_collision.lean:804:35: Used `tac1 <;> tac2` where `(tac1; tac2)` would suffice

Note: This linter can be disabled with `set_option linter.unnecessarySeqFocus false`
⚠ [9427/9556] Replayed Theorems.Thm_StickyKakeya4_vector_bush_frostman
warning: Theorems/Thm_StickyKakeya4_vector_bush_frostman.lean:32:26: Used `tac1 <;> tac2` where `(tac1; tac2)` would suffice

Note: This linter can be disabled with `set_option linter.unnecessarySeqFocus false`
warning: Theorems/Thm_StickyKakeya4_vector_bush_frostman.lean:32:38: Used `tac1 <;> tac2` where `(tac1; tac2)` would suffice

Note: This linter can be disabled with `set_option linter.unnecessarySeqFocus false`
warning: Theorems/Thm_StickyKakeya4_vector_bush_frostman.lean:255:4: Try this:
  letI̵

The goal is a proposition, so `let` is preferred over `letI`.
The difference between `let` and `letI` is that `letI` inlines the value.
But this is not relevant for proofs because of proof irrelevance.

Note: This linter can be disabled with `set_option linter.style.haveILetI false`
⚠ [9430/9556] Replayed Theorems.Thm_StickyKakeya4_retained_cell_return_firewall
warning: Theorems/Thm_StickyKakeya4_retained_cell_return_firewall.lean:400:50: Used `tac1 <;> tac2` where `(tac1; tac2)` would suffice

Note: This linter can be disabled with `set_option linter.unnecessarySeqFocus false`
warning: Theorems/Thm_StickyKakeya4_retained_cell_return_firewall.lean:605:50: Used `tac1 <;> tac2` where `(tac1; tac2)` would suffice

Note: This linter can be disabled with `set_option linter.unnecessarySeqFocus false`
⚠ [9434/9556] Replayed Theorems.Thm_StickyKakeya4_vector_bush_escape
warning: Theorems/Thm_StickyKakeya4_vector_bush_escape.lean:79:2: Try this:
  letI̵

The goal is a proposition, so `let` is preferred over `letI`.
The difference between `let` and `letI` is that `letI` inlines the value.
But this is not relevant for proofs because of proof irrelevance.

Note: This linter can be disabled with `set_option linter.style.haveILetI false`
warning: Theorems/Thm_StickyKakeya4_vector_bush_escape.lean:97:19: Variable name `hR1` is not explicitly referenced.

Hint: The binding can be removed (if unused) or named `_` (if used implicitly). Alternatively, prefix the name with `_` to silence this warning:
  [apply] _hR1

Note: This linter can be disabled with `set_option linter.unusedVariables false`
⚠ [9437/9556] Replayed Theorems.Thm_StickyKakeya4_packing_piece_return_budget
warning: Theorems/Thm_StickyKakeya4_packing_piece_return_budget.lean:100:2: Try this:
  letI̵

The goal is a proposition, so `let` is preferred over `letI`.
The difference between `let` and `letI` is that `letI` inlines the value.
But this is not relevant for proofs because of proof irrelevance.

Note: This linter can be disabled with `set_option linter.style.haveILetI false`
warning: Theorems/Thm_StickyKakeya4_packing_piece_return_budget.lean:101:2: Try `simp at hunivZero` instead of `simpa using hunivZero`

Note: This linter can be disabled with `set_option linter.unnecessarySimpa false`
warning: Theorems/Thm_StickyKakeya4_packing_piece_return_budget.lean:271:16: Used `tac1 <;> tac2` where `(tac1; tac2)` would suffice

Note: This linter can be disabled with `set_option linter.unnecessarySeqFocus false`
ℹ [9443/9556] Built Theorems.Thm_StickyKakeya4_original_polynomial_coefficient_grid (3.4s)
info: stdout:
FIFO compiler ticket: 01791114103896697576-9f1842a69f574b148acf9401af16ca7b.request
FIFO compiler acquired UTC: 2026-10-04T11:41:43.897089+00:00


ℹ [9444/9556] Built Theorems.Thm_StickyKakeya4_original_tensor_quadratic_caps (3.4s)
info: stdout:
FIFO compiler ticket: 01791114103933897518-be51e52d1f8f42929796f802f13d40fb.request
FIFO compiler acquired UTC: 2026-10-04T11:41:43.934355+00:00


ℹ [9445/9556] Replayed Theorems.Thm_StickyKakeya4_native_contracted_unit_parent
info: stdout:
FIFO compiler ticket: 01791105355853218931-e68eace4fa66436f8e7859dd1f93e16b.request
FIFO compiler acquired UTC: 2026-10-04T09:19:06.147988+00:00


ℹ [9446/9556] Replayed Theorems.Thm_StickyKakeya4_native_coarse_original_heights
info: stdout:
FIFO compiler ticket: 01791103526634956888-676e66ced0d749008177ad4448998033.request
FIFO compiler acquired UTC: 2026-10-04T08:50:34.616643+00:00


ℹ [9451/9556] Built Theorems.Thm_StickyKakeya4_original_three_dimensional_slab_projection (50s)
info: stdout:
FIFO compiler ticket: 01791114104569665031-58707ac94a164eacb8db5a580ccc7829.request
FIFO compiler acquired UTC: 2026-10-04T11:41:47.186586+00:00


ℹ [9454/9556] Replayed Theorems.Thm_StickyKakeya4_native_original_padded_cells
info: stdout:
FIFO compiler ticket: 01791105926241400471-433537b00738483592642dff1fd655d3.request
FIFO compiler acquired UTC: 2026-10-04T09:33:19.155048+00:00


ℹ [9455/9556] Replayed Theorems.Thm_StickyKakeya4_native_source_coarse_readback
info: stdout:
FIFO compiler ticket: 01791103936467886076-5f7e4436d9f24122826266dfbf49715f.request
FIFO compiler acquired UTC: 2026-10-04T08:56:05.301042+00:00


ℹ [9459/9556] Replayed Theorems.Thm_StickyKakeya4_native_normalized_parent_carrier_metric
info: stdout:
FIFO compiler ticket: 01791105790197391425-e4a44c9e2b3a43028d74e7a8c3975ac2.request
FIFO compiler acquired UTC: 2026-10-04T09:33:07.514374+00:00


ℹ [9460/9556] Built Theorems.Thm_StickyKakeya4_native_uniform_multiplicity_restriction (50s)
info: stdout:
FIFO compiler ticket: 01791114104579134436-b64a12a749fa437590673d3090bb7f19.request
FIFO compiler acquired UTC: 2026-10-04T11:41:47.192704+00:00


ℹ [9463/9556] Replayed Theorems.Thm_StickyKakeya4_native_padded_cell_union_bound
info: stdout:
FIFO compiler ticket: 01791106521594547693-592fac05a5944b45b67b2c37da5033a7.request
FIFO compiler acquired UTC: 2026-10-04T09:48:57.990285+00:00


ℹ [9464/9556] Replayed Theorems.Thm_StickyKakeya4_native_dense_source_coarse_family
info: stdout:
FIFO compiler ticket: 01791104219997247183-7132a32b855a4e24bab12e9d71e2c3e5.request
FIFO compiler acquired UTC: 2026-10-04T08:57:39.318796+00:00


ℹ [9465/9556] Replayed Theorems.Thm_StickyKakeya4_native_dense_retained_unit_parent
info: stdout:
FIFO compiler ticket: 01791102780805332870-2af64a08bb424847b9a9ceccec44a3f2.request
FIFO compiler acquired UTC: 2026-10-04T08:40:07.421924+00:00


ℹ [9468/9556] Replayed Theorems.Thm_StickyKakeya4_native_padded_cell_source
info: stdout:
FIFO compiler ticket: 01791106521604028340-3774bae0127f419990b66339a59e564a.request
FIFO compiler acquired UTC: 2026-10-04T09:50:16.548395+00:00


ℹ [9469/9556] Replayed Theorems.Thm_StickyKakeya4_native_padded_cell_fiber_count
info: stdout:
FIFO compiler ticket: 01791106521574779721-0d791aa2a40843c382707ef9bd1f46e7.request
FIFO compiler acquired UTC: 2026-10-04T09:48:32.694717+00:00


ℹ [9470/9556] Replayed Theorems.Thm_StickyKakeya4_native_pruned_power_constants
info: Theorems/Thm_StickyKakeya4_native_pruned_power_constants.lean:20:6: Try this:
  [apply] ring_nf

  The `ring` tactic failed to close the goal. Use `ring_nf` to obtain a normal form.

  Note that `ring` works primarily in *commutative* rings. If you have a noncommutative ring, abelian group or module, consider using `noncomm_ring`, `abel` or `module` instead.
ℹ [9471/9556] Replayed Theorems.Thm_StickyKakeya4_native_dyadic_pruning_cutoff
info: Theorems/Thm_StickyKakeya4_native_dyadic_pruning_cutoff.lean:47:27: Try this:
  [apply] ring_nf

  The `ring` tactic failed to close the goal. Use `ring_nf` to obtain a normal form.

  Note that `ring` works primarily in *commutative* rings. If you have a noncommutative ring, abelian group or module, consider using `noncomm_ring`, `abel` or `module` instead.
ℹ [9473/9556] Built Theorems.Thm_StickyKakeya4_original_finite_cell_weights (100s)
info: stdout:
FIFO compiler ticket: 01791114104606124347-2395241bf0f4487a9ea2cb93142b8abd.request
FIFO compiler acquired UTC: 2026-10-04T11:42:34.684683+00:00


ℹ [9474/9556] Replayed Theorems.Thm_StickyKakeya4_native_unit_parent_shadings
info: stdout:
FIFO compiler ticket: 01791103439591584631-a0c8b27825b64b73a24992c4d95659ec.request
FIFO compiler acquired UTC: 2026-10-04T08:47:42.379221+00:00


ℹ [9479/9556] Built Theorems.Thm_StickyKakeya4_original_planar_tube_pair_count (101s)
info: stdout:
FIFO compiler ticket: 01791114104590044309-9b7a6696dcc94846acad4659b3378b23.request
FIFO compiler acquired UTC: 2026-10-04T11:42:34.599073+00:00


ℹ [9480/9556] Replayed Theorems.Thm_StickyKakeya4_native_dyadic_coarse_normalization
info: stdout:
FIFO compiler ticket: 01791105449567408830-c54a416722b34db984e87d45ba8fc29c.request
FIFO compiler acquired UTC: 2026-10-04T09:25:26.006069+00:00


ℹ [9481/9556] Replayed Theorems.Thm_StickyKakeya4_native_padded_source_count_budget
info: stdout:
FIFO compiler ticket: 01791110942771000544-e8acc0a7fdbc4edda7d020548c8aba1c.request
FIFO compiler acquired UTC: 2026-10-04T10:51:45.233227+00:00


ℹ [9484/9556] Replayed Theorems.Thm_StickyKakeya4_native_padded_source_ad_upper
info: stdout:
FIFO compiler ticket: 01791110886226908055-22a0a5b6b159406db82f10a513723909.request
FIFO compiler acquired UTC: 2026-10-04T10:50:43.101546+00:00


ℹ [9485/9556] Replayed Theorems.Thm_StickyKakeya4_native_padded_source_mass
info: stdout:
FIFO compiler ticket: 01791110940483116084-25727e9c28934b0ba6eba9f03f504fb8.request
FIFO compiler acquired UTC: 2026-10-04T10:51:40.603223+00:00


ℹ [9486/9556] Replayed Theorems.Thm_StickyKakeya4_native_padded_source_power_budget
info: stdout:
FIFO compiler ticket: 01791110987789127652-22d2eb369ecc4ad5b213932216842691.request
FIFO compiler acquired UTC: 2026-10-04T10:52:31.296952+00:00


ℹ [9488/9556] Replayed Theorems.Thm_StickyKakeya4_native_dense_normalized_parent
info: stdout:
FIFO compiler ticket: 01791103736812461291-80ef7db8477146028641fb1feef5075a.request
FIFO compiler acquired UTC: 2026-10-04T08:54:06.159477+00:00


ℹ [9492/9556] Built Theorems.Thm_StickyKakeya4_original_three_dimensional_energy_slice_witness (152s)
info: stdout:
FIFO compiler ticket: 01791114104677217621-7e044ad7fe9f4049ab075fd46f9587cc.request
FIFO compiler acquired UTC: 2026-10-04T11:43:25.349236+00:00


ℹ [9493/9556] Replayed Theorems.Thm_StickyKakeya4_original_scalar_literal_cover_count
info: stdout:
FIFO compiler ticket: 01791105670745984094-7091b083470e4736944901ebaef9ff8a.request
FIFO compiler acquired UTC: 2026-10-04T09:30:47.096399+00:00


ℹ [9494/9556] Replayed Theorems.Thm_StickyKakeya4_native_padded_source_transport
info: stdout:
FIFO compiler ticket: 01791111207808874689-dd103a1ae11f4c969772afd376dfb5ee.request
FIFO compiler acquired UTC: 2026-10-04T10:57:49.641808+00:00


ℹ [9495/9556] Replayed Theorems.Thm_StickyKakeya4_native_padded_source_density
info: stdout:
FIFO compiler ticket: 01791111151664944651-b5dcaca5fb804fec8c145a19e51c986b.request
FIFO compiler acquired UTC: 2026-10-04T10:56:55.509755+00:00


ℹ [9497/9556] Built Theorems.Thm_StickyKakeya4_original_three_dimensional_nonconcentrated_row_mass (152s)
info: stdout:
FIFO compiler ticket: 01791114104634074855-d884d1f0cacf4897949f83174174d92e.request
FIFO compiler acquired UTC: 2026-10-04T11:43:25.036767+00:00


ℹ [9501/9556] Built Theorems.Thm_StickyKakeya4_original_whole_macro_window (204s)
info: stdout:
FIFO compiler ticket: 01791114107480763206-cc64b310fc0947678ae06048ddf4cec5.request
FIFO compiler acquired UTC: 2026-10-04T11:44:16.740501+00:00


ℹ [9502/9556] Built Theorems.Thm_StickyKakeya4_original_literal_macro_slice_upper (207s)
info: stdout:
FIFO compiler ticket: 01791114104812228792-78833652e2004e8183b0792f67d5d9a3.request
FIFO compiler acquired UTC: 2026-10-04T11:44:16.465266+00:00


ℹ [9503/9556] Replayed Theorems.Thm_StickyKakeya4_native_coarse_actual_height_vertices
info: stdout:
FIFO compiler ticket: 01791111043289582222-7e27f442dce545c8b406cf69fa37f5fe.request
FIFO compiler acquired UTC: 2026-10-04T10:54:23.609364+00:00


ℹ [9504/9556] Built Theorems.Thm_StickyKakeya4_original_height_window_macro_cells (260s)
info: stdout:
FIFO compiler ticket: 01791114107499622989-ca79376a70a640608cb400a8d41021f4.request
FIFO compiler acquired UTC: 2026-10-04T11:45:11.374672+00:00


ℹ [9505/9556] Replayed Theorems.Thm_StickyKakeya4_original_literal_common_alphabet
info: stdout:
FIFO compiler ticket: 01791106300561178934-2fabdbc653514a30a3b14e268fedda1c.request
FIFO compiler acquired UTC: 2026-10-04T09:40:40.353483+00:00


ℹ [9506/9556] Replayed Theorems.Thm_StickyKakeya4_native_padded_source_ad_lower
info: stdout:
FIFO compiler ticket: 01791111560838885337-9149ecf3cfec4170a843faaad6357e99.request
FIFO compiler acquired UTC: 2026-10-04T11:05:00.254140+00:00


ℹ [9509/9556] Built Theorems.Thm_StickyKakeya4_original_tensor_coefficient_collision (214s)
info: stdout:
FIFO compiler ticket: 01791114154694933576-0fb83469b7c0489ea05989709118615a.request
FIFO compiler acquired UTC: 2026-10-04T11:46:03.922457+00:00


ℹ [9512/9556] Built Theorems.Thm_StickyKakeya4_native_original_slice_restriction (264s)
info: stdout:
FIFO compiler ticket: 01791114154945994266-6ecb1f0f4b0041b0ba9a32067da78474.request
FIFO compiler acquired UTC: 2026-10-04T11:46:07.361892+00:00


ℹ [9513/9556] Replayed Theorems.Thm_StickyKakeya4_original_literal_angular_readback
info: stdout:
FIFO compiler ticket: 01791106952534157846-6e23e53bd9ef4544b7e6fcf7d60e8b48.request
FIFO compiler acquired UTC: 2026-10-04T09:56:19.931237+00:00


ℹ [9514/9556] Replayed Theorems.Thm_StickyKakeya4_native_padded_source_admissibility
info: stdout:
FIFO compiler ticket: 01791111988597001332-bd6767253dbf41059f92768f3700ceaa.request
FIFO compiler acquired UTC: 2026-10-04T11:11:17.116218+00:00


ℹ [9516/9556] Built Theorems.Thm_StickyKakeya4_original_planar_tube_energy (270s)
info: stdout:
FIFO compiler ticket: 01791114205577830354-f0bcd243d8804f13b02a0d968b338e69.request
FIFO compiler acquired UTC: 2026-10-04T11:46:59.162946+00:00


ℹ [9517/9556] Built Theorems.Thm_StickyKakeya4_original_three_dimensional_projection_cells (271s)
info: stdout:
FIFO compiler ticket: 01791114205338442855-23c4986eb4e7487b90d281821bbac64a.request
FIFO compiler acquired UTC: 2026-10-04T11:46:58.967973+00:00


ℹ [9519/9556] Built Theorems.Thm_StickyKakeya4_original_planar_tube_parameters (310s)
info: stdout:
FIFO compiler ticket: 01791114256760109603-07a3a79f873e48a9b2c3a913d7056dd3.request
FIFO compiler acquired UTC: 2026-10-04T11:47:56.281347+00:00


ℹ [9520/9556] Replayed Theorems.Thm_StickyKakeya4_original_literal_angular_budget
info: stdout:
FIFO compiler ticket: 01791107882099702279-a5b34f0d00be40a4bbd621bdba9a836b.request
FIFO compiler acquired UTC: 2026-10-04T10:06:21.251257+00:00


ℹ [9521/9556] Replayed Theorems.Thm_StickyKakeya4_native_compact_normalized_source
info: stdout:
FIFO compiler ticket: 01791112378606208712-bcc960b2b1474a959f5f9a5988f3b0e7.request
FIFO compiler acquired UTC: 2026-10-04T11:17:21.885386+00:00


ℹ [9523/9556] Replayed Theorems.Thm_StickyKakeya4_original_literal_angular_incidences
info: stdout:
FIFO compiler ticket: 01791111151537675128-3ab6e4a7f14442f4a35a6538196d1dd1.request
FIFO compiler acquired UTC: 2026-10-04T10:56:09.507032+00:00


ℹ [9524/9556] Built Theorems.Thm_StickyKakeya4_native_padded_phase_pullback (319s)
info: stdout:
FIFO compiler ticket: 01791114257034030733-4d5c935d8b034b35ba9e93193ee60adb.request
FIFO compiler acquired UTC: 2026-10-04T11:48:00.988218+00:00


ℹ [9525/9556] Built Theorems.Thm_StickyKakeya4_native_coarse_backbone_density (326s)
info: stdout:
FIFO compiler ticket: 01791114311619769031-7487b34aa45942ebb78fdf4dc9099e66.request
FIFO compiler acquired UTC: 2026-10-04T11:49:36.558653+00:00


ℹ [9526/9556] Replayed Theorems.Thm_StickyKakeya4_native_fixed_compact_normalized_near
info: stdout:
FIFO compiler ticket: 01791112729289006865-51c17e21ebd248a09459f3c461d21e1c.request
FIFO compiler acquired UTC: 2026-10-04T11:23:06.346365+00:00


ℹ [9527/9556] Built Theorems.Thm_StickyKakeya4_original_three_dimensional_marked_slice_witness (382s)
info: stdout:
FIFO compiler ticket: 01791114311925007406-9763ff12fb424e8da3d209f2f4de2e71.request
FIFO compiler acquired UTC: 2026-10-04T11:50:37.684890+00:00


ℹ [9528/9556] Replayed Theorems.Thm_StickyKakeya4_native_compact_volume_transport
info: stdout:
FIFO compiler ticket: 01791112729298417461-e7226c3d33564694a0e6f321a52053a7.request
FIFO compiler acquired UTC: 2026-10-04T11:23:21.526723+00:00


ℹ [9529/9556] Built Theorems.Thm_StickyKakeya4_original_three_dimensional_chosen_slice_tube (384s)
info: stdout:
FIFO compiler ticket: 01791114367586681972-acf4c9e3bb184e7fbfc68d88f15053ce.request
FIFO compiler acquired UTC: 2026-10-04T11:51:34.190194+00:00


ℹ [9530/9556] Built Theorems.Thm_StickyKakeya4_original_literal_dense_macro_height (382s)
info: stdout:
FIFO compiler ticket: 01791114369721123723-dba33b99823b4f2b88330e5a61d245b0.request
FIFO compiler acquired UTC: 2026-10-04T11:51:34.367563+00:00


ℹ [9531/9556] Built Theorems.Thm_StickyKakeya4_original_tensor_coefficient_permutation (388s)
info: stdout:
FIFO compiler ticket: 01791114419231268382-533ceca60c0b45598a75a79e953e23a8.request
FIFO compiler acquired UTC: 2026-10-04T11:53:22.833295+00:00


ℹ [9532/9556] Built Theorems.Thm_StickyKakeya4_native_coarse_slope_occupancy (378s)
info: stdout:
FIFO compiler ticket: 01791114476428470540-9b5ca4b4ca6047b7a4e5b30ffeb717fa.request
FIFO compiler acquired UTC: 2026-10-04T11:53:27.218521+00:00


ℹ [9533/9556] Replayed Theorems.Thm_StickyKakeya4_native_fixed_compact_incidence_parent
info: stdout:
FIFO compiler ticket: 01791113049112725441-aa2fd1f55daa414a982e3f276d34a6fc.request
FIFO compiler acquired UTC: 2026-10-04T11:26:57.435588+00:00


ℹ [9534/9556] Built Theorems.Thm_StickyKakeya4_original_three_dimensional_weighted_planar_projection (343s)
info: stdout:
FIFO compiler ticket: 01791114567487983255-d23b46f65e234195a4a10b4d80912ace.request
FIFO compiler acquired UTC: 2026-10-04T11:54:14.703011+00:00


ℹ [9535/9556] Built Theorems.Thm_StickyKakeya4_original_tube_core_reinforcement (434s)
info: stdout:
FIFO compiler ticket: 01791114476506697822-d7b7d2f75d2c4346bed61960ecb8b21d.request
FIFO compiler acquired UTC: 2026-10-04T11:54:13.406970+00:00


ℹ [9536/9556] Built Theorems.Thm_StickyKakeya4_original_planar_tube_chart (328s)
info: stdout:
FIFO compiler ticket: 01791114637992116227-43bc1bce120a4d0fb3d0ac3c381cd272.request
FIFO compiler acquired UTC: 2026-10-04T11:55:11.126053+00:00


ℹ [9537/9556] Built Theorems.Thm_StickyKakeya4_original_planar_chart_tube_energy (389s)
info: stdout:
FIFO compiler ticket: 01791114576764552914-4f2cab57195c4fb0be02c72b71eb3a25.request
FIFO compiler acquired UTC: 2026-10-04T11:55:11.027867+00:00


ℹ [9538/9556] Built Theorems.Thm_StickyKakeya4_native_same_parent_source_selection (336s)
info: stdout:
FIFO compiler ticket: 01791114694574227771-f20d14ca410d412f94c91b789378e438.request
FIFO compiler acquired UTC: 2026-10-04T11:56:06.427164+00:00


ℹ [9539/9556] Replayed Theorems.Thm_StickyKakeya4_native_fixed_compact_slice_population
info: stdout:
FIFO compiler ticket: 01791113263690266874-526d38bbeceb46c59d9030004908ba71.request
FIFO compiler acquired UTC: 2026-10-04T11:28:19.004323+00:00


ℹ [9540/9556] Built Theorems.Thm_StickyKakeya4_original_three_dimensional_marked_endpoint_carrier (342s)
info: stdout:
FIFO compiler ticket: 01791114752301261050-7ffa5b1a09c945be93700a13c80d8dfb.request
FIFO compiler acquired UTC: 2026-10-04T11:57:11.031479+00:00


ℹ [9541/9556] Built Theorems.Thm_StickyKakeya4_original_three_dimensional_native_reinforcement_budget (344s)
info: stdout:
FIFO compiler ticket: 01791114752104883277-5e06bc589db14c858c3925125ed4d006.request
FIFO compiler acquired UTC: 2026-10-04T11:57:10.564626+00:00


ℹ [9542/9556] Built Theorems.Thm_StickyKakeya4_native_fixed_compact_normalized_near_height (385s)
info: stdout:
FIFO compiler ticket: 01791114807428247997-76212ae472c4422e91ac4c58d83e4fee.request
FIFO compiler acquired UTC: 2026-10-04T11:58:14.595920+00:00


ℹ [9543/9556] Built Theorems.Thm_StickyKakeya4_native_fixed_compact_multiplicity (384s)
info: stdout:
FIFO compiler ticket: 01791114854967484436-a06dee9c8ae34a33b95bbe73959bbcbc.request
FIFO compiler acquired UTC: 2026-10-04T11:58:36.395379+00:00


ℹ [9544/9556] Built Theorems.Thm_StickyKakeya4_native_original_bounded_nonconcentrated_rows (533s)
info: stdout:
FIFO compiler ticket: 01791114911322814684-047362887afd4456b4ac8d312f7ba895.request
FIFO compiler acquired UTC: 2026-10-04T12:01:53.239159+00:00


ℹ [9545/9556] Built Theorems.Thm_StickyKakeya4_original_literal_macro_height_budget (581s)
info: stdout:
FIFO compiler ticket: 01791114911453348969-f2e03cc532614803ab87dbf3529f37cd.request
FIFO compiler acquired UTC: 2026-10-04T12:02:43.325275+00:00


ℹ [9546/9556] Built Theorems.Thm_StickyKakeya4_original_tensor_projection_pairs (548s)
info: stdout:
FIFO compiler ticket: 01791114966508933415-09965109bc714e8da5fc3a44a6ccb37b.request
FIFO compiler acquired UTC: 2026-10-04T12:04:53.195245+00:00


ℹ [9547/9556] Built Theorems.Thm_StickyKakeya4_original_three_dimensional_planar_box_projection (663s)
info: stdout:
FIFO compiler ticket: 01791114966661279834-205e0ae3ed194055b522fcbd01f4af84.request
FIFO compiler acquired UTC: 2026-10-04T12:05:15.362980+00:00


ℹ [9548/9556] Built Theorems.Thm_StickyKakeya4_native_incidence_multiplicity_tower (735s)
info: stdout:
FIFO compiler ticket: 01791115030868905516-d56547bb89ad4ab48dc9b46b0f648655.request
FIFO compiler acquired UTC: 2026-10-04T12:07:10.390891+00:00


ℹ [9549/9556] Built Theorems.Thm_StickyKakeya4_original_planar_core_richness (788s)
info: stdout:
FIFO compiler ticket: 01791115094826343070-d7990f9c9f724290809637c16bb3756e.request
FIFO compiler acquired UTC: 2026-10-04T12:09:26.147822+00:00


ℹ [9550/9556] Built Theorems.Thm_StickyKakeya4_original_high_dimensional_projection_energy (373s)
info: stdout:
FIFO compiler ticket: 01791115515417488704-2b3f240f714f49ec86d3573ae92046fc.request
FIFO compiler acquired UTC: 2026-10-04T12:11:23.398570+00:00


ℹ [9551/9556] Built Theorems.Thm_StickyKakeya4_original_three_dimensional_planar_tube_projection (302s)
info: stdout:
FIFO compiler ticket: 01791115630700306348-30c0059db9e94295a3e411d36430dff5.request
FIFO compiler acquired UTC: 2026-10-04T12:11:28.834799+00:00


ℹ [9552/9556] Built Theorems.Thm_StickyKakeya4_original_three_dimensional_marked_planar_core (346s)
info: stdout:
FIFO compiler ticket: 01791115630709373290-9f4ad0c49eed445a9c0a3ba03c001444.request
FIFO compiler acquired UTC: 2026-10-04T12:12:11.493094+00:00


ℹ [9553/9556] Built Theorems.Thm_StickyKakeya4_original_tensor_projection_selection (93s)
info: stdout:
FIFO compiler ticket: 01791115888939498093-639e32fbfc54483690da6b206efc53f4.request
FIFO compiler acquired UTC: 2026-10-04T12:12:56.529543+00:00


ℹ [9554/9556] Built Theorems.Thm_StickyKakeya4_original_three_dimensional_planar_tube_lift (214s)
info: stdout:
FIFO compiler ticket: 01791115933349113551-961040b8ddde461c894eee58efad1694.request
FIFO compiler acquired UTC: 2026-10-04T12:14:37.012768+00:00


ℹ [9555/9556] Built Theorems.Thm_StickyKakeya4_original_three_dimensional_physical_core_richness (156s)
info: stdout:
FIFO compiler ticket: 01791116148225234304-fe3145d8572a4d4988346b52d2021c64.request
FIFO compiler acquired UTC: 2026-10-04T12:16:59.968036+00:00


Build completed successfully (9556 jobs).

Confirmed exit code: 0

Command: STICKY_LEAN_BINARY=/workspace/scratch/5f2524fd4117/lean-tools/lean-4.33.1-linux/bin/lean STICKY_BUILD_JOBS=2 scripts/build-bounded.sh
