{
  "state": "running",
  "source_commit": "aac42d003671beb5eb9dacbd77154ba60e41bc26",
  "project_module_count": 1020,
  "full_frozen_project_build": true,
  "command": [
    "bash",
    "-c",
    "source /workspace/scratch/5f2524fd4117/lean-tools/environment.sh\nexec ./scripts/build-bounded.sh \"$@\"",
    "frozen-full-targets",
    "Definitions.Def_sticky_kakeya4_core",
    "Theorems.Ext_BrunnMinkowski",
    "Theorems.Thm_StickyKakeya4_abelian_shifted_label_energy",
    "Theorems.Thm_StickyKakeya4_actual_abc_image_assembly",
    "Theorems.Thm_StickyKakeya4_actual_excessive_local_graph",
    "Theorems.Thm_StickyKakeya4_actual_half_edge_bush_seed",
    "Theorems.Thm_StickyKakeya4_actual_mass_rounded_selection",
    "Theorems.Thm_StickyKakeya4_actual_packing_reference_source",
    "Theorems.Thm_StickyKakeya4_actual_planar_rounded_energy",
    "Theorems.Thm_StickyKakeya4_actual_planar_target_cover",
    "Theorems.Thm_StickyKakeya4_actual_reference_vertical_count",
    "Theorems.Thm_StickyKakeya4_actual_residual_cycle_witness",
    "Theorems.Thm_StickyKakeya4_actual_residual_phase_localization",
    "Theorems.Thm_StickyKakeya4_actual_rounded_additive_energy",
    "Theorems.Thm_StickyKakeya4_actual_scalar_ad_profiles",
    "Theorems.Thm_StickyKakeya4_actual_shell_graph",
    "Theorems.Thm_StickyKakeya4_actual_slope_source",
    "Theorems.Thm_StickyKakeya4_actual_slope_source_bounds",
    "Theorems.Thm_StickyKakeya4_actual_source_collision_packet",
    "Theorems.Thm_StickyKakeya4_actual_source_collision_tower",
    "Theorems.Thm_StickyKakeya4_actual_subpower_reference_source",
    "Theorems.Thm_StickyKakeya4_actual_tube_footprint_profiles",
    "Theorems.Thm_StickyKakeya4_ad_grid_cover_menus",
    "Theorems.Thm_StickyKakeya4_adapted_box_volume",
    "Theorems.Thm_StickyKakeya4_affine_focus_energy_escape",
    "Theorems.Thm_StickyKakeya4_angular_menu_stabilization",
    "Theorems.Thm_StickyKakeya4_angular_residual_excess",
    "Theorems.Thm_StickyKakeya4_angular_residual_shell",
    "Theorems.Thm_StickyKakeya4_asymmetric_dyadic_absorption",
    "Theorems.Thm_StickyKakeya4_asymmetric_original_subset_assembly",
    "Theorems.Thm_StickyKakeya4_backward_fiber_grains",
    "Theorems.Thm_StickyKakeya4_balanced_bsg_iteration_core",
    "Theorems.Thm_StickyKakeya4_balanced_bsg_polynomial_loss",
    "Theorems.Thm_StickyKakeya4_borel_selector_foundations",
    "Theorems.Thm_StickyKakeya4_borel_selector_reduction",
    "Theorems.Thm_StickyKakeya4_bounded_original_angle_tube_transfer",
    "Theorems.Thm_StickyKakeya4_canonical_sphere_measure",
    "Theorems.Thm_StickyKakeya4_capacity_envelope_budget",
    "Theorems.Thm_StickyKakeya4_carrier_piece_probability",
    "Theorems.Thm_StickyKakeya4_chain_original_core_pullback",
    "Theorems.Thm_StickyKakeya4_coherent_boundary_shrinking_packets",
    "Theorems.Thm_StickyKakeya4_coherent_boundary_source_collision",
    "Theorems.Thm_StickyKakeya4_collision_edge_contact_residual",
    "Theorems.Thm_StickyKakeya4_collision_edge_fixed_height_control",
    "Theorems.Thm_StickyKakeya4_collision_flow_overlap_witness",
    "Theorems.Thm_StickyKakeya4_collision_heavy_edge_decomposition",
    "Theorems.Thm_StickyKakeya4_collision_routing_failure_counterexamples",
    "Theorems.Thm_StickyKakeya4_collision_support_cardinality",
    "Theorems.Thm_StickyKakeya4_collision_time_coherent_motion",
    "Theorems.Thm_StickyKakeya4_common_height_collision_time_routing",
    "Theorems.Thm_StickyKakeya4_common_height_collision_tower",
    "Theorems.Thm_StickyKakeya4_common_shading_obstruction",
    "Theorems.Thm_StickyKakeya4_common_target_star_kernel",
    "Theorems.Thm_StickyKakeya4_common_time_slice_cover",
    "Theorems.Thm_StickyKakeya4_compact_front",
    "Theorems.Thm_StickyKakeya4_compact_front_frostman_limit",
    "Theorems.Thm_StickyKakeya4_compact_packing_power_piece",
    "Theorems.Thm_StickyKakeya4_compact_source_finite_readback",
    "Theorems.Thm_StickyKakeya4_compatible_tuple_selection",
    "Theorems.Thm_StickyKakeya4_conditioned_boundary_packet_chain",
    "Theorems.Thm_StickyKakeya4_conditioned_boundary_packet_extension",
    "Theorems.Thm_StickyKakeya4_conditioned_boundary_packet_mass",
    "Theorems.Thm_StickyKakeya4_conditioned_packet_center_control",
    "Theorems.Thm_StickyKakeya4_contact_cycle_rigidity",
    "Theorems.Thm_StickyKakeya4_contact_symplectic_edge_flow_certificate_existence",
    "Theorems.Thm_StickyKakeya4_countable_ball_normalized_escape",
    "Theorems.Thm_StickyKakeya4_countable_ball_stopping",
    "Theorems.Thm_StickyKakeya4_countable_mass_stopping_prefix",
    "Theorems.Thm_StickyKakeya4_cover_adapted_wang_zakharov_closure",
    "Theorems.Thm_StickyKakeya4_cover_profile_clipping",
    "Theorems.Thm_StickyKakeya4_cover_profile_stopping",
    "Theorems.Thm_StickyKakeya4_cover_routed_residual_bound",
    "Theorems.Thm_StickyKakeya4_cumulative_mass_rounding",
    "Theorems.Thm_StickyKakeya4_dense_bipartite_genuine_four_cycle",
    "Theorems.Thm_StickyKakeya4_dense_collision_relation_tower",
    "Theorems.Thm_StickyKakeya4_dense_relation_marked_four_cycle",
    "Theorems.Thm_StickyKakeya4_difference_core_iterated_cover",
    "Theorems.Thm_StickyKakeya4_dimension_witness_extraction",
    "Theorems.Thm_StickyKakeya4_disjoint_positive_exhaustion",
    "Theorems.Thm_StickyKakeya4_disjoint_profile_epochs",
    "Theorems.Thm_StickyKakeya4_disjoint_rich_translate_cover",
    "Theorems.Thm_StickyKakeya4_dyadic_ad_interpolation",
    "Theorems.Thm_StickyKakeya4_dyadic_alignment_parameters",
    "Theorems.Thm_StickyKakeya4_dyadic_height_boundary_padding",
    "Theorems.Thm_StickyKakeya4_dyadic_height_cutoff_selection",
    "Theorems.Thm_StickyKakeya4_dyadic_original_fiber_selection",
    "Theorems.Thm_StickyKakeya4_edge_flow_certificate_to_uniform_bound",
    "Theorems.Thm_StickyKakeya4_edge_marginal_obstruction",
    "Theorems.Thm_StickyKakeya4_energy_dimension",
    "Theorems.Thm_StickyKakeya4_energy_preserving_original_fiber_bin",
    "Theorems.Thm_StickyKakeya4_euclidean_alignment_patches",
    "Theorems.Thm_StickyKakeya4_exact_collision_identity",
    "Theorems.Thm_StickyKakeya4_exact_packing_reference_piece",
    "Theorems.Thm_StickyKakeya4_filtration_capacity_budget",
    "Theorems.Thm_StickyKakeya4_fine_point_slab_geometry",
    "Theorems.Thm_StickyKakeya4_finite_cell_label_reduction",
    "Theorems.Thm_StickyKakeya4_finite_common_point_tube_representatives",
    "Theorems.Thm_StickyKakeya4_finite_cover_profile_epochs",
    "Theorems.Thm_StickyKakeya4_finite_cyclic_grid_padding",
    "Theorems.Thm_StickyKakeya4_finite_four_sample_three_packet",
    "Theorems.Thm_StickyKakeya4_finite_hausdorff_ball_cover",
    "Theorems.Thm_StickyKakeya4_finite_kaufman_projection",
    "Theorems.Thm_StickyKakeya4_finite_mass_conserving_stopping",
    "Theorems.Thm_StickyKakeya4_finite_phase_field_images",
    "Theorems.Thm_StickyKakeya4_finite_plane_projection_allscale",
    "Theorems.Thm_StickyKakeya4_finite_plane_projection_energy",
    "Theorems.Thm_StickyKakeya4_finite_plane_projection_final",
    "Theorems.Thm_StickyKakeya4_finite_plane_projection_frostman",
    "Theorems.Thm_StickyKakeya4_finite_plane_projection_frostman_geometry",
    "Theorems.Thm_StickyKakeya4_finite_plane_projection_graph_core",
    "Theorems.Thm_StickyKakeya4_finite_plane_projection_graph_density",
    "Theorems.Thm_StickyKakeya4_finite_plane_projection_graph_final",
    "Theorems.Thm_StickyKakeya4_finite_plane_projection_graph_geometry",
    "Theorems.Thm_StickyKakeya4_finite_plane_projection_graph_lift",
    "Theorems.Thm_StickyKakeya4_finite_plane_projection_graph_selection",
    "Theorems.Thm_StickyKakeya4_finite_plane_projection_grid",
    "Theorems.Thm_StickyKakeya4_finite_plane_projection_joint",
    "Theorems.Thm_StickyKakeya4_finite_plane_projection_line_tubes",
    "Theorems.Thm_StickyKakeya4_finite_plane_projection_native_geometry",
    "Theorems.Thm_StickyKakeya4_finite_plane_projection_original_b",
    "Theorems.Thm_StickyKakeya4_finite_plane_projection_original_graph",
    "Theorems.Thm_StickyKakeya4_finite_plane_projection_perturbation",
    "Theorems.Thm_StickyKakeya4_finite_plane_projection_representatives",
    "Theorems.Thm_StickyKakeya4_finite_plane_projection_selection",
    "Theorems.Thm_StickyKakeya4_finite_plane_projection_separated",
    "Theorems.Thm_StickyKakeya4_finite_plane_projection_triangles",
    "Theorems.Thm_StickyKakeya4_finite_scale_source_mass",
    "Theorems.Thm_StickyKakeya4_finite_transverse_menu_growth",
    "Theorems.Thm_StickyKakeya4_finite_voronoi_ad_coarsening",
    "Theorems.Thm_StickyKakeya4_finite_voronoi_population",
    "Theorems.Thm_StickyKakeya4_finite_voronoi_real_ad_coarsening",
    "Theorems.Thm_StickyKakeya4_fixed_angle_terminal_vanishing",
    "Theorems.Thm_StickyKakeya4_fixed_time_heavy_families",
    "Theorems.Thm_StickyKakeya4_four_cycle_contact_frame",
    "Theorems.Thm_StickyKakeya4_four_distinct_sources",
    "Theorems.Thm_StickyKakeya4_four_probe_boundary_firewall",
    "Theorems.Thm_StickyKakeya4_four_probe_boundary_limit",
    "Theorems.Thm_StickyKakeya4_four_probe_cauchy_extraction",
    "Theorems.Thm_StickyKakeya4_four_unit_tube_band_cover",
    "Theorems.Thm_StickyKakeya4_fractional_fiber_alignment",
    "Theorems.Thm_StickyKakeya4_fresh_return_tower_extraction",
    "Theorems.Thm_StickyKakeya4_front_affine_dimension_transport",
    "Theorems.Thm_StickyKakeya4_front_countable_stopping_dichotomy",
    "Theorems.Thm_StickyKakeya4_front_direction_cap_firewall",
    "Theorems.Thm_StickyKakeya4_front_direction_fibre_ball_firewall",
    "Theorems.Thm_StickyKakeya4_front_fibre_lower_bound",
    "Theorems.Thm_StickyKakeya4_front_parameter_probability",
    "Theorems.Thm_StickyKakeya4_front_parametrization",
    "Theorems.Thm_StickyKakeya4_front_two_probe_direction_firewall",
    "Theorems.Thm_StickyKakeya4_frostman_mass_distribution",
    "Theorems.Thm_StickyKakeya4_full_normalized_ambient_ad",
    "Theorems.Thm_StickyKakeya4_full_normalized_scalar_ad",
    "Theorems.Thm_StickyKakeya4_gkz_balanced_dyadic_scale",
    "Theorems.Thm_StickyKakeya4_gkz_dilate_rounded_sums",
    "Theorems.Thm_StickyKakeya4_gkz_finite_anchored_plunnecke",
    "Theorems.Thm_StickyKakeya4_gkz_finite_gap_dichotomy",
    "Theorems.Thm_StickyKakeya4_gkz_finite_halving_net",
    "Theorems.Thm_StickyKakeya4_gkz_grid_code_perturbation",
    "Theorems.Thm_StickyKakeya4_gkz_original_anchor_cover",
    "Theorems.Thm_StickyKakeya4_gkz_original_anchor_profile",
    "Theorems.Thm_StickyKakeya4_gkz_original_bounded_gap_coefficients",
    "Theorems.Thm_StickyKakeya4_gkz_original_dense_energy",
    "Theorems.Thm_StickyKakeya4_gkz_original_dense_gain",
    "Theorems.Thm_StickyKakeya4_gkz_original_dense_ratio_selection",
    "Theorems.Thm_StickyKakeya4_gkz_original_gap_energy",
    "Theorems.Thm_StickyKakeya4_gkz_original_gap_gain",
    "Theorems.Thm_StickyKakeya4_gkz_original_gap_population_gain",
    "Theorems.Thm_StickyKakeya4_gkz_original_large_denominator_energy",
    "Theorems.Thm_StickyKakeya4_gkz_original_linear_expansion",
    "Theorems.Thm_StickyKakeya4_gkz_original_linear_upper",
    "Theorems.Thm_StickyKakeya4_gkz_original_mixed_dilate_bounds",
    "Theorems.Thm_StickyKakeya4_gkz_original_nine_sum_cover",
    "Theorems.Thm_StickyKakeya4_gkz_original_positive_power",
    "Theorems.Thm_StickyKakeya4_gkz_original_product_overlap",
    "Theorems.Thm_StickyKakeya4_gkz_original_ratio_dichotomy",
    "Theorems.Thm_StickyKakeya4_gkz_original_ratio_gap",
    "Theorems.Thm_StickyKakeya4_gkz_original_short_denominator_energy",
    "Theorems.Thm_StickyKakeya4_gkz_original_sum_product_comparison",
    "Theorems.Thm_StickyKakeya4_gkz_real_dilation_union",
    "Theorems.Thm_StickyKakeya4_gkz_uniform_growth_parameters",
    "Theorems.Thm_StickyKakeya4_global_terminal_band",
    "Theorems.Thm_StickyKakeya4_grain_jump_additive_relation",
    "Theorems.Thm_StickyKakeya4_grain_jump_arm_count",
    "Theorems.Thm_StickyKakeya4_graph_tube_grid_cover",
    "Theorems.Thm_StickyKakeya4_graph_weighted_original_fiber_bin",
    "Theorems.Thm_StickyKakeya4_grid_padding_translation",
    "Theorems.Thm_StickyKakeya4_grid_quotient_ad",
    "Theorems.Thm_StickyKakeya4_grid_rich_neighbor_quotient",
    "Theorems.Thm_StickyKakeya4_hairbrush_compact_decay",
    "Theorems.Thm_StickyKakeya4_hausdorff_bush_routing",
    "Theorems.Thm_StickyKakeya4_heavy_collision_marked_four_cycle",
    "Theorems.Thm_StickyKakeya4_heavy_energy_bin_selection",
    "Theorems.Thm_StickyKakeya4_hereditary_finite_scale_to_frostman",
    "Theorems.Thm_StickyKakeya4_horizontal_determinant_null",
    "Theorems.Thm_StickyKakeya4_incidence_bin_transfer",
    "Theorems.Thm_StickyKakeya4_independent_flag_separation",
    "Theorems.Thm_StickyKakeya4_injective_slice_quantization",
    "Theorems.Thm_StickyKakeya4_integer_bin_real_near_energy",
    "Theorems.Thm_StickyKakeya4_invertible_front_frostman_transport",
    "Theorems.Thm_StickyKakeya4_iterated_difference_translate_pullback",
    "Theorems.Thm_StickyKakeya4_labelled_backward_fiber_grains",
    "Theorems.Thm_StickyKakeya4_labelled_real_energy_bin",
    "Theorems.Thm_StickyKakeya4_law_level_return_budget",
    "Theorems.Thm_StickyKakeya4_lexicographic_selector",
    "Theorems.Thm_StickyKakeya4_line_tube_inverse_potential",
    "Theorems.Thm_StickyKakeya4_literal_affine_fiber_coordinates",
    "Theorems.Thm_StickyKakeya4_local_seed_absorption",
    "Theorems.Thm_StickyKakeya4_lossless_edge_flow_carleson",
    "Theorems.Thm_StickyKakeya4_low_intercept_entropy_escape",
    "Theorems.Thm_StickyKakeya4_marked_carrier_inverse",
    "Theorems.Thm_StickyKakeya4_marked_four_cycle_return_tower",
    "Theorems.Thm_StickyKakeya4_markov_endpoint_preservation",
    "Theorems.Thm_StickyKakeya4_maslov_incidence_equivalence",
    "Theorems.Thm_StickyKakeya4_maximal_disjoint_cover",
    "Theorems.Thm_StickyKakeya4_measurable_selector_parametrization",
    "Theorems.Thm_StickyKakeya4_measure_edge_flow",
    "Theorems.Thm_StickyKakeya4_measured_conditioned_boundary_packet",
    "Theorems.Thm_StickyKakeya4_moving_focus_energy_escape",
    "Theorems.Thm_StickyKakeya4_native_a1_initial_radial_graph",
    "Theorems.Thm_StickyKakeya4_native_a2_critical_tube_family",
    "Theorems.Thm_StickyKakeya4_native_a2_dilated_caller",
    "Theorems.Thm_StickyKakeya4_native_a2_dilated_parameters",
    "Theorems.Thm_StickyKakeya4_native_a2_parameter_identities",
    "Theorems.Thm_StickyKakeya4_native_a2_power_budget",
    "Theorems.Thm_StickyKakeya4_native_a2_weak_radial_caller",
    "Theorems.Thm_StickyKakeya4_native_abc_euclidean_strip",
    "Theorems.Thm_StickyKakeya4_native_abc_original_loss_budget",
    "Theorems.Thm_StickyKakeya4_native_absorbed_source_envelope",
    "Theorems.Thm_StickyKakeya4_native_actual_local_admission",
    "Theorems.Thm_StickyKakeya4_native_actual_local_density",
    "Theorems.Thm_StickyKakeya4_native_actual_local_extremal",
    "Theorems.Thm_StickyKakeya4_native_actual_local_power_upper",
    "Theorems.Thm_StickyKakeya4_native_alignment_parameter_budget",
    "Theorems.Thm_StickyKakeya4_native_alignment_scale_separation",
    "Theorems.Thm_StickyKakeya4_native_ambient_ad_geometry",
    "Theorems.Thm_StickyKakeya4_native_angular_chart_selection",
    "Theorems.Thm_StickyKakeya4_native_angular_cost_bound",
    "Theorems.Thm_StickyKakeya4_native_annular_parameter_budget",
    "Theorems.Thm_StickyKakeya4_native_asymmetric_polynomial_retention",
    "Theorems.Thm_StickyKakeya4_native_asymmetric_scale_budget",
    "Theorems.Thm_StickyKakeya4_native_coarse_actual_height_vertices",
    "Theorems.Thm_StickyKakeya4_native_coarse_ancestor_counts",
    "Theorems.Thm_StickyKakeya4_native_coarse_backbone_density",
    "Theorems.Thm_StickyKakeya4_native_coarse_carrier_geometry",
    "Theorems.Thm_StickyKakeya4_native_coarse_cell_source",
    "Theorems.Thm_StickyKakeya4_native_coarse_color_selection",
    "Theorems.Thm_StickyKakeya4_native_coarse_cw_transfer",
    "Theorems.Thm_StickyKakeya4_native_coarse_direction_thinning",
    "Theorems.Thm_StickyKakeya4_native_coarse_dyadic_shading",
    "Theorems.Thm_StickyKakeya4_native_coarse_fine_multiplicity",
    "Theorems.Thm_StickyKakeya4_native_coarse_mass_budget",
    "Theorems.Thm_StickyKakeya4_native_coarse_multiplicity_power",
    "Theorems.Thm_StickyKakeya4_native_coarse_native_admissibility",
    "Theorems.Thm_StickyKakeya4_native_coarse_original_geometry",
    "Theorems.Thm_StickyKakeya4_native_coarse_original_heights",
    "Theorems.Thm_StickyKakeya4_native_coarse_original_incidences",
    "Theorems.Thm_StickyKakeya4_native_coarse_phase_geometry",
    "Theorems.Thm_StickyKakeya4_native_coarse_physical_containment",
    "Theorems.Thm_StickyKakeya4_native_coarse_power_window",
    "Theorems.Thm_StickyKakeya4_native_coarse_pruning_budget",
    "Theorems.Thm_StickyKakeya4_native_coarse_relative_cw",
    "Theorems.Thm_StickyKakeya4_native_coarse_representative_geometry",
    "Theorems.Thm_StickyKakeya4_native_coarse_shading_capacity",
    "Theorems.Thm_StickyKakeya4_native_coarse_shading_pruning",
    "Theorems.Thm_StickyKakeya4_native_coarse_slope_occupancy",
    "Theorems.Thm_StickyKakeya4_native_coarse_source_mass",
    "Theorems.Thm_StickyKakeya4_native_coarse_source_profiles",
    "Theorems.Thm_StickyKakeya4_native_coarse_weighted_pruning",
    "Theorems.Thm_StickyKakeya4_native_common_cubical_mesh",
    "Theorems.Thm_StickyKakeya4_native_common_envelope",
    "Theorems.Thm_StickyKakeya4_native_compact_ancestor_budget",
    "Theorems.Thm_StickyKakeya4_native_compact_ancestor_regularity",
    "Theorems.Thm_StickyKakeya4_native_compact_carrier_count",
    "Theorems.Thm_StickyKakeya4_native_compact_chart_reach",
    "Theorems.Thm_StickyKakeya4_native_compact_dyadic_source",
    "Theorems.Thm_StickyKakeya4_native_compact_normalized_source",
    "Theorems.Thm_StickyKakeya4_native_compact_occupied_ancestors",
    "Theorems.Thm_StickyKakeya4_native_compact_parent_exponent",
    "Theorems.Thm_StickyKakeya4_native_compact_parent_retention",
    "Theorems.Thm_StickyKakeya4_native_compact_pruned_parameters",
    "Theorems.Thm_StickyKakeya4_native_compact_volume_transport",
    "Theorems.Thm_StickyKakeya4_native_contact_fractional_composition",
    "Theorems.Thm_StickyKakeya4_native_contact_spine_columns",
    "Theorems.Thm_StickyKakeya4_native_contracted_unit_parent",
    "Theorems.Thm_StickyKakeya4_native_cover_ad_representatives",
    "Theorems.Thm_StickyKakeya4_native_cubical_incidence_counts",
    "Theorems.Thm_StickyKakeya4_native_dense_normalized_parent",
    "Theorems.Thm_StickyKakeya4_native_dense_original_parent",
    "Theorems.Thm_StickyKakeya4_native_dense_retained_unit_parent",
    "Theorems.Thm_StickyKakeya4_native_dense_source_coarse_family",
    "Theorems.Thm_StickyKakeya4_native_dense_source_refinement",
    "Theorems.Thm_StickyKakeya4_native_dyadic_coarse_normalization",
    "Theorems.Thm_StickyKakeya4_native_dyadic_mesh_selection",
    "Theorems.Thm_StickyKakeya4_native_dyadic_parent_cells",
    "Theorems.Thm_StickyKakeya4_native_dyadic_pruning_cutoff",
    "Theorems.Thm_StickyKakeya4_native_dyadic_tube_epoch",
    "Theorems.Thm_StickyKakeya4_native_dyadic_tube_stopping",
    "Theorems.Thm_StickyKakeya4_native_envelope_growth",
    "Theorems.Thm_StickyKakeya4_native_euclidean_cover_input",
    "Theorems.Thm_StickyKakeya4_native_final_original_alignment",
    "Theorems.Thm_StickyKakeya4_native_finite_kakeya_counts",
    "Theorems.Thm_StickyKakeya4_native_finite_kakeya_exponent",
    "Theorems.Thm_StickyKakeya4_native_fixed_compact_incidence_parent",
    "Theorems.Thm_StickyKakeya4_native_fixed_compact_kakeya_exponent",
    "Theorems.Thm_StickyKakeya4_native_fixed_compact_multiplicity",
    "Theorems.Thm_StickyKakeya4_native_fixed_compact_normalized_near",
    "Theorems.Thm_StickyKakeya4_native_fixed_compact_normalized_near_height",
    "Theorems.Thm_StickyKakeya4_native_fixed_compact_slice_population",
    "Theorems.Thm_StickyKakeya4_native_fractional_reference_composition",
    "Theorems.Thm_StickyKakeya4_native_full_coarse_extremal_consumer",
    "Theorems.Thm_StickyKakeya4_native_full_coarse_power_consumer",
    "Theorems.Thm_StickyKakeya4_native_full_coarse_shadow",
    "Theorems.Thm_StickyKakeya4_native_graph_marked_line",
    "Theorems.Thm_StickyKakeya4_native_incidence_multiplicity_tower",
    "Theorems.Thm_StickyKakeya4_native_interpolation_cost_bound",
    "Theorems.Thm_StickyKakeya4_native_kakeya_volume_interface",
    "Theorems.Thm_StickyKakeya4_native_literal_aligned_set",
    "Theorems.Thm_StickyKakeya4_native_literal_scalar_bounds",
    "Theorems.Thm_StickyKakeya4_native_local_admission_budget",
    "Theorems.Thm_StickyKakeya4_native_local_cell_coherence",
    "Theorems.Thm_StickyKakeya4_native_local_pair_fibers",
    "Theorems.Thm_StickyKakeya4_native_local_pair_uniform_core",
    "Theorems.Thm_StickyKakeya4_native_local_parent_ad",
    "Theorems.Thm_StickyKakeya4_native_local_parent_capacity",
    "Theorems.Thm_StickyKakeya4_native_local_parent_cells",
    "Theorems.Thm_StickyKakeya4_native_local_parent_cw",
    "Theorems.Thm_StickyKakeya4_native_local_parent_geometry",
    "Theorems.Thm_StickyKakeya4_native_local_parent_multiplicity",
    "Theorems.Thm_StickyKakeya4_native_local_parent_physical_map",
    "Theorems.Thm_StickyKakeya4_native_local_parent_scales",
    "Theorems.Thm_StickyKakeya4_native_local_parent_source",
    "Theorems.Thm_StickyKakeya4_native_local_parent_source_counts",
    "Theorems.Thm_StickyKakeya4_native_local_parent_volume",
    "Theorems.Thm_StickyKakeya4_native_local_transfer_budget",
    "Theorems.Thm_StickyKakeya4_native_near_extremal_coarse_family",
    "Theorems.Thm_StickyKakeya4_native_near_extremal_physical_parent",
    "Theorems.Thm_StickyKakeya4_native_near_source_slice_population",
    "Theorems.Thm_StickyKakeya4_native_normalized_parent_carrier_metric",
    "Theorems.Thm_StickyKakeya4_native_normalized_parent_output",
    "Theorems.Thm_StickyKakeya4_native_original_ad_alignment",
    "Theorems.Thm_StickyKakeya4_native_original_alignment_geometry",
    "Theorems.Thm_StickyKakeya4_native_original_all_radius_planar_reduction",
    "Theorems.Thm_StickyKakeya4_native_original_ancestor_counts",
    "Theorems.Thm_StickyKakeya4_native_original_ancestor_pruning",
    "Theorems.Thm_StickyKakeya4_native_original_annular_row_bound",
    "Theorems.Thm_StickyKakeya4_native_original_bad_radius_source",
    "Theorems.Thm_StickyKakeya4_native_original_bounded_nonconcentrated_rows",
    "Theorems.Thm_StickyKakeya4_native_original_cap_fraction_budget",
    "Theorems.Thm_StickyKakeya4_native_original_cell_chart_geometry",
    "Theorems.Thm_StickyKakeya4_native_original_chart_metric",
    "Theorems.Thm_StickyKakeya4_native_original_coarse_admission",
    "Theorems.Thm_StickyKakeya4_native_original_coarse_admission_with_retention",
    "Theorems.Thm_StickyKakeya4_native_original_coarse_selection",
    "Theorems.Thm_StickyKakeya4_native_original_coarse_selection_with_retention",
    "Theorems.Thm_StickyKakeya4_native_original_coarse_tube_family",
    "Theorems.Thm_StickyKakeya4_native_original_compact_family_parameters",
    "Theorems.Thm_StickyKakeya4_native_original_complete_budget",
    "Theorems.Thm_StickyKakeya4_native_original_concentrated_pair_graph",
    "Theorems.Thm_StickyKakeya4_native_original_concentrated_slice_closure",
    "Theorems.Thm_StickyKakeya4_native_original_critical_query_range",
    "Theorems.Thm_StickyKakeya4_native_original_cutoff_selection",
    "Theorems.Thm_StickyKakeya4_native_original_densest_scale_decay",
    "Theorems.Thm_StickyKakeya4_native_original_e2_first_beta_planar_slice",
    "Theorems.Thm_StickyKakeya4_native_original_e2_first_planar_power_slice",
    "Theorems.Thm_StickyKakeya4_native_original_e2_first_unweighted_slice",
    "Theorems.Thm_StickyKakeya4_native_original_finite_beta_planar_slice",
    "Theorems.Thm_StickyKakeya4_native_original_graph_density_costs",
    "Theorems.Thm_StickyKakeya4_native_original_grid_balanced_fibers",
    "Theorems.Thm_StickyKakeya4_native_original_height_vertices",
    "Theorems.Thm_StickyKakeya4_native_original_length_two_a3_data",
    "Theorems.Thm_StickyKakeya4_native_original_log_budget",
    "Theorems.Thm_StickyKakeya4_native_original_macro_bc_graph",
    "Theorems.Thm_StickyKakeya4_native_original_macro_density_budget",
    "Theorems.Thm_StickyKakeya4_native_original_macro_menu_budget",
    "Theorems.Thm_StickyKakeya4_native_original_macro_phase_box",
    "Theorems.Thm_StickyKakeya4_native_original_macro_phase_window",
    "Theorems.Thm_StickyKakeya4_native_original_macro_printed_core",
    "Theorems.Thm_StickyKakeya4_native_original_macro_source_density",
    "Theorems.Thm_StickyKakeya4_native_original_macro_tube_count",
    "Theorems.Thm_StickyKakeya4_native_original_nonempty_coarse_family",
    "Theorems.Thm_StickyKakeya4_native_original_off_root_mass",
    "Theorems.Thm_StickyKakeya4_native_original_padded_cells",
    "Theorems.Thm_StickyKakeya4_native_original_parent_assembly",
    "Theorems.Thm_StickyKakeya4_native_original_parent_count",
    "Theorems.Thm_StickyKakeya4_native_original_parent_density_core",
    "Theorems.Thm_StickyKakeya4_native_original_parent_physical_data",
    "Theorems.Thm_StickyKakeya4_native_original_parent_selection",
    "Theorems.Thm_StickyKakeya4_native_original_parent_union",
    "Theorems.Thm_StickyKakeya4_native_original_phase_bounds",
    "Theorems.Thm_StickyKakeya4_native_original_phase_grid_edges",
    "Theorems.Thm_StickyKakeya4_native_original_phase_source_costs",
    "Theorems.Thm_StickyKakeya4_native_original_phase_source_kt",
    "Theorems.Thm_StickyKakeya4_native_original_phase_window_edges",
    "Theorems.Thm_StickyKakeya4_native_original_phase_window_graph",
    "Theorems.Thm_StickyKakeya4_native_original_phase_window_population",
    "Theorems.Thm_StickyKakeya4_native_original_planar_cw",
    "Theorems.Thm_StickyKakeya4_native_original_planar_power_slice",
    "Theorems.Thm_StickyKakeya4_native_original_pruned_mass",
    "Theorems.Thm_StickyKakeya4_native_original_pruning_loss",
    "Theorems.Thm_StickyKakeya4_native_original_radial_reduction",
    "Theorems.Thm_StickyKakeya4_native_original_scalar_cw",
    "Theorems.Thm_StickyKakeya4_native_original_shading_density",
    "Theorems.Thm_StickyKakeya4_native_original_shading_slack",
    "Theorems.Thm_StickyKakeya4_native_original_shading_width_cutoff",
    "Theorems.Thm_StickyKakeya4_native_original_slice_ball_population",
    "Theorems.Thm_StickyKakeya4_native_original_slice_multiplicity",
    "Theorems.Thm_StickyKakeya4_native_original_slice_population",
    "Theorems.Thm_StickyKakeya4_native_original_slice_restriction",
    "Theorems.Thm_StickyKakeya4_native_original_slope_cube_packing",
    "Theorems.Thm_StickyKakeya4_native_original_step2_caller",
    "Theorems.Thm_StickyKakeya4_native_original_step3_caller",
    "Theorems.Thm_StickyKakeya4_native_original_tube_family_caller",
    "Theorems.Thm_StickyKakeya4_native_original_unweighted_slice_frame",
    "Theorems.Thm_StickyKakeya4_native_original_unweighted_slice_reduction",
    "Theorems.Thm_StickyKakeya4_native_original_w_end_to_end",
    "Theorems.Thm_StickyKakeya4_native_original_window_kt",
    "Theorems.Thm_StickyKakeya4_native_padded_cell_fiber_count",
    "Theorems.Thm_StickyKakeya4_native_padded_cell_source",
    "Theorems.Thm_StickyKakeya4_native_padded_cell_union_bound",
    "Theorems.Thm_StickyKakeya4_native_padded_phase_pullback",
    "Theorems.Thm_StickyKakeya4_native_padded_source_ad_lower",
    "Theorems.Thm_StickyKakeya4_native_padded_source_ad_upper",
    "Theorems.Thm_StickyKakeya4_native_padded_source_admissibility",
    "Theorems.Thm_StickyKakeya4_native_padded_source_count_budget",
    "Theorems.Thm_StickyKakeya4_native_padded_source_density",
    "Theorems.Thm_StickyKakeya4_native_padded_source_mass",
    "Theorems.Thm_StickyKakeya4_native_padded_source_power_budget",
    "Theorems.Thm_StickyKakeya4_native_padded_source_transport",
    "Theorems.Thm_StickyKakeya4_native_paper_alignment_scales",
    "Theorems.Thm_StickyKakeya4_native_parameter_constants",
    "Theorems.Thm_StickyKakeya4_native_parent_refinement",
    "Theorems.Thm_StickyKakeya4_native_parent_spines",
    "Theorems.Thm_StickyKakeya4_native_planar_abc_fixed_exponent",
    "Theorems.Thm_StickyKakeya4_native_planar_abc_input",
    "Theorems.Thm_StickyKakeya4_native_planar_abc_to_bsg",
    "Theorems.Thm_StickyKakeya4_native_planar_cover_lemma53",
    "Theorems.Thm_StickyKakeya4_native_planar_lemma53",
    "Theorems.Thm_StickyKakeya4_native_planar_slab_norm_conversion",
    "Theorems.Thm_StickyKakeya4_native_pruned_power_constants",
    "Theorems.Thm_StickyKakeya4_native_pruning_mass_budget",
    "Theorems.Thm_StickyKakeya4_native_quarter_balanced_mesh",
    "Theorems.Thm_StickyKakeya4_native_quarter_scale_parameters",
    "Theorems.Thm_StickyKakeya4_native_quarter_square_cover_source",
    "Theorems.Thm_StickyKakeya4_native_radial_class_geometry",
    "Theorems.Thm_StickyKakeya4_native_radial_class_pruning",
    "Theorems.Thm_StickyKakeya4_native_radial_densest_graph",
    "Theorems.Thm_StickyKakeya4_native_radial_scale_consequences",
    "Theorems.Thm_StickyKakeya4_native_reference_cost_bounds",
    "Theorems.Thm_StickyKakeya4_native_reference_phase_window_graph",
    "Theorems.Thm_StickyKakeya4_native_relative_parent_labels",
    "Theorems.Thm_StickyKakeya4_native_relative_parent_profiles",
    "Theorems.Thm_StickyKakeya4_native_rescaled_macro_tube_count",
    "Theorems.Thm_StickyKakeya4_native_rich_pair_tube_family",
    "Theorems.Thm_StickyKakeya4_native_rich_strip_representatives",
    "Theorems.Thm_StickyKakeya4_native_same_parent_source_selection",
    "Theorems.Thm_StickyKakeya4_native_same_source_coarse_admission",
    "Theorems.Thm_StickyKakeya4_native_same_source_coarse_selection",
    "Theorems.Thm_StickyKakeya4_native_scalar_collision_window",
    "Theorems.Thm_StickyKakeya4_native_scalar_cover_ad",
    "Theorems.Thm_StickyKakeya4_native_scheduled_height_population",
    "Theorems.Thm_StickyKakeya4_native_scheduled_local_multiplicity",
    "Theorems.Thm_StickyKakeya4_native_scheduled_quarter_geometry",
    "Theorems.Thm_StickyKakeya4_native_scheduled_scale_selection",
    "Theorems.Thm_StickyKakeya4_native_scheduled_uniform_abc_input",
    "Theorems.Thm_StickyKakeya4_native_selected_parent_preparation",
    "Theorems.Thm_StickyKakeya4_native_selected_physical_multiplicity",
    "Theorems.Thm_StickyKakeya4_native_separated_fractional_patches",
    "Theorems.Thm_StickyKakeya4_native_slice_grid_geometry",
    "Theorems.Thm_StickyKakeya4_native_source_coarse_readback",
    "Theorems.Thm_StickyKakeya4_native_source_height_density",
    "Theorems.Thm_StickyKakeya4_native_source_size_bounds",
    "Theorems.Thm_StickyKakeya4_native_tangent_grid_coarsening",
    "Theorems.Thm_StickyKakeya4_native_three_dimensional_small_slice",
    "Theorems.Thm_StickyKakeya4_native_top_scale_selection",
    "Theorems.Thm_StickyKakeya4_native_uniform_abc_input",
    "Theorems.Thm_StickyKakeya4_native_uniform_multiplicity_restriction",
    "Theorems.Thm_StickyKakeya4_native_uniform_original_coarse_family",
    "Theorems.Thm_StickyKakeya4_native_uniform_output_bounds",
    "Theorems.Thm_StickyKakeya4_native_unit_parent_directions",
    "Theorems.Thm_StickyKakeya4_native_unit_parent_dyadic",
    "Theorems.Thm_StickyKakeya4_native_unit_parent_normalization",
    "Theorems.Thm_StickyKakeya4_native_unit_parent_shadings",
    "Theorems.Thm_StickyKakeya4_native_unit_parent_volume",
    "Theorems.Thm_StickyKakeya4_native_weak_radial_pair_graph",
    "Theorems.Thm_StickyKakeya4_native_weighted_point_populations",
    "Theorems.Thm_StickyKakeya4_nested_plane_quantization",
    "Theorems.Thm_StickyKakeya4_no_frostman_exact_collision_null",
    "Theorems.Thm_StickyKakeya4_no_frostman_residual_excess",
    "Theorems.Thm_StickyKakeya4_no_frostman_uniform_hairbrush",
    "Theorems.Thm_StickyKakeya4_no_frostman_weighted_residual_decay",
    "Theorems.Thm_StickyKakeya4_noisy_affine_image_count",
    "Theorems.Thm_StickyKakeya4_normalized_collision_relation_packet",
    "Theorems.Thm_StickyKakeya4_normalized_quantized_patches",
    "Theorems.Thm_StickyKakeya4_normalized_target_growth",
    "Theorems.Thm_StickyKakeya4_north_conditioned_boundary_packet_chain",
    "Theorems.Thm_StickyKakeya4_north_conditioned_boundary_probe_control",
    "Theorems.Thm_StickyKakeya4_north_graph_contact_coordinates",
    "Theorems.Thm_StickyKakeya4_north_slope_direction_density",
    "Theorems.Thm_StickyKakeya4_old_neighbor_disintegration",
    "Theorems.Thm_StickyKakeya4_original_actual_core_phase_window",
    "Theorems.Thm_StickyKakeya4_original_actual_window_bc_graph",
    "Theorems.Thm_StickyKakeya4_original_admissible_shaded_family",
    "Theorems.Thm_StickyKakeya4_original_affine_alphabet_recode",
    "Theorems.Thm_StickyKakeya4_original_ancestor_counting",
    "Theorems.Thm_StickyKakeya4_original_ancestor_fiber_geometry",
    "Theorems.Thm_StickyKakeya4_original_angular_alphabet_translation",
    "Theorems.Thm_StickyKakeya4_original_angular_balanced_frostman",
    "Theorems.Thm_StickyKakeya4_original_angular_class_population",
    "Theorems.Thm_StickyKakeya4_original_angular_exponent_range",
    "Theorems.Thm_StickyKakeya4_original_angular_frostman",
    "Theorems.Thm_StickyKakeya4_original_angular_graph_translation",
    "Theorems.Thm_StickyKakeya4_original_angular_pruning_from_physical",
    "Theorems.Thm_StickyKakeya4_original_angular_source_population",
    "Theorems.Thm_StickyKakeya4_original_angular_tube_incidence",
    "Theorems.Thm_StickyKakeya4_original_annular_graph_deletion",
    "Theorems.Thm_StickyKakeya4_original_annular_off_root_mass",
    "Theorems.Thm_StickyKakeya4_original_annular_row_charge",
    "Theorems.Thm_StickyKakeya4_original_annular_row_cover",
    "Theorems.Thm_StickyKakeya4_original_arbitrary_strip_cap_charge",
    "Theorems.Thm_StickyKakeya4_original_balanced_owner_counts",
    "Theorems.Thm_StickyKakeya4_original_bin_label_lift",
    "Theorems.Thm_StickyKakeya4_original_bourgain_graph_transfer",
    "Theorems.Thm_StickyKakeya4_original_carrier_image_count",
    "Theorems.Thm_StickyKakeya4_original_cartesian_query_family",
    "Theorems.Thm_StickyKakeya4_original_clipped_tube_cap_charge",
    "Theorems.Thm_StickyKakeya4_original_clipped_tube_parameter_inverse",
    "Theorems.Thm_StickyKakeya4_original_clipped_tube_representation",
    "Theorems.Thm_StickyKakeya4_original_clipped_unit_tube",
    "Theorems.Thm_StickyKakeya4_original_coarse_height_curve",
    "Theorems.Thm_StickyKakeya4_original_coarse_height_population_ratio",
    "Theorems.Thm_StickyKakeya4_original_coarse_height_tube_transfer",
    "Theorems.Thm_StickyKakeya4_original_coarse_shading_preparation",
    "Theorems.Thm_StickyKakeya4_original_coefficient_cover_net",
    "Theorems.Thm_StickyKakeya4_original_coefficient_density_profile",
    "Theorems.Thm_StickyKakeya4_original_coefficient_normalization",
    "Theorems.Thm_StickyKakeya4_original_coefficient_profile_mesh_transfer",
    "Theorems.Thm_StickyKakeya4_original_coefficient_profile_radius",
    "Theorems.Thm_StickyKakeya4_original_coefficient_radius",
    "Theorems.Thm_StickyKakeya4_original_coefficient_zero_removal",
    "Theorems.Thm_StickyKakeya4_original_common_fiber_projection",
    "Theorems.Thm_StickyKakeya4_original_common_radial_pairs",
    "Theorems.Thm_StickyKakeya4_original_common_scalar_fibers",
    "Theorems.Thm_StickyKakeya4_original_common_scalar_growth",
    "Theorems.Thm_StickyKakeya4_original_core_box_paths",
    "Theorems.Thm_StickyKakeya4_original_core_endpoint_lifting",
    "Theorems.Thm_StickyKakeya4_original_core_menu_density",
    "Theorems.Thm_StickyKakeya4_original_critical_cap_parameter_transfer",
    "Theorems.Thm_StickyKakeya4_original_critical_population_range",
    "Theorems.Thm_StickyKakeya4_original_critical_width_bound",
    "Theorems.Thm_StickyKakeya4_original_cw_scale_cancellation",
    "Theorems.Thm_StickyKakeya4_original_dense_coefficient_counts",
    "Theorems.Thm_StickyKakeya4_original_dense_coefficient_energy",
    "Theorems.Thm_StickyKakeya4_original_dense_coefficient_projection",
    "Theorems.Thm_StickyKakeya4_original_dense_family_cap",
    "Theorems.Thm_StickyKakeya4_original_dense_polynomial_coefficients",
    "Theorems.Thm_StickyKakeya4_original_densest_fiber_retention",
    "Theorems.Thm_StickyKakeya4_original_densest_tube_control",
    "Theorems.Thm_StickyKakeya4_original_densest_wide_extension",
    "Theorems.Thm_StickyKakeya4_original_difference_translate_pullback",
    "Theorems.Thm_StickyKakeya4_original_direction_pair_count",
    "Theorems.Thm_StickyKakeya4_original_directional_double_count",
    "Theorems.Thm_StickyKakeya4_original_disjoint_support_selection",
    "Theorems.Thm_StickyKakeya4_original_edge_retaining_bsg",
    "Theorems.Thm_StickyKakeya4_original_euclidean_affine_avoidance",
    "Theorems.Thm_StickyKakeya4_original_external_tube_cap_geometry",
    "Theorems.Thm_StickyKakeya4_original_fiber_energy_collapse",
    "Theorems.Thm_StickyKakeya4_original_finite_beta_grid",
    "Theorems.Thm_StickyKakeya4_original_finite_beta_planar_data",
    "Theorems.Thm_StickyKakeya4_original_finite_beta_power_transport",
    "Theorems.Thm_StickyKakeya4_original_finite_cell_weights",
    "Theorems.Thm_StickyKakeya4_original_finite_dimension_reduction",
    "Theorems.Thm_StickyKakeya4_original_fixed_internal_eta",
    "Theorems.Thm_StickyKakeya4_original_fractional_linear_coefficient_profile",
    "Theorems.Thm_StickyKakeya4_original_fresh_projection_queries",
    "Theorems.Thm_StickyKakeya4_original_full_coefficient_normalization",
    "Theorems.Thm_StickyKakeya4_original_full_direction_phase_edges",
    "Theorems.Thm_StickyKakeya4_original_global_projection_multiplicity",
    "Theorems.Thm_StickyKakeya4_original_good_graph_cap_fraction",
    "Theorems.Thm_StickyKakeya4_original_graph_radial_growth",
    "Theorems.Thm_StickyKakeya4_original_grid_bourgain_transfer",
    "Theorems.Thm_StickyKakeya4_original_height_graph_coarsening",
    "Theorems.Thm_StickyKakeya4_original_height_graph_density",
    "Theorems.Thm_StickyKakeya4_original_height_interval_cap",
    "Theorems.Thm_StickyKakeya4_original_height_log_budget",
    "Theorems.Thm_StickyKakeya4_original_height_rescaling",
    "Theorems.Thm_StickyKakeya4_original_height_vertex_density",
    "Theorems.Thm_StickyKakeya4_original_height_window_macro_cells",
    "Theorems.Thm_StickyKakeya4_original_high_dimensional_projection_energy",
    "Theorems.Thm_StickyKakeya4_original_incidence_height_population",
    "Theorems.Thm_StickyKakeya4_original_integer_structured_difference",
    "Theorems.Thm_StickyKakeya4_original_kaufman_shared_host",
    "Theorems.Thm_StickyKakeya4_original_line_cell_physical_cover",
    "Theorems.Thm_StickyKakeya4_original_line_cell_source_mass",
    "Theorems.Thm_StickyKakeya4_original_line_collision_collapse",
    "Theorems.Thm_StickyKakeya4_original_line_cover_packets",
    "Theorems.Thm_StickyKakeya4_original_line_representative_charge",
    "Theorems.Thm_StickyKakeya4_original_line_residue_separation",
    "Theorems.Thm_StickyKakeya4_original_literal_angular_budget",
    "Theorems.Thm_StickyKakeya4_original_literal_angular_incidences",
    "Theorems.Thm_StickyKakeya4_original_literal_angular_readback",
    "Theorems.Thm_StickyKakeya4_original_literal_common_alphabet",
    "Theorems.Thm_StickyKakeya4_original_literal_dense_macro_height",
    "Theorems.Thm_StickyKakeya4_original_literal_grain_profiles",
    "Theorems.Thm_StickyKakeya4_original_literal_height_window",
    "Theorems.Thm_StickyKakeya4_original_literal_macro_density",
    "Theorems.Thm_StickyKakeya4_original_literal_macro_height_budget",
    "Theorems.Thm_StickyKakeya4_original_literal_macro_slice_upper",
    "Theorems.Thm_StickyKakeya4_original_local_to_global_robust_projection",
    "Theorems.Thm_StickyKakeya4_original_localized_line_cell_charge",
    "Theorems.Thm_StickyKakeya4_original_macro_direction_cells",
    "Theorems.Thm_StickyKakeya4_original_macro_direction_source",
    "Theorems.Thm_StickyKakeya4_original_macro_full_reference_core",
    "Theorems.Thm_StickyKakeya4_original_macro_grain_readback",
    "Theorems.Thm_StickyKakeya4_original_macro_height_incidence_density",
    "Theorems.Thm_StickyKakeya4_original_macro_phase_source_envelope",
    "Theorems.Thm_StickyKakeya4_original_macro_printed_w",
    "Theorems.Thm_StickyKakeya4_original_macro_slice_cell_count",
    "Theorems.Thm_StickyKakeya4_original_macro_tube_lower",
    "Theorems.Thm_StickyKakeya4_original_macro_w_tuple_readback",
    "Theorems.Thm_StickyKakeya4_original_macro_window_geometry",
    "Theorems.Thm_StickyKakeya4_original_menu_bc_graph",
    "Theorems.Thm_StickyKakeya4_original_menu_section",
    "Theorems.Thm_StickyKakeya4_original_monomial_small_cover",
    "Theorems.Thm_StickyKakeya4_original_native_comparison_power_algebra",
    "Theorems.Thm_StickyKakeya4_original_native_core_failure_obstruction",
    "Theorems.Thm_StickyKakeya4_original_native_cover_scale_budget",
    "Theorems.Thm_StickyKakeya4_original_native_local_robust_projection",
    "Theorems.Thm_StickyKakeya4_original_native_numeric_budgets",
    "Theorems.Thm_StickyKakeya4_original_native_power_algebra",
    "Theorems.Thm_StickyKakeya4_original_native_profile_power_algebra",
    "Theorems.Thm_StickyKakeya4_original_native_projection_bsg_core",
    "Theorems.Thm_StickyKakeya4_original_native_projection_failure_comparison",
    "Theorems.Thm_StickyKakeya4_original_native_projection_power_cutoff",
    "Theorems.Thm_StickyKakeya4_original_native_projection_recode",
    "Theorems.Thm_StickyKakeya4_original_native_recoded_query_cover",
    "Theorems.Thm_StickyKakeya4_original_native_robust_global_assembly",
    "Theorems.Thm_StickyKakeya4_original_native_robust_residuals",
    "Theorems.Thm_StickyKakeya4_original_native_structured_power_bounds",
    "Theorems.Thm_StickyKakeya4_original_native_transverse_queries",
    "Theorems.Thm_StickyKakeya4_original_native_uniform_budget",
    "Theorems.Thm_StickyKakeya4_original_normalized_fractional_coefficient_profile",
    "Theorems.Thm_StickyKakeya4_original_normalized_owner_graph",
    "Theorems.Thm_StickyKakeya4_original_normalized_owner_physical_bridge",
    "Theorems.Thm_StickyKakeya4_original_normalized_owner_query",
    "Theorems.Thm_StickyKakeya4_original_normalized_polynomial_cover",
    "Theorems.Thm_StickyKakeya4_original_pair_row_cut",
    "Theorems.Thm_StickyKakeya4_original_pair_strip_geometry",
    "Theorems.Thm_StickyKakeya4_original_pair_strip_physical_bridge",
    "Theorems.Thm_StickyKakeya4_original_phase_cell_population",
    "Theorems.Thm_StickyKakeya4_original_phase_grid_error",
    "Theorems.Thm_StickyKakeya4_original_phase_grid_population",
    "Theorems.Thm_StickyKakeya4_original_phase_window_density",
    "Theorems.Thm_StickyKakeya4_original_phase_window_graph",
    "Theorems.Thm_StickyKakeya4_original_physical_pair_tube",
    "Theorems.Thm_StickyKakeya4_original_physical_tube_scale_selection",
    "Theorems.Thm_StickyKakeya4_original_planar_ad_grid_population",
    "Theorems.Thm_StickyKakeya4_original_planar_chart_tube_energy",
    "Theorems.Thm_StickyKakeya4_original_planar_core_richness",
    "Theorems.Thm_StickyKakeya4_original_planar_tube_chart",
    "Theorems.Thm_StickyKakeya4_original_planar_tube_energy",
    "Theorems.Thm_StickyKakeya4_original_planar_tube_pair_count",
    "Theorems.Thm_StickyKakeya4_original_planar_tube_parameters",
    "Theorems.Thm_StickyKakeya4_original_polynomial_coefficient_grid",
    "Theorems.Thm_StickyKakeya4_original_polynomial_dimension_drop",
    "Theorems.Thm_StickyKakeya4_original_polynomial_elimination",
    "Theorems.Thm_StickyKakeya4_original_polynomial_mesh_transfer",
    "Theorems.Thm_StickyKakeya4_original_polynomial_ring_cover",
    "Theorems.Thm_StickyKakeya4_original_polynomial_slab",
    "Theorems.Thm_StickyKakeya4_original_polynomial_word_homogeneity",
    "Theorems.Thm_StickyKakeya4_original_polynomial_word_length",
    "Theorems.Thm_StickyKakeya4_original_population_relative",
    "Theorems.Thm_StickyKakeya4_original_profiled_coarse_shadings",
    "Theorems.Thm_StickyKakeya4_original_profiled_third_query_family",
    "Theorems.Thm_StickyKakeya4_original_projected_owner_profile",
    "Theorems.Thm_StickyKakeya4_original_pure_quadratic_dimension_drop",
    "Theorems.Thm_StickyKakeya4_original_quadratic_word_bounds",
    "Theorems.Thm_StickyKakeya4_original_quadratic_words",
    "Theorems.Thm_StickyKakeya4_original_radial_near_diagonal",
    "Theorems.Thm_StickyKakeya4_original_radial_sine_geometry",
    "Theorems.Thm_StickyKakeya4_original_real_asymmetric_construction",
    "Theorems.Thm_StickyKakeya4_original_real_energy_bin_caller",
    "Theorems.Thm_StickyKakeya4_original_recoded_alphabet_profile",
    "Theorems.Thm_StickyKakeya4_original_recoded_graph_source",
    "Theorems.Thm_StickyKakeya4_original_reference_angle_geometry",
    "Theorems.Thm_StickyKakeya4_original_reference_angle_selection",
    "Theorems.Thm_StickyKakeya4_original_representative_grid_comparison",
    "Theorems.Thm_StickyKakeya4_original_representative_shading",
    "Theorems.Thm_StickyKakeya4_original_residual_criterion",
    "Theorems.Thm_StickyKakeya4_original_retained_incidence_degree",
    "Theorems.Thm_StickyKakeya4_original_retained_tube_ball_profile",
    "Theorems.Thm_StickyKakeya4_original_rich_alphabet_profile",
    "Theorems.Thm_StickyKakeya4_original_robust_kaufman_image",
    "Theorems.Thm_StickyKakeya4_original_robust_projection_exhaustion",
    "Theorems.Thm_StickyKakeya4_original_rounded_ring_product",
    "Theorems.Thm_StickyKakeya4_original_rounded_ruzsa_cover",
    "Theorems.Thm_StickyKakeya4_original_scalar_affine_packing",
    "Theorems.Thm_StickyKakeya4_original_scalar_collision_counts",
    "Theorems.Thm_StickyKakeya4_original_scalar_collision_geometry",
    "Theorems.Thm_StickyKakeya4_original_scalar_collision_mass",
    "Theorems.Thm_StickyKakeya4_original_scalar_line_cover",
    "Theorems.Thm_StickyKakeya4_original_scalar_literal_cover_count",
    "Theorems.Thm_StickyKakeya4_original_selected_angular_incidences",
    "Theorems.Thm_StickyKakeya4_original_selected_full_direction",
    "Theorems.Thm_StickyKakeya4_original_selected_word_cover",
    "Theorems.Thm_StickyKakeya4_original_separated_height_cap",
    "Theorems.Thm_StickyKakeya4_original_separated_packing",
    "Theorems.Thm_StickyKakeya4_original_separated_point_packing",
    "Theorems.Thm_StickyKakeya4_original_shading_box_profile",
    "Theorems.Thm_StickyKakeya4_original_shading_cell_mass",
    "Theorems.Thm_StickyKakeya4_original_shading_cell_selection",
    "Theorems.Thm_StickyKakeya4_original_shading_center_profile",
    "Theorems.Thm_StickyKakeya4_original_shading_coarse_frostman",
    "Theorems.Thm_StickyKakeya4_original_shading_grid_geometry",
    "Theorems.Thm_StickyKakeya4_original_shading_representative_frostman",
    "Theorems.Thm_StickyKakeya4_original_shading_representatives",
    "Theorems.Thm_StickyKakeya4_original_shared_fiber_pruning",
    "Theorems.Thm_StickyKakeya4_original_signed_coefficient_cover",
    "Theorems.Thm_StickyKakeya4_original_slab_collision",
    "Theorems.Thm_StickyKakeya4_original_slab_overlap",
    "Theorems.Thm_StickyKakeya4_original_slab_relation",
    "Theorems.Thm_StickyKakeya4_original_slope_graph_nonconcentration",
    "Theorems.Thm_StickyKakeya4_original_source_edge_bsg",
    "Theorems.Thm_StickyKakeya4_original_source_log_budgets",
    "Theorems.Thm_StickyKakeya4_original_structured_graph_growth",
    "Theorems.Thm_StickyKakeya4_original_tensor_coefficient_collision",
    "Theorems.Thm_StickyKakeya4_original_tensor_coefficient_permutation",
    "Theorems.Thm_StickyKakeya4_original_tensor_frostman",
    "Theorems.Thm_StickyKakeya4_original_tensor_projection_pairs",
    "Theorems.Thm_StickyKakeya4_original_tensor_projection_selection",
    "Theorems.Thm_StickyKakeya4_original_tensor_quadratic_caps",
    "Theorems.Thm_StickyKakeya4_original_terminal_collision_source_costs",
    "Theorems.Thm_StickyKakeya4_original_terminal_scalar_collision_geometry",
    "Theorems.Thm_StickyKakeya4_original_thickening_color_budget",
    "Theorems.Thm_StickyKakeya4_original_three_dimensional_annular_slab_charge",
    "Theorems.Thm_StickyKakeya4_original_three_dimensional_averaged_slice_energy",
    "Theorems.Thm_StickyKakeya4_original_three_dimensional_bad_radius_selection",
    "Theorems.Thm_StickyKakeya4_original_three_dimensional_band_geometry",
    "Theorems.Thm_StickyKakeya4_original_three_dimensional_cap_coordinates",
    "Theorems.Thm_StickyKakeya4_original_three_dimensional_cap_count",
    "Theorems.Thm_StickyKakeya4_original_three_dimensional_cap_distance",
    "Theorems.Thm_StickyKakeya4_original_three_dimensional_chosen_slice_tube",
    "Theorems.Thm_StickyKakeya4_original_three_dimensional_common_chart",
    "Theorems.Thm_StickyKakeya4_original_three_dimensional_common_pair_radius",
    "Theorems.Thm_StickyKakeya4_original_three_dimensional_common_slice_radius",
    "Theorems.Thm_StickyKakeya4_original_three_dimensional_cover_ball_uniformity",
    "Theorems.Thm_StickyKakeya4_original_three_dimensional_cross_geometry",
    "Theorems.Thm_StickyKakeya4_original_three_dimensional_direct_transverse_hairbrush",
    "Theorems.Thm_StickyKakeya4_original_three_dimensional_direction_grid",
    "Theorems.Thm_StickyKakeya4_original_three_dimensional_energy_regular_slice",
    "Theorems.Thm_StickyKakeya4_original_three_dimensional_energy_slice_witness",
    "Theorems.Thm_StickyKakeya4_original_three_dimensional_expanded_band_count",
    "Theorems.Thm_StickyKakeya4_original_three_dimensional_expanded_slice_multiplicity",
    "Theorems.Thm_StickyKakeya4_original_three_dimensional_fiber_slab_geometry",
    "Theorems.Thm_StickyKakeya4_original_three_dimensional_finite_shade_union",
    "Theorems.Thm_StickyKakeya4_original_three_dimensional_good_radius_graph",
    "Theorems.Thm_StickyKakeya4_original_three_dimensional_group_source_mass",
    "Theorems.Thm_StickyKakeya4_original_three_dimensional_heavy_cube_shading",
    "Theorems.Thm_StickyKakeya4_original_three_dimensional_heavy_slabs",
    "Theorems.Thm_StickyKakeya4_original_three_dimensional_heavy_slice_graph",
    "Theorems.Thm_StickyKakeya4_original_three_dimensional_large_slice_population",
    "Theorems.Thm_StickyKakeya4_original_three_dimensional_literal_slab_cover",
    "Theorems.Thm_StickyKakeya4_original_three_dimensional_localized_energy",
    "Theorems.Thm_StickyKakeya4_original_three_dimensional_marked_endpoint_carrier",
    "Theorems.Thm_StickyKakeya4_original_three_dimensional_marked_pair_cap",
    "Theorems.Thm_StickyKakeya4_original_three_dimensional_marked_planar_core",
    "Theorems.Thm_StickyKakeya4_original_three_dimensional_marked_slice_incidences",
    "Theorems.Thm_StickyKakeya4_original_three_dimensional_marked_slice_witness",
    "Theorems.Thm_StickyKakeya4_original_three_dimensional_marked_unweighted_slice",
    "Theorems.Thm_StickyKakeya4_original_three_dimensional_middle_slice_branch",
    "Theorems.Thm_StickyKakeya4_original_three_dimensional_narrow_slab_overlap",
    "Theorems.Thm_StickyKakeya4_original_three_dimensional_native_reinforcement_budget",
    "Theorems.Thm_StickyKakeya4_original_three_dimensional_near_stem_shade",
    "Theorems.Thm_StickyKakeya4_original_three_dimensional_nonconcentrated_row_mass",
    "Theorems.Thm_StickyKakeya4_original_three_dimensional_owner_coefficient_budget",
    "Theorems.Thm_StickyKakeya4_original_three_dimensional_owner_graph_richness",
    "Theorems.Thm_StickyKakeya4_original_three_dimensional_owner_query_tube",
    "Theorems.Thm_StickyKakeya4_original_three_dimensional_owner_scale_cutoff",
    "Theorems.Thm_StickyKakeya4_original_three_dimensional_owner_tube_cap",
    "Theorems.Thm_StickyKakeya4_original_three_dimensional_owner_tube_geometry",
    "Theorems.Thm_StickyKakeya4_original_three_dimensional_pair_tube_family",
    "Theorems.Thm_StickyKakeya4_original_three_dimensional_pencil_brush_groups",
    "Theorems.Thm_StickyKakeya4_original_three_dimensional_pencil_geometry",
    "Theorems.Thm_StickyKakeya4_original_three_dimensional_pencil_overlap",
    "Theorems.Thm_StickyKakeya4_original_three_dimensional_pencil_partition",
    "Theorems.Thm_StickyKakeya4_original_three_dimensional_pencil_unit_slabs",
    "Theorems.Thm_StickyKakeya4_original_three_dimensional_physical_core_richness",
    "Theorems.Thm_StickyKakeya4_original_three_dimensional_planar_box_projection",
    "Theorems.Thm_StickyKakeya4_original_three_dimensional_planar_tube_lift",
    "Theorems.Thm_StickyKakeya4_original_three_dimensional_planar_tube_projection",
    "Theorems.Thm_StickyKakeya4_original_three_dimensional_projected_owner_cap",
    "Theorems.Thm_StickyKakeya4_original_three_dimensional_projected_query_lift",
    "Theorems.Thm_StickyKakeya4_original_three_dimensional_projection_cells",
    "Theorems.Thm_StickyKakeya4_original_three_dimensional_raw_owner_net",
    "Theorems.Thm_StickyKakeya4_original_three_dimensional_regularized_marked_slice",
    "Theorems.Thm_StickyKakeya4_original_three_dimensional_separated_normals",
    "Theorems.Thm_StickyKakeya4_original_three_dimensional_shade_group_concentration",
    "Theorems.Thm_StickyKakeya4_original_three_dimensional_shade_local_count",
    "Theorems.Thm_StickyKakeya4_original_three_dimensional_shaded_brush_slab",
    "Theorems.Thm_StickyKakeya4_original_three_dimensional_slab_overlap",
    "Theorems.Thm_StickyKakeya4_original_three_dimensional_slab_projection",
    "Theorems.Thm_StickyKakeya4_original_three_dimensional_slice_energy_basic",
    "Theorems.Thm_StickyKakeya4_original_three_dimensional_slice_maximizer",
    "Theorems.Thm_StickyKakeya4_original_three_dimensional_slice_potential_cut",
    "Theorems.Thm_StickyKakeya4_original_three_dimensional_small_slice_branch",
    "Theorems.Thm_StickyKakeya4_original_three_dimensional_source_hairbrush_slab",
    "Theorems.Thm_StickyKakeya4_original_three_dimensional_tube_cover",
    "Theorems.Thm_StickyKakeya4_original_three_dimensional_tube_frostman",
    "Theorems.Thm_StickyKakeya4_original_three_dimensional_tube_incidence_energy",
    "Theorems.Thm_StickyKakeya4_original_three_dimensional_tube_parameters",
    "Theorems.Thm_StickyKakeya4_original_three_dimensional_tube_slab",
    "Theorems.Thm_StickyKakeya4_original_three_dimensional_unit_normals",
    "Theorems.Thm_StickyKakeya4_original_three_dimensional_unit_slabs",
    "Theorems.Thm_StickyKakeya4_original_three_dimensional_weighted_planar_projection",
    "Theorems.Thm_StickyKakeya4_original_transverse_query_selection",
    "Theorems.Thm_StickyKakeya4_original_triple_query_counts",
    "Theorems.Thm_StickyKakeya4_original_tube_ancestor_saturation",
    "Theorems.Thm_StickyKakeya4_original_tube_core_reinforcement",
    "Theorems.Thm_StickyKakeya4_original_tube_parameter_integer_count",
    "Theorems.Thm_StickyKakeya4_original_tube_slice_occupancy",
    "Theorems.Thm_StickyKakeya4_original_two_hop_class_tube_transfer",
    "Theorems.Thm_StickyKakeya4_original_two_hop_pair_family",
    "Theorems.Thm_StickyKakeya4_original_two_projection_cartesian",
    "Theorems.Thm_StickyKakeya4_original_two_projection_cover",
    "Theorems.Thm_StickyKakeya4_original_two_projection_real_graph",
    "Theorems.Thm_StickyKakeya4_original_uniform_polynomial_iteration",
    "Theorems.Thm_StickyKakeya4_original_uniform_quadratic_step",
    "Theorems.Thm_StickyKakeya4_original_uniform_weak_robust_projection",
    "Theorems.Thm_StickyKakeya4_original_unit_line_grid",
    "Theorems.Thm_StickyKakeya4_original_unit_line_parameters",
    "Theorems.Thm_StickyKakeya4_original_unit_parameter_physical",
    "Theorems.Thm_StickyKakeya4_original_unweighted_planar_power_transport",
    "Theorems.Thm_StickyKakeya4_original_unweighted_slice_power_data",
    "Theorems.Thm_StickyKakeya4_original_w_adapted_boxes",
    "Theorems.Thm_StickyKakeya4_original_w_coarse_escape_menus",
    "Theorems.Thm_StickyKakeya4_original_w_core_dynamics",
    "Theorems.Thm_StickyKakeya4_original_w_grain_drift",
    "Theorems.Thm_StickyKakeya4_original_w_joint_phase",
    "Theorems.Thm_StickyKakeya4_original_w_normalized_phase",
    "Theorems.Thm_StickyKakeya4_original_w_physical_displacement",
    "Theorems.Thm_StickyKakeya4_original_w_physical_growth",
    "Theorems.Thm_StickyKakeya4_original_w_successor_selection",
    "Theorems.Thm_StickyKakeya4_original_w_witness_counts",
    "Theorems.Thm_StickyKakeya4_original_weak_alphabet_selection",
    "Theorems.Thm_StickyKakeya4_original_weak_scalar_finite_comparison",
    "Theorems.Thm_StickyKakeya4_original_weak_scalar_positive_power",
    "Theorems.Thm_StickyKakeya4_original_weak_scalar_power_comparison",
    "Theorems.Thm_StickyKakeya4_original_weak_scalar_power_parameters",
    "Theorems.Thm_StickyKakeya4_original_weak_scalar_word_cost",
    "Theorems.Thm_StickyKakeya4_original_weighted_direction_gluing",
    "Theorems.Thm_StickyKakeya4_original_weighted_line_color_selection",
    "Theorems.Thm_StickyKakeya4_original_weighted_macro_selection",
    "Theorems.Thm_StickyKakeya4_original_weighted_third_query_cover",
    "Theorems.Thm_StickyKakeya4_original_whole_macro_window",
    "Theorems.Thm_StickyKakeya4_original_window_physical_cells",
    "Theorems.Thm_StickyKakeya4_packet_free_bush_bound",
    "Theorems.Thm_StickyKakeya4_packing_dimension_lower_bound",
    "Theorems.Thm_StickyKakeya4_packing_piece_return_budget",
    "Theorems.Thm_StickyKakeya4_packing_piece_two_probe_firewall",
    "Theorems.Thm_StickyKakeya4_packing_reference_nets",
    "Theorems.Thm_StickyKakeya4_packing_reference_overlap",
    "Theorems.Thm_StickyKakeya4_packing_reference_source",
    "Theorems.Thm_StickyKakeya4_packing_selector_to_finite_scale_sources",
    "Theorems.Thm_StickyKakeya4_packing_vertical_count",
    "Theorems.Thm_StickyKakeya4_padded_physical_cell_witness",
    "Theorems.Thm_StickyKakeya4_padded_rescaling_cubical_source",
    "Theorems.Thm_StickyKakeya4_parameterized_scalar_potential",
    "Theorems.Thm_StickyKakeya4_parametrized_source_return_budget",
    "Theorems.Thm_StickyKakeya4_parent_all_real_tube_control",
    "Theorems.Thm_StickyKakeya4_parentwise_angular_selection",
    "Theorems.Thm_StickyKakeya4_partitioned_collision_energy",
    "Theorems.Thm_StickyKakeya4_physical_rescaling_backbone_density",
    "Theorems.Thm_StickyKakeya4_physical_rescaling_density",
    "Theorems.Thm_StickyKakeya4_physical_rescaling_incidence_transfer",
    "Theorems.Thm_StickyKakeya4_physical_weak_radial_pair_graph",
    "Theorems.Thm_StickyKakeya4_planar_abc_balanced_normalization",
    "Theorems.Thm_StickyKakeya4_planar_abc_projected_profiles",
    "Theorems.Thm_StickyKakeya4_planar_dyadic_numerics",
    "Theorems.Thm_StickyKakeya4_planar_frostman_ball_conversion",
    "Theorems.Thm_StickyKakeya4_planar_original_dyadic_bsg",
    "Theorems.Thm_StickyKakeya4_planar_original_subset_construction",
    "Theorems.Thm_StickyKakeya4_planar_rounded_sumset_cover",
    "Theorems.Thm_StickyKakeya4_planar_shifted_near_energy",
    "Theorems.Thm_StickyKakeya4_planar_strip_intersection",
    "Theorems.Thm_StickyKakeya4_polynomial_sublevel_measure",
    "Theorems.Thm_StickyKakeya4_positive_bush_frostman",
    "Theorems.Thm_StickyKakeya4_positive_carrier_piece",
    "Theorems.Thm_StickyKakeya4_positive_cell_regularization",
    "Theorems.Thm_StickyKakeya4_positive_flag_conditioning",
    "Theorems.Thm_StickyKakeya4_positive_routing_exhaustion",
    "Theorems.Thm_StickyKakeya4_projection_annulus_energy",
    "Theorems.Thm_StickyKakeya4_projection_heavy_cells",
    "Theorems.Thm_StickyKakeya4_projection_pair_slope_interval",
    "Theorems.Thm_StickyKakeya4_quadratic_image_count",
    "Theorems.Thm_StickyKakeya4_qualitative_union_growth_termination",
    "Theorems.Thm_StickyKakeya4_quantitative_bush_cover",
    "Theorems.Thm_StickyKakeya4_quantitative_bush_resolution",
    "Theorems.Thm_StickyKakeya4_quantitative_conditioned_boundary_packet_chain",
    "Theorems.Thm_StickyKakeya4_quantitative_north_return_firewall",
    "Theorems.Thm_StickyKakeya4_quantitative_return_budget",
    "Theorems.Thm_StickyKakeya4_radial_angle_bin_incidence",
    "Theorems.Thm_StickyKakeya4_radial_angle_periodic_cover",
    "Theorems.Thm_StickyKakeya4_rank_one_borel_front_escape",
    "Theorems.Thm_StickyKakeya4_rank_one_general_input_escape",
    "Theorems.Thm_StickyKakeya4_rank_one_native_potentials",
    "Theorems.Thm_StickyKakeya4_rational_feedback_time_window",
    "Theorems.Thm_StickyKakeya4_raw_collision_support",
    "Theorems.Thm_StickyKakeya4_real_scalar_ad_interpolation",
    "Theorems.Thm_StickyKakeya4_real_scale_tube_profile_transfer",
    "Theorems.Thm_StickyKakeya4_residual_affine_rescaling",
    "Theorems.Thm_StickyKakeya4_residual_carrier_proximity",
    "Theorems.Thm_StickyKakeya4_residual_collision_bridge",
    "Theorems.Thm_StickyKakeya4_residual_energy",
    "Theorems.Thm_StickyKakeya4_residual_phase_localization",
    "Theorems.Thm_StickyKakeya4_residual_sublevel_power",
    "Theorems.Thm_StickyKakeya4_retained_cell_return_firewall",
    "Theorems.Thm_StickyKakeya4_retained_height_growth_normalization",
    "Theorems.Thm_StickyKakeya4_retained_parameter_cell_source",
    "Theorems.Thm_StickyKakeya4_retained_source_readback",
    "Theorems.Thm_StickyKakeya4_rich_directional_layers",
    "Theorems.Thm_StickyKakeya4_rich_family_incidence_bound",
    "Theorems.Thm_StickyKakeya4_rich_symmetry_translate_centers",
    "Theorems.Thm_StickyKakeya4_rich_witness_core",
    "Theorems.Thm_StickyKakeya4_rich_witness_real_core",
    "Theorems.Thm_StickyKakeya4_root_tail_moment",
    "Theorems.Thm_StickyKakeya4_rooted_cycle_witness_kernel",
    "Theorems.Thm_StickyKakeya4_rooted_four_cycle_measure",
    "Theorems.Thm_StickyKakeya4_rooted_heavy_limsup",
    "Theorems.Thm_StickyKakeya4_rooted_shared_annular_tube_transfer",
    "Theorems.Thm_StickyKakeya4_rounded_iterated_cover_transfer",
    "Theorems.Thm_StickyKakeya4_scalar_borel_projection_energy",
    "Theorems.Thm_StickyKakeya4_scalar_katz_tao_slope_bound",
    "Theorems.Thm_StickyKakeya4_selector_carrier_measure",
    "Theorems.Thm_StickyKakeya4_selector_closure",
    "Theorems.Thm_StickyKakeya4_selector_covering_lower_bound",
    "Theorems.Thm_StickyKakeya4_self_uniform_incidence_refinement",
    "Theorems.Thm_StickyKakeya4_separated_alignment_patches",
    "Theorems.Thm_StickyKakeya4_separated_bush_fiber",
    "Theorems.Thm_StickyKakeya4_separated_collision_relation_packet",
    "Theorems.Thm_StickyKakeya4_separated_dyadic_cardinality",
    "Theorems.Thm_StickyKakeya4_separated_rounded_bins",
    "Theorems.Thm_StickyKakeya4_shear_bin_fibers",
    "Theorems.Thm_StickyKakeya4_sheared_grid_ad_reference",
    "Theorems.Thm_StickyKakeya4_sheared_grid_spine_columns",
    "Theorems.Thm_StickyKakeya4_sheared_grid_tube_reference",
    "Theorems.Thm_StickyKakeya4_shifted_label_energy",
    "Theorems.Thm_StickyKakeya4_shifted_original_height_rescaling",
    "Theorems.Thm_StickyKakeya4_slab_plane_pullback",
    "Theorems.Thm_StickyKakeya4_slow_symmetry_balanced_core",
    "Theorems.Thm_StickyKakeya4_small_fiber_alignment",
    "Theorems.Thm_StickyKakeya4_source_chart_carrier_lipschitz",
    "Theorems.Thm_StickyKakeya4_source_marked_collision_edges",
    "Theorems.Thm_StickyKakeya4_source_point_contact_cycle_routing",
    "Theorems.Thm_StickyKakeya4_source_point_three_packet_routing",
    "Theorems.Thm_StickyKakeya4_spacetime_collision_energy",
    "Theorems.Thm_StickyKakeya4_sphere_terminal_band",
    "Theorems.Thm_StickyKakeya4_spine_column_counting",
    "Theorems.Thm_StickyKakeya4_sticky_kakeya_four_dimensional",
    "Theorems.Thm_StickyKakeya4_submeasure_routing_exhaustion",
    "Theorems.Thm_StickyKakeya4_subpower_reference_nets",
    "Theorems.Thm_StickyKakeya4_symmetry_chain_uniform_density",
    "Theorems.Thm_StickyKakeya4_symmetry_difference_growth_chain",
    "Theorems.Thm_StickyKakeya4_symmetry_set_difference_step",
    "Theorems.Thm_StickyKakeya4_symmetry_slow_factor_budget",
    "Theorems.Thm_StickyKakeya4_three_matrix_inverse_bounds",
    "Theorems.Thm_StickyKakeya4_three_packet_half_mass",
    "Theorems.Thm_StickyKakeya4_three_packet_return_carleson",
    "Theorems.Thm_StickyKakeya4_three_packet_support",
    "Theorems.Thm_StickyKakeya4_time_averaged_bush",
    "Theorems.Thm_StickyKakeya4_time_changed_scalar_energy",
    "Theorems.Thm_StickyKakeya4_transverse_original_strip_points",
    "Theorems.Thm_StickyKakeya4_triangular_borel_front_escape",
    "Theorems.Thm_StickyKakeya4_triangular_heavy_root_power",
    "Theorems.Thm_StickyKakeya4_triangular_potential_charge",
    "Theorems.Thm_StickyKakeya4_triangular_potential_escape",
    "Theorems.Thm_StickyKakeya4_triangular_root_moment",
    "Theorems.Thm_StickyKakeya4_triangular_uniform_potential_bound",
    "Theorems.Thm_StickyKakeya4_tube_bin_count",
    "Theorems.Thm_StickyKakeya4_tube_expansion_cover",
    "Theorems.Thm_StickyKakeya4_tube_perturbation_grid_transfer",
    "Theorems.Thm_StickyKakeya4_two_dimensional_time_fibers",
    "Theorems.Thm_StickyKakeya4_two_dimensional_transverse_escape",
    "Theorems.Thm_StickyKakeya4_two_step_menu_paths",
    "Theorems.Thm_StickyKakeya4_two_tube_path_collision_count",
    "Theorems.Thm_StickyKakeya4_two_walk_box_comparison",
    "Theorems.Thm_StickyKakeya4_uniform_collision_edge_time",
    "Theorems.Thm_StickyKakeya4_uniform_grain_partitions",
    "Theorems.Thm_StickyKakeya4_uniform_incidence_core",
    "Theorems.Thm_StickyKakeya4_uniform_marked_source_hereditary_finite_scale",
    "Theorems.Thm_StickyKakeya4_uniform_scalar_projection_energy",
    "Theorems.Thm_StickyKakeya4_vector_bin_selection_tools",
    "Theorems.Thm_StickyKakeya4_vector_bush_escape",
    "Theorems.Thm_StickyKakeya4_vector_bush_frostman",
    "Theorems.Thm_StickyKakeya4_vector_center_boundary_continuation",
    "Theorems.Thm_StickyKakeya4_vector_center_carleson",
    "Theorems.Thm_StickyKakeya4_vector_graph_collision_energy",
    "Theorems.Thm_StickyKakeya4_vector_graph_weighted_rounding",
    "Theorems.Thm_StickyKakeya4_vector_integer_bin_real_bsg",
    "Theorems.Thm_StickyKakeya4_vector_labelled_energy_bin",
    "Theorems.Thm_StickyKakeya4_vector_original_graph_bsg",
    "Theorems.Thm_StickyKakeya4_vector_product_cover",
    "Theorems.Thm_StickyKakeya4_vector_whole_fiber_lift",
    "Theorems.Thm_StickyKakeya4_wang_zakharov_finite_interface",
    "Theorems.Thm_StickyKakeya4_weighted_growth_star_split",
    "Theorems.Thm_StickyKakeya4_weighted_rich_directional_layers",
    "Theorems.Thm_StickyKakeya4_whole_grid_cell_extraction",
    "Theorems.Thm_StickyKakeya4_whole_parent_heavy_bush",
    "Theorems.Thm_StickyKakeya4_working_scale_profile_budget",
    "Theorems.Thm_StickyKakeya4_wz_boundary_concentration_packet",
    "Theorems.Thm_StickyKakeya4_wz_carrier_pruning",
    "Theorems.Thm_StickyKakeya4_wz_common_slab",
    "Theorems.Thm_StickyKakeya4_wz_common_slab_localization",
    "Theorems.Thm_StickyKakeya4_wz_readback_bookkeeping",
    "Solutions.SmokeTest",
    "Solutions.Sol_StickyKakeya4_borel_selector_reduction",
    "Solutions.Sol_StickyKakeya4_exact_collision_identity",
    "Solutions.Sol_StickyKakeya4_hereditary_finite_scale_to_frostman",
    "Solutions.Sol_StickyKakeya4_lossless_edge_flow_carleson",
    "Solutions.Sol_StickyKakeya4_maslov_incidence_equivalence",
    "Solutions.Sol_StickyKakeya4_selector_closure",
    "Solutions.Sol_StickyKakeya4_sticky_kakeya_four_dimensional"
  ],
  "executor_start_utc": "2026-10-05T05:38:17.537332+00:00"
}
Using official Lean through a 2-compiler semaphore, 1 thread(s) per compiler
ℹ [75/112] Replayed Batteries.Tactic.OpenPrivate
info: stdout:
FIFO compiler ticket: 01791171792875967798-b89eff94f544401bb29b80379cddaadd.request
FIFO compiler acquired UTC: 2026-10-05T03:43:12.876318+00:00


ℹ [8705/8713] Replayed Definitions.Def_sticky_kakeya4_core
info: stdout:
FIFO compiler ticket: 01791173609366722033-6dd4aa83d2b74efeaca7070aea4e59ab.request
FIFO compiler acquired UTC: 2026-10-05T04:13:29.367707+00:00


⚠ [8706/8713] Built Theorems.Ext_BrunnMinkowski (11s)
info: stdout:
FIFO compiler ticket: 01791178717802702434-8adc2b5d7e53452ca556c940f5e8d873.request
FIFO compiler acquired UTC: 2026-10-05T05:38:37.803093+00:00

warning: Theorems/Ext_BrunnMinkowski.lean:160:2: `push_neg` has been deprecated. Prefer using `push Not` instead.
If you'd rather continue using `push_neg` in your project, you can implement it as follows:
```
open Lean.Parser.Tactic in
macro "push_neg" cfg:optConfig loc:(location)? : tactic =>
  `(tactic| push $cfg:optConfig Not $[$loc]?)
```
info: stdout:
FIFO compiler ticket: 01791178717802702434-8adc2b5d7e53452ca556c940f5e8d873.request
FIFO compiler acquired UTC: 2026-10-05T05:38:37.803093+00:00

warning: Theorems/Ext_BrunnMinkowski.lean:250:2: Try this: 
  haveI̵

The goal is a proposition, so `have` is preferred over `haveI`.
The difference between `have` and `haveI` is that `haveI` inlines the value.
But this is not relevant for proofs because of proof irrelevance.

Note: This linter can be disabled with `set_option linter.style.haveILetI false`
info: stdout:
FIFO compiler ticket: 01791178717802702434-8adc2b5d7e53452ca556c940f5e8d873.request
FIFO compiler acquired UTC: 2026-10-05T05:38:37.803093+00:00

warning: Theorems/Ext_BrunnMinkowski.lean:252:2: Try this: 
  haveI̵

The goal is a proposition, so `have` is preferred over `haveI`.
The difference between `have` and `haveI` is that `haveI` inlines the value.
But this is not relevant for proofs because of proof irrelevance.

Note: This linter can be disabled with `set_option linter.style.haveILetI false`
info: stdout:
FIFO compiler ticket: 01791178717802702434-8adc2b5d7e53452ca556c940f5e8d873.request
FIFO compiler acquired UTC: 2026-10-05T05:38:37.803093+00:00

warning: Theorems/Ext_BrunnMinkowski.lean:359:26: `Set.mem_setOf_eq` has been deprecated: Use `Set.mem_ofPred_eq` instead
info: stdout:
FIFO compiler ticket: 01791178717802702434-8adc2b5d7e53452ca556c940f5e8d873.request
FIFO compiler acquired UTC: 2026-10-05T05:38:37.803093+00:00

warning: Theorems/Ext_BrunnMinkowski.lean:366:26: `Set.mem_setOf_eq` has been deprecated: Use `Set.mem_ofPred_eq` instead
info: stdout:
FIFO compiler ticket: 01791178717802702434-8adc2b5d7e53452ca556c940f5e8d873.request
FIFO compiler acquired UTC: 2026-10-05T05:38:37.803093+00:00

warning: Theorems/Ext_BrunnMinkowski.lean:569:4: Try this: 
  haveI̵

The goal is a proposition, so `have` is preferred over `haveI`.
The difference between `have` and `haveI` is that `haveI` inlines the value.
But this is not relevant for proofs because of proof irrelevance.

Note: This linter can be disabled with `set_option linter.style.haveILetI false`
info: stdout:
FIFO compiler ticket: 01791178717802702434-8adc2b5d7e53452ca556c940f5e8d873.request
FIFO compiler acquired UTC: 2026-10-05T05:38:37.803093+00:00


ℹ [8707/8713] Replayed Theorems.Thm_StickyKakeya4_two_tube_path_collision_count
info: stdout:
FIFO compiler ticket: 01791173148609840820-f2da40a2641a4e65bd02fbd2586f35ef.request
FIFO compiler acquired UTC: 2026-10-05T04:05:48.610189+00:00


ℹ [8708/8713] Replayed Theorems.Thm_StickyKakeya4_abelian_shifted_label_energy
info: stdout:
FIFO compiler ticket: 01791173150367544471-52354964ef684a3e8e562f446890815b.request
FIFO compiler acquired UTC: 2026-10-05T04:05:50.367896+00:00


ℹ [8709/8713] Replayed Theorems.Thm_StickyKakeya4_original_height_interval_cap
info: stdout:
FIFO compiler ticket: 01791173116248960077-11c0a1c806bb46dda6afa35b3e25fbe7.request
FIFO compiler acquired UTC: 2026-10-05T04:05:16.249915+00:00


ℹ [8710/8713] Replayed Theorems.Thm_StickyKakeya4_native_tangent_grid_coarsening
info: stdout:
FIFO compiler ticket: 01791173144098140002-f505cf21bc244a7f8ad272736303b9bf.request
FIFO compiler acquired UTC: 2026-10-05T04:05:44.099029+00:00


ℹ [8711/8713] Replayed Theorems.Thm_StickyKakeya4_original_w_witness_counts
info: stdout:
FIFO compiler ticket: 01791175196154076091-1b217136911c43058913237e6fb664b3.request
FIFO compiler acquired UTC: 2026-10-05T04:39:56.154524+00:00


ℹ [8712/8727] Built Theorems.Thm_StickyKakeya4_actual_planar_target_cover (2.8s)
info: stdout:
FIFO compiler ticket: 01791178728807525757-11a6448b0cdf4129a981a79e2840b707.request
FIFO compiler acquired UTC: 2026-10-05T05:38:48.807921+00:00


ℹ [8713/8727] Replayed Theorems.Thm_StickyKakeya4_finite_voronoi_population
info: stdout:
FIFO compiler ticket: 01791173312623228760-2594798882be4e7ea19a77ae801cf123.request
FIFO compiler acquired UTC: 2026-10-05T04:08:32.623605+00:00


ℹ [8714/8727] Replayed Theorems.Thm_StickyKakeya4_finite_voronoi_ad_coarsening
info: stdout:
FIFO compiler ticket: 01791175076527478614-195ddcbf7d474d698c724f2e97c6e960.request
FIFO compiler acquired UTC: 2026-10-05T04:37:56.527927+00:00


ℹ [8715/8727] Replayed Theorems.Thm_StickyKakeya4_finite_voronoi_real_ad_coarsening
info: stdout:
FIFO compiler ticket: 01791175083939195446-8a95b73356e84185a61a85c223b5f88d.request
FIFO compiler acquired UTC: 2026-10-05T04:38:03.939631+00:00


ℹ [8716/8727] Replayed Theorems.Thm_StickyKakeya4_fine_point_slab_geometry
info: stdout:
FIFO compiler ticket: 01791175204446958918-ed03ee9100e64515a040ee4a58bbec85.request
FIFO compiler acquired UTC: 2026-10-05T04:40:04.447311+00:00


ℹ [8717/8727] Replayed Theorems.Thm_StickyKakeya4_rich_witness_core
info: stdout:
FIFO compiler ticket: 01791175217428334798-4307653c6212440d893d773078e145fa.request
FIFO compiler acquired UTC: 2026-10-05T04:40:17.428748+00:00


ℹ [8718/8727] Replayed Theorems.Thm_StickyKakeya4_rich_witness_real_core
info: stdout:
FIFO compiler ticket: 01791175224930775809-b6a0f2f14869479f9bb9d9a1a6358da0.request
FIFO compiler acquired UTC: 2026-10-05T04:40:24.931121+00:00


ℹ [8719/8727] Replayed Theorems.Thm_StickyKakeya4_original_w_coarse_escape_menus
info: stdout:
FIFO compiler ticket: 01791175232178726513-bb3644c1b1514d19b511909a051be2f4.request
FIFO compiler acquired UTC: 2026-10-05T04:40:32.179108+00:00


ℹ [8720/8727] Replayed Theorems.Thm_StickyKakeya4_original_w_successor_selection
info: stdout:
FIFO compiler ticket: 01791175243284730502-555f703941644a2ebbd555517c6a10eb.request
FIFO compiler acquired UTC: 2026-10-05T04:40:43.285075+00:00


ℹ [8721/8727] Replayed Theorems.Thm_StickyKakeya4_original_w_core_dynamics
info: stdout:
FIFO compiler ticket: 01791175245538716124-ba95c892d68d497cada73962471c036b.request
FIFO compiler acquired UTC: 2026-10-05T04:40:45.539064+00:00

info: Theorems/Thm_StickyKakeya4_original_w_core_dynamics.lean:166:0: 'OriginalWCoreDynamics.rep_spec' depends on axioms: [propext, Classical.choice, Quot.sound]
info: stdout:
FIFO compiler ticket: 01791175245538716124-ba95c892d68d497cada73962471c036b.request
FIFO compiler acquired UTC: 2026-10-05T04:40:45.539064+00:00

info: Theorems/Thm_StickyKakeya4_original_w_core_dynamics.lean:167:0: 'OriginalWCoreDynamics.next_spec' depends on axioms: [propext, Classical.choice, Quot.sound]
info: stdout:
FIFO compiler ticket: 01791175245538716124-ba95c892d68d497cada73962471c036b.request
FIFO compiler acquired UTC: 2026-10-05T04:40:45.539064+00:00

info: Theorems/Thm_StickyKakeya4_original_w_core_dynamics.lean:168:0: 'OriginalWCoreDynamics.next_preserves_height' depends on axioms: [propext, Classical.choice, Quot.sound]
info: stdout:
FIFO compiler ticket: 01791175245538716124-ba95c892d68d497cada73962471c036b.request
FIFO compiler acquired UTC: 2026-10-05T04:40:45.539064+00:00

info: Theorems/Thm_StickyKakeya4_original_w_core_dynamics.lean:169:0: 'OriginalWCoreDynamics.angles_nonempty' depends on axioms: [propext, Classical.choice, Quot.sound]
info: stdout:
FIFO compiler ticket: 01791175245538716124-ba95c892d68d497cada73962471c036b.request
FIFO compiler acquired UTC: 2026-10-05T04:40:45.539064+00:00

info: Theorems/Thm_StickyKakeya4_original_w_core_dynamics.lean:170:0: 'OriginalWCoreDynamics.M_subset_alphabet' depends on axioms: [propext, Classical.choice, Quot.sound]
info: stdout:
FIFO compiler ticket: 01791175245538716124-ba95c892d68d497cada73962471c036b.request
FIFO compiler acquired UTC: 2026-10-05T04:40:45.539064+00:00

info: Theorems/Thm_StickyKakeya4_original_w_core_dynamics.lean:171:0: 'OriginalWCoreDynamics.exists_original_core_dynamics' depends on axioms: [propext, Classical.choice, Quot.sound]
info: stdout:
FIFO compiler ticket: 01791175245538716124-ba95c892d68d497cada73962471c036b.request
FIFO compiler acquired UTC: 2026-10-05T04:40:45.539064+00:00

info: Theorems/Thm_StickyKakeya4_original_w_core_dynamics.lean:172:0: 'OriginalWCoreDynamics.exists_original_total_core_dynamics' depends on axioms: [propext, Classical.choice, Quot.sound]
info: stdout:
FIFO compiler ticket: 01791175245538716124-ba95c892d68d497cada73962471c036b.request
FIFO compiler acquired UTC: 2026-10-05T04:40:45.539064+00:00


ℹ [8722/8727] Replayed Theorems.Thm_StickyKakeya4_original_angular_alphabet_translation
info: stdout:
FIFO compiler ticket: 01791175252490479594-6c99823d7296497f940934d42980034e.request
FIFO compiler acquired UTC: 2026-10-05T04:40:52.490853+00:00


ℹ [8723/8727] Built Theorems.Thm_StickyKakeya4_planar_abc_balanced_normalization (3.3s)
info: stdout:
FIFO compiler ticket: 01791178731642060848-26601d5326814177a4085d38ae29ae84.request
FIFO compiler acquired UTC: 2026-10-05T05:38:51.642505+00:00


⚠ [8724/8727] Replayed Theorems.Thm_StickyKakeya4_dimension_witness_extraction
info: stdout:
FIFO compiler ticket: 01791173790075066078-30a9c73607b543cc9cf9052b40b153f3.request
FIFO compiler acquired UTC: 2026-10-05T04:16:30.076411+00:00

warning: Theorems/Thm_StickyKakeya4_dimension_witness_extraction.lean:266:2: `push_neg` has been deprecated. Prefer using `push Not` instead.
If you'd rather continue using `push_neg` in your project, you can implement it as follows:
```
open Lean.Parser.Tactic in
macro "push_neg" cfg:optConfig loc:(location)? : tactic =>
  `(tactic| push $cfg:optConfig Not $[$loc]?)
```
info: stdout:
FIFO compiler ticket: 01791173790075066078-30a9c73607b543cc9cf9052b40b153f3.request
FIFO compiler acquired UTC: 2026-10-05T04:16:30.076411+00:00


ℹ [8725/8727] Built Theorems.Thm_StickyKakeya4_actual_abc_image_assembly (2.5s)
info: stdout:
FIFO compiler ticket: 01791178734941126783-2cc8076247a8499b9a52b677eb1d3f55.request
FIFO compiler acquired UTC: 2026-10-05T05:38:54.941617+00:00


ℹ [8726/8744] Built Theorems.Thm_StickyKakeya4_positive_cell_regularization (5.4s)
info: stdout:
FIFO compiler ticket: 01791178737571592355-b7691279a775429a832942e331cf682c.request
FIFO compiler acquired UTC: 2026-10-05T05:38:57.571987+00:00


ℹ [8727/8744] Replayed Theorems.Thm_StickyKakeya4_compact_front
info: stdout:
FIFO compiler ticket: 01791173632394141300-ae2f4b488fb54674aa24b4b5675c77f1.request
FIFO compiler acquired UTC: 2026-10-05T04:13:52.395467+00:00


ℹ [8728/8744] Replayed Theorems.Thm_StickyKakeya4_measurable_selector_parametrization
info: stdout:
FIFO compiler ticket: 01791173662521140061-42ea845867b94fb08485f49db8ffca14.request
FIFO compiler acquired UTC: 2026-10-05T04:14:22.522419+00:00


ℹ [8729/8744] Replayed Theorems.Thm_StickyKakeya4_front_parametrization
info: stdout:
FIFO compiler ticket: 01791173710381489482-afe1efabe50d44809057c8b9d7fabbdc.request
FIFO compiler acquired UTC: 2026-10-05T04:15:10.382500+00:00


⚠ [8730/8744] Replayed Theorems.Thm_StickyKakeya4_frostman_mass_distribution
info: stdout:
FIFO compiler ticket: 01791173686811960265-0cda860916484638bdf19f864e2dbb81.request
FIFO compiler acquired UTC: 2026-10-05T04:14:46.813120+00:00

warning: Theorems/Thm_StickyKakeya4_frostman_mass_distribution.lean:257:2: Try this: 
  letI̵

The goal is a proposition, so `let` is preferred over `letI`.
The difference between `let` and `letI` is that `letI` inlines the value.
But this is not relevant for proofs because of proof irrelevance.

Note: This linter can be disabled with `set_option linter.style.haveILetI false`
info: stdout:
FIFO compiler ticket: 01791173686811960265-0cda860916484638bdf19f864e2dbb81.request
FIFO compiler acquired UTC: 2026-10-05T04:14:46.813120+00:00


⚠ [8731/8744] Replayed Theorems.Thm_StickyKakeya4_canonical_sphere_measure
info: stdout:
FIFO compiler ticket: 01791173755872547877-4df05b4a9fd44d92b13f20acba698bdd.request
FIFO compiler acquired UTC: 2026-10-05T04:15:55.873727+00:00

warning: Theorems/Thm_StickyKakeya4_canonical_sphere_measure.lean:18:4: try 'simp' instead of 'simpa'

Note: This linter can be disabled with `set_option linter.unnecessarySimpa false`
info: stdout:
FIFO compiler ticket: 01791173755872547877-4df05b4a9fd44d92b13f20acba698bdd.request
FIFO compiler acquired UTC: 2026-10-05T04:15:55.873727+00:00

warning: Theorems/Thm_StickyKakeya4_canonical_sphere_measure.lean:636:2: `push_neg` has been deprecated. Prefer using `push Not` instead.
If you'd rather continue using `push_neg` in your project, you can implement it as follows:
```
open Lean.Parser.Tactic in
macro "push_neg" cfg:optConfig loc:(location)? : tactic =>
  `(tactic| push $cfg:optConfig Not $[$loc]?)
```
info: stdout:
FIFO compiler ticket: 01791173755872547877-4df05b4a9fd44d92b13f20acba698bdd.request
FIFO compiler acquired UTC: 2026-10-05T04:15:55.873727+00:00

warning: Theorems/Thm_StickyKakeya4_canonical_sphere_measure.lean:957:4: try 'simp' instead of 'simpa'

Note: This linter can be disabled with `set_option linter.unnecessarySimpa false`
info: stdout:
FIFO compiler ticket: 01791173755872547877-4df05b4a9fd44d92b13f20acba698bdd.request
FIFO compiler acquired UTC: 2026-10-05T04:15:55.873727+00:00

warning: Theorems/Thm_StickyKakeya4_canonical_sphere_measure.lean:965:48: Variable name `hr` is not explicitly referenced.

Hint: The binding can be removed (if unused) or named `_` (if used implicitly). Alternatively, prefix the name with `_` to silence this warning:
  [apply] _hr

Note: This linter can be disabled with `set_option linter.unusedVariables false`
info: stdout:
FIFO compiler ticket: 01791173755872547877-4df05b4a9fd44d92b13f20acba698bdd.request
FIFO compiler acquired UTC: 2026-10-05T04:15:55.873727+00:00


ℹ [8732/8744] Replayed Theorems.Thm_StickyKakeya4_selector_carrier_measure
info: stdout:
FIFO compiler ticket: 01791173813117366161-ea2eda6a6def479fb636310580e87e22.request
FIFO compiler acquired UTC: 2026-10-05T04:16:53.118576+00:00


⚠ [8733/8744] Replayed Theorems.Thm_StickyKakeya4_selector_covering_lower_bound
info: stdout:
FIFO compiler ticket: 01791173838044905410-d1887f0179844248ba88a52c71cafb20.request
FIFO compiler acquired UTC: 2026-10-05T04:17:18.046106+00:00

warning: Theorems/Thm_StickyKakeya4_selector_covering_lower_bound.lean:24:42: Variable name `hr` is not explicitly referenced.

Hint: The binding can be removed (if unused) or named `_` (if used implicitly). Alternatively, prefix the name with `_` to silence this warning:
  [apply] _hr

Note: This linter can be disabled with `set_option linter.unusedVariables false`
info: stdout:
FIFO compiler ticket: 01791173838044905410-d1887f0179844248ba88a52c71cafb20.request
FIFO compiler acquired UTC: 2026-10-05T04:17:18.046106+00:00


⚠ [8734/8744] Replayed Theorems.Thm_StickyKakeya4_wz_common_slab
info: stdout:
FIFO compiler ticket: 01791173731925207988-692859df7bae4b3fa53962e21d1496a1.request
FIFO compiler acquired UTC: 2026-10-05T04:15:31.926242+00:00

warning: Theorems/Thm_StickyKakeya4_wz_common_slab.lean:289:18: Variable name `hhNonneg` is not explicitly referenced.

Hint: The binding can be removed (if unused) or named `_` (if used implicitly). Alternatively, prefix the name with `_` to silence this warning:
  [apply] _hhNonneg

Note: This linter can be disabled with `set_option linter.unusedVariables false`
info: stdout:
FIFO compiler ticket: 01791173731925207988-692859df7bae4b3fa53962e21d1496a1.request
FIFO compiler acquired UTC: 2026-10-05T04:15:31.926242+00:00


ℹ [8735/8744] Replayed Theorems.Thm_StickyKakeya4_positive_carrier_piece
info: stdout:
FIFO compiler ticket: 01791173862158639363-1b0d7901cd4a4507a460f61c59f6bdff.request
FIFO compiler acquired UTC: 2026-10-05T04:17:42.159715+00:00


⚠ [8736/8744] Replayed Theorems.Thm_StickyKakeya4_front_parameter_probability
info: stdout:
FIFO compiler ticket: 01791173909781054050-00270bd419e04ba4b654c8980f54fd6b.request
FIFO compiler acquired UTC: 2026-10-05T04:18:29.782074+00:00

warning: Theorems/Thm_StickyKakeya4_front_parameter_probability.lean:30:4: Try `simp at this` instead of `simpa using this`

Note: This linter can be disabled with `set_option linter.unnecessarySimpa false`
info: stdout:
FIFO compiler ticket: 01791173909781054050-00270bd419e04ba4b654c8980f54fd6b.request
FIFO compiler acquired UTC: 2026-10-05T04:18:29.782074+00:00

warning: Theorems/Thm_StickyKakeya4_front_parameter_probability.lean:79:42: Variable name `hdelta` is not explicitly referenced.

Hint: The binding can be removed (if unused) or named `_` (if used implicitly). Alternatively, prefix the name with `_` to silence this warning:
  [apply] _hdelta

Note: This linter can be disabled with `set_option linter.unusedVariables false`
info: stdout:
FIFO compiler ticket: 01791173909781054050-00270bd419e04ba4b654c8980f54fd6b.request
FIFO compiler acquired UTC: 2026-10-05T04:18:29.782074+00:00

warning: Theorems/Thm_StickyKakeya4_front_parameter_probability.lean:92:49: Used `tac1 <;> tac2` where `(tac1; tac2)` would suffice

Note: This linter can be disabled with `set_option linter.unnecessarySeqFocus false`
info: stdout:
FIFO compiler ticket: 01791173909781054050-00270bd419e04ba4b654c8980f54fd6b.request
FIFO compiler acquired UTC: 2026-10-05T04:18:29.782074+00:00

info: Theorems/Thm_StickyKakeya4_front_parameter_probability.lean:117:0: Error in Linarith.normalizeDenominatorsLHS: Expr.rewrite may not produce subgoals.
info: stdout:
FIFO compiler ticket: 01791173909781054050-00270bd419e04ba4b654c8980f54fd6b.request
FIFO compiler acquired UTC: 2026-10-05T04:18:29.782074+00:00


ℹ [8737/8749] Replayed Theorems.Thm_StickyKakeya4_wang_zakharov_finite_interface
info: stdout:
FIFO compiler ticket: 01791173885923117235-4a3dace2afec4c06abd6abeca464aa33.request
FIFO compiler acquired UTC: 2026-10-05T04:18:05.924200+00:00


⚠ [8738/8749] Replayed Theorems.Thm_StickyKakeya4_marked_carrier_inverse
info: stdout:
FIFO compiler ticket: 01791173932685925101-1c9a253556e44facb574ffa85f3d0553.request
FIFO compiler acquired UTC: 2026-10-05T04:18:52.686983+00:00

warning: Theorems/Thm_StickyKakeya4_marked_carrier_inverse.lean:37:2: Try this: 
  letI̵

The goal is a proposition, so `let` is preferred over `letI`.
The difference between `let` and `letI` is that `letI` inlines the value.
But this is not relevant for proofs because of proof irrelevance.

Note: This linter can be disabled with `set_option linter.style.haveILetI false`
info: stdout:
FIFO compiler ticket: 01791173932685925101-1c9a253556e44facb574ffa85f3d0553.request
FIFO compiler acquired UTC: 2026-10-05T04:18:52.686983+00:00

warning: Theorems/Thm_StickyKakeya4_marked_carrier_inverse.lean:53:2: Try this: 
  letI̵

The goal is a proposition, so `let` is preferred over `letI`.
The difference between `let` and `letI` is that `letI` inlines the value.
But this is not relevant for proofs because of proof irrelevance.

Note: This linter can be disabled with `set_option linter.style.haveILetI false`
info: stdout:
FIFO compiler ticket: 01791173932685925101-1c9a253556e44facb574ffa85f3d0553.request
FIFO compiler acquired UTC: 2026-10-05T04:18:52.686983+00:00


ℹ [8739/8749] Replayed Theorems.Thm_StickyKakeya4_carrier_piece_probability
info: stdout:
FIFO compiler ticket: 01791173979298630367-a7dbc1b33a8a4f3da3d8be2a634ef74b.request
FIFO compiler acquired UTC: 2026-10-05T04:19:39.299655+00:00


⚠ [8740/8749] Replayed Theorems.Thm_StickyKakeya4_wz_carrier_pruning
info: stdout:
FIFO compiler ticket: 01791174029441872364-b18fa73747964c18ba64e2943dae4fa8.request
FIFO compiler acquired UTC: 2026-10-05T04:20:29.443053+00:00

warning: Theorems/Thm_StickyKakeya4_wz_carrier_pruning.lean:1922:5: Variable name `hocc` is not explicitly referenced.

Hint: The binding can be removed (if unused) or named `_` (if used implicitly). Alternatively, prefix the name with `_` to silence this warning:
  [apply] _hocc

Note: This linter can be disabled with `set_option linter.unusedVariables false`
info: stdout:
FIFO compiler ticket: 01791174029441872364-b18fa73747964c18ba64e2943dae4fa8.request
FIFO compiler acquired UTC: 2026-10-05T04:20:29.443053+00:00

warning: Theorems/Thm_StickyKakeya4_wz_carrier_pruning.lean:2326:31: Variable name `ha` is not explicitly referenced.

Hint: The binding can be removed (if unused) or named `_` (if used implicitly). Alternatively, prefix the name with `_` to silence this warning:
  [apply] _ha

Note: This linter can be disabled with `set_option linter.unusedVariables false`
info: stdout:
FIFO compiler ticket: 01791174029441872364-b18fa73747964c18ba64e2943dae4fa8.request
FIFO compiler acquired UTC: 2026-10-05T04:20:29.443053+00:00

warning: Theorems/Thm_StickyKakeya4_wz_carrier_pruning.lean:2430:27: This simp argument is unused:
  Nat.cast_ofNat

Hint: Omit it from the simp argument list.
  [apply] simp only [Nat.cast_mul]

Note: This linter can be disabled with `set_option linter.unusedSimpArgs false`
info: stdout:
FIFO compiler ticket: 01791174029441872364-b18fa73747964c18ba64e2943dae4fa8.request
FIFO compiler acquired UTC: 2026-10-05T04:20:29.443053+00:00

warning: Theorems/Thm_StickyKakeya4_wz_carrier_pruning.lean:2514:8: try 'simp' instead of 'simpa'

Note: This linter can be disabled with `set_option linter.unnecessarySimpa false`
info: stdout:
FIFO compiler ticket: 01791174029441872364-b18fa73747964c18ba64e2943dae4fa8.request
FIFO compiler acquired UTC: 2026-10-05T04:20:29.443053+00:00

warning: Theorems/Thm_StickyKakeya4_wz_carrier_pruning.lean:2562:5: Variable name `htargetConstant` is not explicitly referenced.

Hint: The binding can be removed (if unused) or named `_` (if used implicitly). Alternatively, prefix the name with `_` to silence this warning:
  [apply] _htargetConstant

Note: This linter can be disabled with `set_option linter.unusedVariables false`
info: stdout:
FIFO compiler ticket: 01791174029441872364-b18fa73747964c18ba64e2943dae4fa8.request
FIFO compiler acquired UTC: 2026-10-05T04:20:29.443053+00:00

warning: Theorems/Thm_StickyKakeya4_wz_carrier_pruning.lean:2563:26: Variable name `hqTarget` is not explicitly referenced.

Hint: The binding can be removed (if unused) or named `_` (if used implicitly). Alternatively, prefix the name with `_` to silence this warning:
  [apply] _hqTarget

Note: This linter can be disabled with `set_option linter.unusedVariables false`
info: stdout:
FIFO compiler ticket: 01791174029441872364-b18fa73747964c18ba64e2943dae4fa8.request
FIFO compiler acquired UTC: 2026-10-05T04:20:29.443053+00:00

warning: Theorems/Thm_StickyKakeya4_wz_carrier_pruning.lean:3668:6: try 'simp' instead of 'simpa'

Note: This linter can be disabled with `set_option linter.unnecessarySimpa false`
info: stdout:
FIFO compiler ticket: 01791174029441872364-b18fa73747964c18ba64e2943dae4fa8.request
FIFO compiler acquired UTC: 2026-10-05T04:20:29.443053+00:00

warning: Theorems/Thm_StickyKakeya4_wz_carrier_pruning.lean:3747:2: Try this: 
  letI̵

The goal is a proposition, so `let` is preferred over `letI`.
The difference between `let` and `letI` is that `letI` inlines the value.
But this is not relevant for proofs because of proof irrelevance.

Note: This linter can be disabled with `set_option linter.style.haveILetI false`
info: stdout:
FIFO compiler ticket: 01791174029441872364-b18fa73747964c18ba64e2943dae4fa8.request
FIFO compiler acquired UTC: 2026-10-05T04:20:29.443053+00:00

warning: Theorems/Thm_StickyKakeya4_wz_carrier_pruning.lean:4089:8: this tactic is never executed

Note: This linter can be disabled with `set_option linter.unreachableTactic false`
info: stdout:
FIFO compiler ticket: 01791174029441872364-b18fa73747964c18ba64e2943dae4fa8.request
FIFO compiler acquired UTC: 2026-10-05T04:20:29.443053+00:00

warning: Theorems/Thm_StickyKakeya4_wz_carrier_pruning.lean:4089:8: Unused tactic linter: `ring` does nothing

Note: This linter can be disabled with `set_option linter.unusedTactic false`
info: stdout:
FIFO compiler ticket: 01791174029441872364-b18fa73747964c18ba64e2943dae4fa8.request
FIFO compiler acquired UTC: 2026-10-05T04:20:29.443053+00:00

warning: Theorems/Thm_StickyKakeya4_wz_carrier_pruning.lean:4563:5: Variable name `hdelta` is not explicitly referenced.

Hint: The binding can be removed (if unused) or named `_` (if used implicitly). Alternatively, prefix the name with `_` to silence this warning:
  [apply] _hdelta

Note: This linter can be disabled with `set_option linter.unusedVariables false`
info: stdout:
FIFO compiler ticket: 01791174029441872364-b18fa73747964c18ba64e2943dae4fa8.request
FIFO compiler acquired UTC: 2026-10-05T04:20:29.443053+00:00

warning: Theorems/Thm_StickyKakeya4_wz_carrier_pruning.lean:4586:24: Used `tac1 <;> tac2` where `(tac1; tac2)` would suffice

Note: This linter can be disabled with `set_option linter.unnecessarySeqFocus false`
info: stdout:
FIFO compiler ticket: 01791174029441872364-b18fa73747964c18ba64e2943dae4fa8.request
FIFO compiler acquired UTC: 2026-10-05T04:20:29.443053+00:00

warning: Theorems/Thm_StickyKakeya4_wz_carrier_pruning.lean:5864:5: Variable name `hradius` is not explicitly referenced.

Hint: The binding can be removed (if unused) or named `_` (if used implicitly). Alternatively, prefix the name with `_` to silence this warning:
  [apply] _hradius

Note: This linter can be disabled with `set_option linter.unusedVariables false`
info: stdout:
FIFO compiler ticket: 01791174029441872364-b18fa73747964c18ba64e2943dae4fa8.request
FIFO compiler acquired UTC: 2026-10-05T04:20:29.443053+00:00

warning: Theorems/Thm_StickyKakeya4_wz_carrier_pruning.lean:5931:19: Variable name `ell` is not explicitly referenced.

Hint: The binding can be removed (if unused) or named `_` (if used implicitly). Alternatively, prefix the name with `_` to silence this warning:
  [apply] _ell

Note: This linter can be disabled with `set_option linter.unusedVariables false`
info: stdout:
FIFO compiler ticket: 01791174029441872364-b18fa73747964c18ba64e2943dae4fa8.request
FIFO compiler acquired UTC: 2026-10-05T04:20:29.443053+00:00


ℹ [8741/8749] Built Theorems.Thm_StickyKakeya4_compact_packing_power_piece (4.6s)
info: stdout:
FIFO compiler ticket: 01791178742993617021-100859e6db1f4241bf6fa0c409245d8b.request
FIFO compiler acquired UTC: 2026-10-05T05:39:02.994026+00:00


ℹ [8742/8749] Replayed Theorems.Thm_StickyKakeya4_lexicographic_selector
info: stdout:
FIFO compiler ticket: 01791174745083765316-38e32924f2194899bf8cd24f1ee8e074.request
FIFO compiler acquired UTC: 2026-10-05T04:32:25.084783+00:00


ℹ [8743/8749] Replayed Theorems.Thm_StickyKakeya4_borel_selector_foundations
info: stdout:
FIFO compiler ticket: 01791174769358098403-eac72eca515a467196fbb7d78eb9130e.request
FIFO compiler acquired UTC: 2026-10-05T04:32:49.359461+00:00


ℹ [8744/8749] Built Theorems.Thm_StickyKakeya4_packing_reference_nets (4.6s)
info: stdout:
FIFO compiler ticket: 01791178747549105653-257dd1ec9fdb4622a1c98c2322dc096a.request
FIFO compiler acquired UTC: 2026-10-05T05:39:07.549517+00:00


⚠ [8745/8749] Replayed Theorems.Thm_StickyKakeya4_finite_scale_source_mass
info: stdout:
FIFO compiler ticket: 01791174085581565867-00ee5ce7611c40ff8fcfd6dc976d3bc9.request
FIFO compiler acquired UTC: 2026-10-05T04:21:25.582570+00:00

warning: Theorems/Thm_StickyKakeya4_finite_scale_source_mass.lean:797:4: Try `simp at hx` instead of `simpa using hx`

Note: This linter can be disabled with `set_option linter.unnecessarySimpa false`
info: stdout:
FIFO compiler ticket: 01791174085581565867-00ee5ce7611c40ff8fcfd6dc976d3bc9.request
FIFO compiler acquired UTC: 2026-10-05T04:21:25.582570+00:00

warning: Theorems/Thm_StickyKakeya4_finite_scale_source_mass.lean:892:6: Try `simp at hxi` instead of `simpa using hxi`

Note: This linter can be disabled with `set_option linter.unnecessarySimpa false`
info: stdout:
FIFO compiler ticket: 01791174085581565867-00ee5ce7611c40ff8fcfd6dc976d3bc9.request
FIFO compiler acquired UTC: 2026-10-05T04:21:25.582570+00:00


ℹ [8746/8774] Built Theorems.Thm_StickyKakeya4_packing_reference_source (5.9s)
info: stdout:
FIFO compiler ticket: 01791178752159991143-c0743c4097c54edda8dd53c80ee555f0.request
FIFO compiler acquired UTC: 2026-10-05T05:39:12.160357+00:00


ℹ [8747/8774] Replayed Theorems.Thm_StickyKakeya4_retained_source_readback
info: stdout:
FIFO compiler ticket: 01791174792522113246-145a2b90e4c34c0186975b070ae9fa72.request
FIFO compiler acquired UTC: 2026-10-05T04:33:12.523079+00:00


⚠ [8748/8774] Replayed Theorems.Thm_StickyKakeya4_retained_parameter_cell_source
info: stdout:
FIFO compiler ticket: 01791174816720500071-19b104185d5c45eab4626cfc57c7eb59.request
FIFO compiler acquired UTC: 2026-10-05T04:33:36.721481+00:00

warning: Theorems/Thm_StickyKakeya4_retained_parameter_cell_source.lean:406:2: `push_neg` has been deprecated. Prefer using `push Not` instead.
If you'd rather continue using `push_neg` in your project, you can implement it as follows:
```
open Lean.Parser.Tactic in
macro "push_neg" cfg:optConfig loc:(location)? : tactic =>
  `(tactic| push $cfg:optConfig Not $[$loc]?)
```
info: stdout:
FIFO compiler ticket: 01791174816720500071-19b104185d5c45eab4626cfc57c7eb59.request
FIFO compiler acquired UTC: 2026-10-05T04:33:36.721481+00:00

warning: Theorems/Thm_StickyKakeya4_retained_parameter_cell_source.lean:533:24: try 'simp' instead of 'simpa'

Note: This linter can be disabled with `set_option linter.unnecessarySimpa false`
info: stdout:
FIFO compiler ticket: 01791174816720500071-19b104185d5c45eab4626cfc57c7eb59.request
FIFO compiler acquired UTC: 2026-10-05T04:33:36.721481+00:00

warning: Theorems/Thm_StickyKakeya4_retained_parameter_cell_source.lean:606:36: try 'simp' instead of 'simpa'

Note: This linter can be disabled with `set_option linter.unnecessarySimpa false`
info: stdout:
FIFO compiler ticket: 01791174816720500071-19b104185d5c45eab4626cfc57c7eb59.request
FIFO compiler acquired UTC: 2026-10-05T04:33:36.721481+00:00


ℹ [8749/8774] Replayed Theorems.Thm_StickyKakeya4_exact_collision_identity
info: stdout:
FIFO compiler ticket: 01791174842511947344-87cbf29da2cb4fada3c0c102aa864860.request
FIFO compiler acquired UTC: 2026-10-05T04:34:02.512997+00:00


ℹ [8750/8774] Replayed Theorems.Thm_StickyKakeya4_maslov_incidence_equivalence
info: stdout:
FIFO compiler ticket: 01791174867980744212-8bda6a9ab0d44c20b2a300ad96274512.request
FIFO compiler acquired UTC: 2026-10-05T04:34:27.982014+00:00


⚠ [8751/8774] Replayed Theorems.Thm_StickyKakeya4_lossless_edge_flow_carleson
info: stdout:
FIFO compiler ticket: 01791174876663576594-7ec503deffa646339305af52d2de1ba3.request
FIFO compiler acquired UTC: 2026-10-05T04:34:36.663951+00:00

warning: Theorems/Thm_StickyKakeya4_lossless_edge_flow_carleson.lean:24:4: try 'simp' instead of 'simpa'

Note: This linter can be disabled with `set_option linter.unnecessarySimpa false`
info: stdout:
FIFO compiler ticket: 01791174876663576594-7ec503deffa646339305af52d2de1ba3.request
FIFO compiler acquired UTC: 2026-10-05T04:34:36.663951+00:00

warning: Theorems/Thm_StickyKakeya4_lossless_edge_flow_carleson.lean:60:18: try 'simp' instead of 'simpa'

Note: This linter can be disabled with `set_option linter.unnecessarySimpa false`
info: stdout:
FIFO compiler ticket: 01791174876663576594-7ec503deffa646339305af52d2de1ba3.request
FIFO compiler acquired UTC: 2026-10-05T04:34:36.663951+00:00

warning: Theorems/Thm_StickyKakeya4_lossless_edge_flow_carleson.lean:64:37: try 'simp' instead of 'simpa'

Note: This linter can be disabled with `set_option linter.unnecessarySimpa false`
info: stdout:
FIFO compiler ticket: 01791174876663576594-7ec503deffa646339305af52d2de1ba3.request
FIFO compiler acquired UTC: 2026-10-05T04:34:36.663951+00:00

warning: Theorems/Thm_StickyKakeya4_lossless_edge_flow_carleson.lean:99:56: try 'simp' instead of 'simpa'

Note: This linter can be disabled with `set_option linter.unnecessarySimpa false`
info: stdout:
FIFO compiler ticket: 01791174876663576594-7ec503deffa646339305af52d2de1ba3.request
FIFO compiler acquired UTC: 2026-10-05T04:34:36.663951+00:00

warning: Theorems/Thm_StickyKakeya4_lossless_edge_flow_carleson.lean:85:20: This simp argument is unused:
  hp

Hint: Omit it from the simp argument list.
  [apply] simp

Note: This linter can be disabled with `set_option linter.unusedSimpArgs false`
info: stdout:
FIFO compiler ticket: 01791174876663576594-7ec503deffa646339305af52d2de1ba3.request
FIFO compiler acquired UTC: 2026-10-05T04:34:36.663951+00:00

warning: Theorems/Thm_StickyKakeya4_lossless_edge_flow_carleson.lean:86:22: This simp argument is unused:
  hp

Hint: Omit it from the simp argument list.
  [apply] simp

Note: This linter can be disabled with `set_option linter.unusedSimpArgs false`
info: stdout:
FIFO compiler ticket: 01791174876663576594-7ec503deffa646339305af52d2de1ba3.request
FIFO compiler acquired UTC: 2026-10-05T04:34:36.663951+00:00

warning: Theorems/Thm_StickyKakeya4_lossless_edge_flow_carleson.lean:94:40: This simp argument is unused:
  hp

Hint: Omit it from the simp argument list.
  [apply] simp

Note: This linter can be disabled with `set_option linter.unusedSimpArgs false`
info: stdout:
FIFO compiler ticket: 01791174876663576594-7ec503deffa646339305af52d2de1ba3.request
FIFO compiler acquired UTC: 2026-10-05T04:34:36.663951+00:00

warning: Theorems/Thm_StickyKakeya4_lossless_edge_flow_carleson.lean:172:18: try 'simp' instead of 'simpa'

Note: This linter can be disabled with `set_option linter.unnecessarySimpa false`
info: stdout:
FIFO compiler ticket: 01791174876663576594-7ec503deffa646339305af52d2de1ba3.request
FIFO compiler acquired UTC: 2026-10-05T04:34:36.663951+00:00

warning: Theorems/Thm_StickyKakeya4_lossless_edge_flow_carleson.lean:176:37: try 'simp' instead of 'simpa'

Note: This linter can be disabled with `set_option linter.unnecessarySimpa false`
info: stdout:
FIFO compiler ticket: 01791174876663576594-7ec503deffa646339305af52d2de1ba3.request
FIFO compiler acquired UTC: 2026-10-05T04:34:36.663951+00:00

warning: Theorems/Thm_StickyKakeya4_lossless_edge_flow_carleson.lean:211:56: try 'simp' instead of 'simpa'

Note: This linter can be disabled with `set_option linter.unnecessarySimpa false`
info: stdout:
FIFO compiler ticket: 01791174876663576594-7ec503deffa646339305af52d2de1ba3.request
FIFO compiler acquired UTC: 2026-10-05T04:34:36.663951+00:00

warning: Theorems/Thm_StickyKakeya4_lossless_edge_flow_carleson.lean:197:20: This simp argument is unused:
  hp

Hint: Omit it from the simp argument list.
  [apply] simp

Note: This linter can be disabled with `set_option linter.unusedSimpArgs false`
info: stdout:
FIFO compiler ticket: 01791174876663576594-7ec503deffa646339305af52d2de1ba3.request
FIFO compiler acquired UTC: 2026-10-05T04:34:36.663951+00:00

warning: Theorems/Thm_StickyKakeya4_lossless_edge_flow_carleson.lean:198:22: This simp argument is unused:
  hp

Hint: Omit it from the simp argument list.
  [apply] simp

Note: This linter can be disabled with `set_option linter.unusedSimpArgs false`
info: stdout:
FIFO compiler ticket: 01791174876663576594-7ec503deffa646339305af52d2de1ba3.request
FIFO compiler acquired UTC: 2026-10-05T04:34:36.663951+00:00

warning: Theorems/Thm_StickyKakeya4_lossless_edge_flow_carleson.lean:206:40: This simp argument is unused:
  hp

Hint: Omit it from the simp argument list.
  [apply] simp

Note: This linter can be disabled with `set_option linter.unusedSimpArgs false`
info: stdout:
FIFO compiler ticket: 01791174876663576594-7ec503deffa646339305af52d2de1ba3.request
FIFO compiler acquired UTC: 2026-10-05T04:34:36.663951+00:00


⚠ [8752/8774] Replayed Theorems.Thm_StickyKakeya4_contact_symplectic_edge_flow_certificate_existence
info: stdout:
FIFO compiler ticket: 01791174882741153941-8384b63cbd9e4af6a4d7e5364798e820.request
FIFO compiler acquired UTC: 2026-10-05T04:34:42.741550+00:00

warning: Theorems/Thm_StickyKakeya4_contact_symplectic_edge_flow_certificate_existence.lean:43:5: Variable name `hsource` is not explicitly referenced.

Hint: The binding can be removed (if unused) or named `_` (if used implicitly). Alternatively, prefix the name with `_` to silence this warning:
  [apply] _hsource

Note: This linter can be disabled with `set_option linter.unusedVariables false`
info: stdout:
FIFO compiler ticket: 01791174882741153941-8384b63cbd9e4af6a4d7e5364798e820.request
FIFO compiler acquired UTC: 2026-10-05T04:34:42.741550+00:00

warning: Theorems/Thm_StickyKakeya4_contact_symplectic_edge_flow_certificate_existence.lean:43:32: Variable name `hK` is not explicitly referenced.

Hint: The binding can be removed (if unused) or named `_` (if used implicitly). Alternatively, prefix the name with `_` to silence this warning:
  [apply] _hK

Note: This linter can be disabled with `set_option linter.unusedVariables false`
info: stdout:
FIFO compiler ticket: 01791174882741153941-8384b63cbd9e4af6a4d7e5364798e820.request
FIFO compiler acquired UTC: 2026-10-05T04:34:42.741550+00:00

warning: Theorems/Thm_StickyKakeya4_contact_symplectic_edge_flow_certificate_existence.lean:43:45: Variable name `hW` is not explicitly referenced.

Hint: The binding can be removed (if unused) or named `_` (if used implicitly). Alternatively, prefix the name with `_` to silence this warning:
  [apply] _hW

Note: This linter can be disabled with `set_option linter.unusedVariables false`
info: stdout:
FIFO compiler ticket: 01791174882741153941-8384b63cbd9e4af6a4d7e5364798e820.request
FIFO compiler acquired UTC: 2026-10-05T04:34:42.741550+00:00

warning: Theorems/Thm_StickyKakeya4_contact_symplectic_edge_flow_certificate_existence.lean:44:5: Variable name `hnormalLoss` is not explicitly referenced.

Hint: The binding can be removed (if unused) or named `_` (if used implicitly). Alternatively, prefix the name with `_` to silence this warning:
  [apply] _hnormalLoss

Note: This linter can be disabled with `set_option linter.unusedVariables false`
info: stdout:
FIFO compiler ticket: 01791174882741153941-8384b63cbd9e4af6a4d7e5364798e820.request
FIFO compiler acquired UTC: 2026-10-05T04:34:42.741550+00:00

warning: Theorems/Thm_StickyKakeya4_contact_symplectic_edge_flow_certificate_existence.lean:122:2: `push_neg` has been deprecated. Prefer using `push Not` instead.
If you'd rather continue using `push_neg` in your project, you can implement it as follows:
```
open Lean.Parser.Tactic in
macro "push_neg" cfg:optConfig loc:(location)? : tactic =>
  `(tactic| push $cfg:optConfig Not $[$loc]?)
```
info: stdout:
FIFO compiler ticket: 01791174882741153941-8384b63cbd9e4af6a4d7e5364798e820.request
FIFO compiler acquired UTC: 2026-10-05T04:34:42.741550+00:00

warning: Theorems/Thm_StickyKakeya4_contact_symplectic_edge_flow_certificate_existence.lean:508:18: Variable name `hθ` is not explicitly referenced.

Hint: The binding can be removed (if unused) or named `_` (if used implicitly). Alternatively, prefix the name with `_` to silence this warning:
  [apply] _hθ

Note: This linter can be disabled with `set_option linter.unusedVariables false`
info: stdout:
FIFO compiler ticket: 01791174882741153941-8384b63cbd9e4af6a4d7e5364798e820.request
FIFO compiler acquired UTC: 2026-10-05T04:34:42.741550+00:00

warning: Theorems/Thm_StickyKakeya4_contact_symplectic_edge_flow_certificate_existence.lean:508:31: Variable name `hB` is not explicitly referenced.

Hint: The binding can be removed (if unused) or named `_` (if used implicitly). Alternatively, prefix the name with `_` to silence this warning:
  [apply] _hB

Note: This linter can be disabled with `set_option linter.unusedVariables false`
info: stdout:
FIFO compiler ticket: 01791174882741153941-8384b63cbd9e4af6a4d7e5364798e820.request
FIFO compiler acquired UTC: 2026-10-05T04:34:42.741550+00:00

warning: Theorems/Thm_StickyKakeya4_contact_symplectic_edge_flow_certificate_existence.lean:661:5: Variable name `hc₀` is not explicitly referenced.

Hint: The binding can be removed (if unused) or named `_` (if used implicitly). Alternatively, prefix the name with `_` to silence this warning:
  [apply] _hc₀

Note: This linter can be disabled with `set_option linter.unusedVariables false`
info: stdout:
FIFO compiler ticket: 01791174882741153941-8384b63cbd9e4af6a4d7e5364798e820.request
FIFO compiler acquired UTC: 2026-10-05T04:34:42.741550+00:00

warning: Theorems/Thm_StickyKakeya4_contact_symplectic_edge_flow_certificate_existence.lean:661:20: Variable name `hQ` is not explicitly referenced.

Hint: The binding can be removed (if unused) or named `_` (if used implicitly). Alternatively, prefix the name with `_` to silence this warning:
  [apply] _hQ

Note: This linter can be disabled with `set_option linter.unusedVariables false`
info: stdout:
FIFO compiler ticket: 01791174882741153941-8384b63cbd9e4af6a4d7e5364798e820.request
FIFO compiler acquired UTC: 2026-10-05T04:34:42.741550+00:00

warning: Theorems/Thm_StickyKakeya4_contact_symplectic_edge_flow_certificate_existence.lean:1726:4: Try this: 
  letI̵

The goal is a proposition, so `let` is preferred over `letI`.
The difference between `let` and `letI` is that `letI` inlines the value.
But this is not relevant for proofs because of proof irrelevance.

Note: This linter can be disabled with `set_option linter.style.haveILetI false`
info: stdout:
FIFO compiler ticket: 01791174882741153941-8384b63cbd9e4af6a4d7e5364798e820.request
FIFO compiler acquired UTC: 2026-10-05T04:34:42.741550+00:00

warning: Theorems/Thm_StickyKakeya4_contact_symplectic_edge_flow_certificate_existence.lean:1906:5: Variable name `hpacking` is not explicitly referenced.

Hint: The binding can be removed (if unused) or named `_` (if used implicitly). Alternatively, prefix the name with `_` to silence this warning:
  [apply] _hpacking

Note: This linter can be disabled with `set_option linter.unusedVariables false`
info: stdout:
FIFO compiler ticket: 01791174882741153941-8384b63cbd9e4af6a4d7e5364798e820.request
FIFO compiler acquired UTC: 2026-10-05T04:34:42.741550+00:00


ℹ [8753/8774] Replayed Theorems.Thm_StickyKakeya4_coherent_boundary_shrinking_packets
info: stdout:
FIFO compiler ticket: 01791174898222712462-4d700b794a234fbea2f83bf628da8baa.request
FIFO compiler acquired UTC: 2026-10-05T04:34:58.223079+00:00


⚠ [8754/8774] Replayed Theorems.Thm_StickyKakeya4_conditioned_boundary_packet_extension
info: stdout:
FIFO compiler ticket: 01791174902944035306-e04556c2fb454bb594f1e60bde013118.request
FIFO compiler acquired UTC: 2026-10-05T04:35:02.944432+00:00

warning: Theorems/Thm_StickyKakeya4_conditioned_boundary_packet_extension.lean:34:2: Try this: 
  letI̵

The goal is a proposition, so `let` is preferred over `letI`.
The difference between `let` and `letI` is that `letI` inlines the value.
But this is not relevant for proofs because of proof irrelevance.

Note: This linter can be disabled with `set_option linter.style.haveILetI false`
info: stdout:
FIFO compiler ticket: 01791174902944035306-e04556c2fb454bb594f1e60bde013118.request
FIFO compiler acquired UTC: 2026-10-05T04:35:02.944432+00:00

warning: Theorems/Thm_StickyKakeya4_conditioned_boundary_packet_extension.lean:53:2: Try this: 
  letI̵

The goal is a proposition, so `let` is preferred over `letI`.
The difference between `let` and `letI` is that `letI` inlines the value.
But this is not relevant for proofs because of proof irrelevance.

Note: This linter can be disabled with `set_option linter.style.haveILetI false`
info: stdout:
FIFO compiler ticket: 01791174902944035306-e04556c2fb454bb594f1e60bde013118.request
FIFO compiler acquired UTC: 2026-10-05T04:35:02.944432+00:00

warning: Theorems/Thm_StickyKakeya4_conditioned_boundary_packet_extension.lean:24:5: Variable name `hsourceMeasurable` is not explicitly referenced.

Hint: The binding can be removed (if unused) or named `_` (if used implicitly). Alternatively, prefix the name with `_` to silence this warning:
  [apply] _hsourceMeasurable

Note: This linter can be disabled with `set_option linter.unusedVariables false`
info: stdout:
FIFO compiler ticket: 01791174902944035306-e04556c2fb454bb594f1e60bde013118.request
FIFO compiler acquired UTC: 2026-10-05T04:35:02.944432+00:00

warning: Theorems/Thm_StickyKakeya4_conditioned_boundary_packet_extension.lean:27:32: Variable name `hrhoOne` is not explicitly referenced.

Hint: The binding can be removed (if unused) or named `_` (if used implicitly). Alternatively, prefix the name with `_` to silence this warning:
  [apply] _hrhoOne

Note: This linter can be disabled with `set_option linter.unusedVariables false`
info: stdout:
FIFO compiler ticket: 01791174902944035306-e04556c2fb454bb594f1e60bde013118.request
FIFO compiler acquired UTC: 2026-10-05T04:35:02.944432+00:00


ℹ [8755/8774] Replayed Theorems.Thm_StickyKakeya4_conditioned_packet_center_control
info: stdout:
FIFO compiler ticket: 01791174913080554127-05c5529069c44df18ef5101299c2e30e.request
FIFO compiler acquired UTC: 2026-10-05T04:35:13.080978+00:00


⚠ [8756/8774] Replayed Theorems.Thm_StickyKakeya4_four_probe_boundary_firewall
info: stdout:
FIFO compiler ticket: 01791174908616219384-efeb572da7b04b5095aa1a901fb235f2.request
FIFO compiler acquired UTC: 2026-10-05T04:35:08.616680+00:00

warning: Theorems/Thm_StickyKakeya4_four_probe_boundary_firewall.lean:99:2: `push_neg` has been deprecated. Prefer using `push Not` instead.
If you'd rather continue using `push_neg` in your project, you can implement it as follows:
```
open Lean.Parser.Tactic in
macro "push_neg" cfg:optConfig loc:(location)? : tactic =>
  `(tactic| push $cfg:optConfig Not $[$loc]?)
```
info: stdout:
FIFO compiler ticket: 01791174908616219384-efeb572da7b04b5095aa1a901fb235f2.request
FIFO compiler acquired UTC: 2026-10-05T04:35:08.616680+00:00


ℹ [8757/8774] Replayed Theorems.Thm_StickyKakeya4_four_probe_boundary_limit
info: stdout:
FIFO compiler ticket: 01791174922342934425-d0d8a1a26a0d422faca1c5a8a8e0b89e.request
FIFO compiler acquired UTC: 2026-10-05T04:35:22.343298+00:00


⚠ [8758/8774] Replayed Theorems.Thm_StickyKakeya4_three_packet_support
info: stdout:
FIFO compiler ticket: 01791174933775415264-42bf9a70f9f947309f55018d43f9f646.request
FIFO compiler acquired UTC: 2026-10-05T04:35:33.775796+00:00

warning: Theorems/Thm_StickyKakeya4_three_packet_support.lean:92:4: Try `simp at hprob` instead of `simpa using hprob`

Note: This linter can be disabled with `set_option linter.unnecessarySimpa false`
info: stdout:
FIFO compiler ticket: 01791174933775415264-42bf9a70f9f947309f55018d43f9f646.request
FIFO compiler acquired UTC: 2026-10-05T04:35:33.775796+00:00

warning: Theorems/Thm_StickyKakeya4_three_packet_support.lean:100:13: `Set.mem_setOf_eq` has been deprecated: Use `Set.mem_ofPred_eq` instead
info: stdout:
FIFO compiler ticket: 01791174933775415264-42bf9a70f9f947309f55018d43f9f646.request
FIFO compiler acquired UTC: 2026-10-05T04:35:33.775796+00:00


ℹ [8759/8774] Replayed Theorems.Thm_StickyKakeya4_north_graph_contact_coordinates
info: stdout:
FIFO compiler ticket: 01791174917590592019-ce510a25c6ce4320b82ffd393ceaba3b.request
FIFO compiler acquired UTC: 2026-10-05T04:35:17.590947+00:00


⚠ [8760/8774] Replayed Theorems.Thm_StickyKakeya4_front_fibre_lower_bound
info: stdout:
FIFO compiler ticket: 01791174938403148620-a95995a72ffb48ad8fc57312b7a0855e.request
FIFO compiler acquired UTC: 2026-10-05T04:35:38.403539+00:00

warning: Theorems/Thm_StickyKakeya4_front_fibre_lower_bound.lean:90:5: Variable name `hdelta` is not explicitly referenced.

Hint: The binding can be removed (if unused) or named `_` (if used implicitly). Alternatively, prefix the name with `_` to silence this warning:
  [apply] _hdelta

Note: This linter can be disabled with `set_option linter.unusedVariables false`
info: stdout:
FIFO compiler ticket: 01791174938403148620-a95995a72ffb48ad8fc57312b7a0855e.request
FIFO compiler acquired UTC: 2026-10-05T04:35:38.403539+00:00


⚠ [8761/8775] Replayed Theorems.Thm_StickyKakeya4_four_probe_cauchy_extraction
info: stdout:
FIFO compiler ticket: 01791174944670705562-d85738f62f86491fa803c0bdd94f19c4.request
FIFO compiler acquired UTC: 2026-10-05T04:35:44.671127+00:00

warning: Theorems/Thm_StickyKakeya4_four_probe_cauchy_extraction.lean:306:4: Unused tactic linter: `change limitA.mulVec (c.ofLp - d.ofLp) = 0` does nothing

Note: This linter can be disabled with `set_option linter.unusedTactic false`
info: stdout:
FIFO compiler ticket: 01791174944670705562-d85738f62f86491fa803c0bdd94f19c4.request
FIFO compiler acquired UTC: 2026-10-05T04:35:44.671127+00:00


ℹ [8762/8775] Built Theorems.Thm_StickyKakeya4_packing_reference_overlap (5.0s)
info: stdout:
FIFO compiler ticket: 01791178758112081679-61ff46748cb048e2a3a427130fd368b7.request
FIFO compiler acquired UTC: 2026-10-05T05:39:18.112458+00:00


ℹ [8763/8775] Built Theorems.Thm_StickyKakeya4_packing_vertical_count (5.5s)
info: stdout:
FIFO compiler ticket: 01791178763142974736-556995fecf7844548d9b1d3bc53caf99.request
FIFO compiler acquired UTC: 2026-10-05T05:39:23.143444+00:00


ℹ [8764/8778] Replayed Theorems.Thm_StickyKakeya4_conditioned_boundary_packet_chain
info: stdout:
FIFO compiler ticket: 01791174950095866773-bc561815b44c469d91d40b949ef9ddbb.request
FIFO compiler acquired UTC: 2026-10-05T04:35:50.096231+00:00


ℹ [8765/8778] Replayed Theorems.Thm_StickyKakeya4_front_direction_cap_firewall
info: stdout:
FIFO compiler ticket: 01791174959317826406-487ae88375e04228bc949d2f0fb85e7a.request
FIFO compiler acquired UTC: 2026-10-05T04:35:59.318173+00:00


ℹ [8766/8778] Replayed Theorems.Thm_StickyKakeya4_front_two_probe_direction_firewall
info: stdout:
FIFO compiler ticket: 01791174975704355400-c55ec8203a9c4d059183b25c6fb54464.request
FIFO compiler acquired UTC: 2026-10-05T04:36:15.704745+00:00


ℹ [8767/8778] Replayed Theorems.Thm_StickyKakeya4_north_conditioned_boundary_packet_chain
info: stdout:
FIFO compiler ticket: 01791174970973045005-6f202d44ce06461dbdef77f27d5f00ca.request
FIFO compiler acquired UTC: 2026-10-05T04:36:10.973459+00:00


ℹ [8768/8778] Replayed Theorems.Thm_StickyKakeya4_packing_piece_two_probe_firewall
info: stdout:
FIFO compiler ticket: 01791174988448348071-5d1b568b36e349d4896f325a90ec5659.request
FIFO compiler acquired UTC: 2026-10-05T04:36:28.448743+00:00


ℹ [8769/8778] Built Theorems.Thm_StickyKakeya4_residual_phase_localization (6.9s)
info: stdout:
FIFO compiler ticket: 01791178768635818526-a2005c68a9524c4491a53e2f55222b3b.request
FIFO compiler acquired UTC: 2026-10-05T05:39:28.636194+00:00


ℹ [8770/8778] Replayed Theorems.Thm_StickyKakeya4_collision_flow_overlap_witness
info: stdout:
FIFO compiler ticket: 01791174163176030946-dda6ff8417244b00aeca22d1a07daa3b.request
FIFO compiler acquired UTC: 2026-10-05T04:22:43.176789+00:00


⚠ [8771/8780] Replayed Theorems.Thm_StickyKakeya4_vector_center_carleson
info: stdout:
FIFO compiler ticket: 01791174998780125240-47aa4deb5ec341d4b3d109ff100fbb49.request
FIFO compiler acquired UTC: 2026-10-05T04:36:38.780523+00:00

warning: Theorems/Thm_StickyKakeya4_vector_center_carleson.lean:69:5: Variable name `hR` is not explicitly referenced.

Hint: The binding can be removed (if unused) or named `_` (if used implicitly). Alternatively, prefix the name with `_` to silence this warning:
  [apply] _hR

Note: This linter can be disabled with `set_option linter.unusedVariables false`
info: stdout:
FIFO compiler ticket: 01791174998780125240-47aa4deb5ec341d4b3d109ff100fbb49.request
FIFO compiler acquired UTC: 2026-10-05T04:36:38.780523+00:00

warning: Theorems/Thm_StickyKakeya4_vector_center_carleson.lean:537:5: Variable name `hR` is not explicitly referenced.

Hint: The binding can be removed (if unused) or named `_` (if used implicitly). Alternatively, prefix the name with `_` to silence this warning:
  [apply] _hR

Note: This linter can be disabled with `set_option linter.unusedVariables false`
info: stdout:
FIFO compiler ticket: 01791174998780125240-47aa4deb5ec341d4b3d109ff100fbb49.request
FIFO compiler acquired UTC: 2026-10-05T04:36:38.780523+00:00

warning: Theorems/Thm_StickyKakeya4_vector_center_carleson.lean:890:18: Variable name `hR` is not explicitly referenced.

Hint: The binding can be removed (if unused) or named `_` (if used implicitly). Alternatively, prefix the name with `_` to silence this warning:
  [apply] _hR

Note: This linter can be disabled with `set_option linter.unusedVariables false`
info: stdout:
FIFO compiler ticket: 01791174998780125240-47aa4deb5ec341d4b3d109ff100fbb49.request
FIFO compiler acquired UTC: 2026-10-05T04:36:38.780523+00:00

warning: Theorems/Thm_StickyKakeya4_vector_center_carleson.lean:891:24: Variable name `hzetaThree` is not explicitly referenced.

Hint: The binding can be removed (if unused) or named `_` (if used implicitly). Alternatively, prefix the name with `_` to silence this warning:
  [apply] _hzetaThree

Note: This linter can be disabled with `set_option linter.unusedVariables false`
info: stdout:
FIFO compiler ticket: 01791174998780125240-47aa4deb5ec341d4b3d109ff100fbb49.request
FIFO compiler acquired UTC: 2026-10-05T04:36:38.780523+00:00


⚠ [8772/8780] Replayed Theorems.Thm_StickyKakeya4_actual_slope_source
info: stdout:
FIFO compiler ticket: 01791175012168005888-e5d5ff074f9b48fdbc554cf082422f7b.request
FIFO compiler acquired UTC: 2026-10-05T04:36:52.168621+00:00

warning: Theorems/Thm_StickyKakeya4_actual_slope_source.lean:67:34: `EuclideanSpace.single_apply` has been deprecated: Use `PiLp.single_apply` instead

Note: The updated constant has a different type:
  ∀ (p : ℝ≥0∞) (𝕜 : Type u_1) {ι : Type u_2} [inst : DecidableEq ι] [inst_1 : Zero 𝕜] (i : ι) (a : 𝕜) (j : ι),
    (PiLp.single p i a).ofLp j = if j = i then a else 0
instead of
  ∀ {ι : Type u_1} {𝕜 : Type u_3} [inst : RCLike 𝕜] [inst_1 : DecidableEq ι] (i : ι) (a : 𝕜) (j : ι),
    (EuclideanSpace.single i a).ofLp j = if j = i then a else 0

Note: The updated constant is in a different namespace. Dot notation may need to be changed (e.g., from `x.single_apply` to `PiLp.single_apply x`).
info: stdout:
FIFO compiler ticket: 01791175012168005888-e5d5ff074f9b48fdbc554cf082422f7b.request
FIFO compiler acquired UTC: 2026-10-05T04:36:52.168621+00:00

warning: Theorems/Thm_StickyKakeya4_actual_slope_source.lean:206:69: Used `tac1 <;> tac2` where `(tac1; tac2)` would suffice

Note: This linter can be disabled with `set_option linter.unnecessarySeqFocus false`
info: stdout:
FIFO compiler ticket: 01791175012168005888-e5d5ff074f9b48fdbc554cf082422f7b.request
FIFO compiler acquired UTC: 2026-10-05T04:36:52.168621+00:00


ℹ [8773/8780] Built Theorems.Thm_StickyKakeya4_collision_edge_fixed_height_control (5.1s)
info: stdout:
FIFO compiler ticket: 01791178775500270865-bd55be2b5c2843a39831bd39779ae0ac.request
FIFO compiler acquired UTC: 2026-10-05T05:39:35.500732+00:00


ℹ [8775/8786] Built Theorems.Thm_StickyKakeya4_north_slope_direction_density (6.7s)
info: stdout:
FIFO compiler ticket: 01791178780596680384-b44b8275ffaa4b139e46fd4db41d6135.request
FIFO compiler acquired UTC: 2026-10-05T05:39:40.597025+00:00


ℹ [8776/8786] Built Theorems.Thm_StickyKakeya4_actual_packing_reference_source (5.9s)
info: stdout:
FIFO compiler ticket: 01791178787301631801-5b4e6418c7224a10b987f41de6eb46ce.request
FIFO compiler acquired UTC: 2026-10-05T05:39:47.302062+00:00


ℹ [8777/8786] Replayed LeanFormalizations.Combinatorics.Additive.BalogSzemerediGowers
info: stdout:
FIFO compiler ticket: 01791173019346761905-506144897e3940b18da33168cde61072.request
FIFO compiler acquired UTC: 2026-10-05T04:03:39.347133+00:00


⚠ [8778/8786] Built Theorems.Thm_StickyKakeya4_four_cycle_contact_frame (6.2s)
info: stdout:
FIFO compiler ticket: 01791178793267319230-805c8314bfaf470ca8b02d7d7c2de11f.request
FIFO compiler acquired UTC: 2026-10-05T05:39:53.267740+00:00

warning: Theorems/Thm_StickyKakeya4_four_cycle_contact_frame.lean:67:4: Try `simp at hk` instead of `simpa using hk`

Note: This linter can be disabled with `set_option linter.unnecessarySimpa false`
info: stdout:
FIFO compiler ticket: 01791178793267319230-805c8314bfaf470ca8b02d7d7c2de11f.request
FIFO compiler acquired UTC: 2026-10-05T05:39:53.267740+00:00

warning: Theorems/Thm_StickyKakeya4_four_cycle_contact_frame.lean:70:4: Try `simp at hk` instead of `simpa using hk`

Note: This linter can be disabled with `set_option linter.unnecessarySimpa false`
info: stdout:
FIFO compiler ticket: 01791178793267319230-805c8314bfaf470ca8b02d7d7c2de11f.request
FIFO compiler acquired UTC: 2026-10-05T05:39:53.267740+00:00

warning: Theorems/Thm_StickyKakeya4_four_cycle_contact_frame.lean:73:4: Try `simp at hk` instead of `simpa using hk`

Note: This linter can be disabled with `set_option linter.unnecessarySimpa false`
info: stdout:
FIFO compiler ticket: 01791178793267319230-805c8314bfaf470ca8b02d7d7c2de11f.request
FIFO compiler acquired UTC: 2026-10-05T05:39:53.267740+00:00

warning: Theorems/Thm_StickyKakeya4_four_cycle_contact_frame.lean:76:4: Try `simp at hk` instead of `simpa using hk`

Note: This linter can be disabled with `set_option linter.unnecessarySimpa false`
info: stdout:
FIFO compiler ticket: 01791178793267319230-805c8314bfaf470ca8b02d7d7c2de11f.request
FIFO compiler acquired UTC: 2026-10-05T05:39:53.267740+00:00

warning: Theorems/Thm_StickyKakeya4_four_cycle_contact_frame.lean:100:4: this tactic is never executed

Note: This linter can be disabled with `set_option linter.unreachableTactic false`
info: stdout:
FIFO compiler ticket: 01791178793267319230-805c8314bfaf470ca8b02d7d7c2de11f.request
FIFO compiler acquired UTC: 2026-10-05T05:39:53.267740+00:00

warning: Theorems/Thm_StickyKakeya4_four_cycle_contact_frame.lean:100:4: Unused tactic linter: `ring` does nothing

Note: This linter can be disabled with `set_option linter.unusedTactic false`
info: stdout:
FIFO compiler ticket: 01791178793267319230-805c8314bfaf470ca8b02d7d7c2de11f.request
FIFO compiler acquired UTC: 2026-10-05T05:39:53.267740+00:00

warning: Theorems/Thm_StickyKakeya4_four_cycle_contact_frame.lean:105:39: This simp argument is unused:
  Finset.mul_sum

Hint: Omit it from the simp argument list.
  [apply] simp [matrixVectorE3, Matrix.mulVec, mul_assoc, mul_comm, mul_left_comm]

Note: This linter can be disabled with `set_option linter.unusedSimpArgs false`
info: stdout:
FIFO compiler ticket: 01791178793267319230-805c8314bfaf470ca8b02d7d7c2de11f.request
FIFO compiler acquired UTC: 2026-10-05T05:39:53.267740+00:00

warning: Theorems/Thm_StickyKakeya4_four_cycle_contact_frame.lean:105:55: This simp argument is unused:
  mul_assoc

Hint: Omit it from the simp argument list.
  [apply] simp [matrixVectorE3, Matrix.mulVec, Finset.mul_sum, mul_comm, mul_left_comm]

Note: This linter can be disabled with `set_option linter.unusedSimpArgs false`
info: stdout:
FIFO compiler ticket: 01791178793267319230-805c8314bfaf470ca8b02d7d7c2de11f.request
FIFO compiler acquired UTC: 2026-10-05T05:39:53.267740+00:00

warning: Theorems/Thm_StickyKakeya4_four_cycle_contact_frame.lean:106:4: This simp argument is unused:
  mul_comm

Hint: Omit it from the simp argument list.
  [apply] simp [matrixVectorE3, Matrix.mulVec, Finset.mul_sum, mul_assoc, mul_left_comm]

Note: This linter can be disabled with `set_option linter.unusedSimpArgs false`
info: stdout:
FIFO compiler ticket: 01791178793267319230-805c8314bfaf470ca8b02d7d7c2de11f.request
FIFO compiler acquired UTC: 2026-10-05T05:39:53.267740+00:00

warning: Theorems/Thm_StickyKakeya4_four_cycle_contact_frame.lean:106:14: This simp argument is unused:
  mul_left_comm

Hint: Omit it from the simp argument list.
  [apply] simp [matrixVectorE3, Matrix.mulVec, Finset.mul_sum, mul_assoc, mul_comm]

Note: This linter can be disabled with `set_option linter.unusedSimpArgs false`
info: stdout:
FIFO compiler ticket: 01791178793267319230-805c8314bfaf470ca8b02d7d7c2de11f.request
FIFO compiler acquired UTC: 2026-10-05T05:39:53.267740+00:00


ℹ [8779/8786] Built Theorems.Thm_StickyKakeya4_actual_reference_vertical_count (4.9s)
info: stdout:
FIFO compiler ticket: 01791178799406064050-5f77920f5da04ae698b910bb84f89335.request
FIFO compiler acquired UTC: 2026-10-05T05:39:59.406447+00:00


ℹ [8780/8786] Built Theorems.Thm_StickyKakeya4_dense_bipartite_genuine_four_cycle (6.9s)
info: stdout:
FIFO compiler ticket: 01791178804318786789-dd77811d4d3b48bba89e5c86eae20609.request
FIFO compiler acquired UTC: 2026-10-05T05:40:04.319153+00:00


⚠ [8781/8786] Built Theorems.Thm_StickyKakeya4_dense_relation_marked_four_cycle (6.2s)
info: stdout:
FIFO compiler ticket: 01791178811194638025-000d7e9378b548acad08a048c0ee52bd.request
FIFO compiler acquired UTC: 2026-10-05T05:40:11.195009+00:00

warning: Theorems/Thm_StickyKakeya4_dense_relation_marked_four_cycle.lean:59:30: This simp argument is unused:
  Matrix.cons_val_zero

Hint: Omit it from the simp argument list.
  [apply] simp only [toMarkedCycle, Matrix.cons_val_one, Fin.isValue] at hij ⊢

Note: This linter can be disabled with `set_option linter.unusedSimpArgs false`
info: stdout:
FIFO compiler ticket: 01791178811194638025-000d7e9378b548acad08a048c0ee52bd.request
FIFO compiler acquired UTC: 2026-10-05T05:40:11.195009+00:00

warning: Theorems/Thm_StickyKakeya4_dense_relation_marked_four_cycle.lean:59:52: This simp argument is unused:
  Matrix.cons_val_one

Hint: Omit it from the simp argument list.
  [apply] simp only [toMarkedCycle, Matrix.cons_val_zero, Fin.isValue] at hij ⊢

Note: This linter can be disabled with `set_option linter.unusedSimpArgs false`
info: stdout:
FIFO compiler ticket: 01791178811194638025-000d7e9378b548acad08a048c0ee52bd.request
FIFO compiler acquired UTC: 2026-10-05T05:40:11.195009+00:00

warning: Theorems/Thm_StickyKakeya4_dense_relation_marked_four_cycle.lean:60:6: This simp argument is unused:
  Fin.isValue

Hint: Omit it from the simp argument list.
  [apply] simp only [toMarkedCycle, Matrix.cons_val_zero, Matrix.cons_val_one] at hij ⊢

Note: This linter can be disabled with `set_option linter.unusedSimpArgs false`
info: stdout:
FIFO compiler ticket: 01791178811194638025-000d7e9378b548acad08a048c0ee52bd.request
FIFO compiler acquired UTC: 2026-10-05T05:40:11.195009+00:00

warning: Theorems/Thm_StickyKakeya4_dense_relation_marked_four_cycle.lean:87:30: This simp argument is unused:
  Matrix.cons_val_zero

Hint: Omit it from the simp argument list.
  [apply] simp only [toMarkedCycle, Matrix.cons_val_one, Fin.isValue] at hij ⊢

Note: This linter can be disabled with `set_option linter.unusedSimpArgs false`
info: stdout:
FIFO compiler ticket: 01791178811194638025-000d7e9378b548acad08a048c0ee52bd.request
FIFO compiler acquired UTC: 2026-10-05T05:40:11.195009+00:00

warning: Theorems/Thm_StickyKakeya4_dense_relation_marked_four_cycle.lean:87:52: This simp argument is unused:
  Matrix.cons_val_one

Hint: Omit it from the simp argument list.
  [apply] simp only [toMarkedCycle, Matrix.cons_val_zero, Fin.isValue] at hij ⊢

Note: This linter can be disabled with `set_option linter.unusedSimpArgs false`
info: stdout:
FIFO compiler ticket: 01791178811194638025-000d7e9378b548acad08a048c0ee52bd.request
FIFO compiler acquired UTC: 2026-10-05T05:40:11.195009+00:00

warning: Theorems/Thm_StickyKakeya4_dense_relation_marked_four_cycle.lean:88:6: This simp argument is unused:
  Fin.isValue

Hint: Omit it from the simp argument list.
  [apply] simp only [toMarkedCycle, Matrix.cons_val_zero, Matrix.cons_val_one] at hij ⊢

Note: This linter can be disabled with `set_option linter.unusedSimpArgs false`
info: stdout:
FIFO compiler ticket: 01791178811194638025-000d7e9378b548acad08a048c0ee52bd.request
FIFO compiler acquired UTC: 2026-10-05T05:40:11.195009+00:00


⚠ [8782/8786] Built Theorems.Thm_StickyKakeya4_separated_collision_relation_packet (5.3s)
info: stdout:
FIFO compiler ticket: 01791178817410639970-9d4b4dbe51234ae8997b67beb4c3a003.request
FIFO compiler acquired UTC: 2026-10-05T05:40:17.410997+00:00

warning: Theorems/Thm_StickyKakeya4_separated_collision_relation_packet.lean:52:40: This simp argument is unused:
  Matrix.cons_val_zero

Hint: Omit it from the simp argument list.
  [apply] simp only [markedCycleRelationEdge, Matrix.cons_val_one, Fin.isValue] at hij ⊢

Note: This linter can be disabled with `set_option linter.unusedSimpArgs false`
info: stdout:
FIFO compiler ticket: 01791178817410639970-9d4b4dbe51234ae8997b67beb4c3a003.request
FIFO compiler acquired UTC: 2026-10-05T05:40:17.410997+00:00

warning: Theorems/Thm_StickyKakeya4_separated_collision_relation_packet.lean:53:6: This simp argument is unused:
  Matrix.cons_val_one

Hint: Omit it from the simp argument list.
  [apply] simp only [markedCycleRelationEdge, Matrix.cons_val_zero, Fin.isValue] at hij ⊢

Note: This linter can be disabled with `set_option linter.unusedSimpArgs false`
info: stdout:
FIFO compiler ticket: 01791178817410639970-9d4b4dbe51234ae8997b67beb4c3a003.request
FIFO compiler acquired UTC: 2026-10-05T05:40:17.410997+00:00


ℹ [8783/8786] Built Theorems.Thm_StickyKakeya4_collision_edge_contact_residual (7.8s)
info: stdout:
FIFO compiler ticket: 01791178822759724230-975dc38ee9ad4586b4fd5450bba97533.request
FIFO compiler acquired UTC: 2026-10-05T05:40:25.671440+00:00


ℹ [8784/8787] Built Theorems.Thm_StickyKakeya4_actual_slope_source_bounds (5.4s)
info: stdout:
FIFO compiler ticket: 01791178830567601180-2a40672b2d7e430595768b826cc68c4a.request
FIFO compiler acquired UTC: 2026-10-05T05:40:30.568057+00:00


ℹ [8785/8787] Built Theorems.Thm_StickyKakeya4_residual_carrier_proximity (6.8s)
info: stdout:
FIFO compiler ticket: 01791178835956485215-50355630385c4569ac9a3e9dd2e7214d.request
FIFO compiler acquired UTC: 2026-10-05T05:40:35.956853+00:00


⚠ [8786/8789] Built Theorems.Thm_StickyKakeya4_energy_dimension (5.0s)
info: stdout:
FIFO compiler ticket: 01791178842739344599-8646b74c6c0a447da7547699cd8b5085.request
FIFO compiler acquired UTC: 2026-10-05T05:40:42.739732+00:00

warning: Theorems/Thm_StickyKakeya4_energy_dimension.lean:72:0: automatically included section variable(s) unused in theorem `StickyKakeya4.EnergyDimension.restrict_ball_growth_of_bounded_potential`:
  [SecondCountableTopology X]
consider restructuring your `variable` declarations so that the variables are not in scope or explicitly omit them:
  omit [SecondCountableTopology X] in theorem ...

Note: This linter can be disabled with `set_option linter.unusedSectionVars false`
info: stdout:
FIFO compiler ticket: 01791178842739344599-8646b74c6c0a447da7547699cd8b5085.request
FIFO compiler acquired UTC: 2026-10-05T05:40:42.739732+00:00


ℹ [8787/8791] Built Theorems.Thm_StickyKakeya4_residual_collision_bridge (6.3s)
info: stdout:
FIFO compiler ticket: 01791178847742102530-5bf7af199e90453b9acc6980f1d256d1.request
FIFO compiler acquired UTC: 2026-10-05T05:40:47.742514+00:00


ℹ [8788/8794] Built Theorems.Thm_StickyKakeya4_global_terminal_band (6.0s)
info: stdout:
FIFO compiler ticket: 01791178853888866107-6680a10a0ff64f04832d14a469ade483.request
FIFO compiler acquired UTC: 2026-10-05T05:40:57.603474+00:00


ℹ [8789/8794] Built Theorems.Thm_StickyKakeya4_residual_energy (2.0s)
info: stdout:
FIFO compiler ticket: 01791178859930939088-bf1d4f534d6b486b8a9d2e586d3ada74.request
FIFO compiler acquired UTC: 2026-10-05T05:40:59.931302+00:00


ℹ [8790/8794] Built Theorems.Thm_StickyKakeya4_residual_sublevel_power (6.0s)
info: stdout:
FIFO compiler ticket: 01791178862998610906-c1a85e3805384815b956890b5fe80d5e.request
FIFO compiler acquired UTC: 2026-10-05T05:41:02.998967+00:00


⚠ [8791/8795] Built Theorems.Thm_StickyKakeya4_spacetime_collision_energy (7.0s)
info: stdout:
FIFO compiler ticket: 01791178869037958203-f7c3df1c74c24d00977503f5ff6cde93.request
FIFO compiler acquired UTC: 2026-10-05T05:41:09.038425+00:00

warning: Theorems/Thm_StickyKakeya4_spacetime_collision_energy.lean:287:18: Variable name `hq` is not explicitly referenced.

Hint: The binding can be removed (if unused) or named `_` (if used implicitly). Alternatively, prefix the name with `_` to silence this warning:
  [apply] _hq

Note: This linter can be disabled with `set_option linter.unusedVariables false`
info: stdout:
FIFO compiler ticket: 01791178869037958203-f7c3df1c74c24d00977503f5ff6cde93.request
FIFO compiler acquired UTC: 2026-10-05T05:41:09.038425+00:00


ℹ [8792/8795] Built Theorems.Thm_StickyKakeya4_original_residual_criterion (6.3s)
info: stdout:
FIFO compiler ticket: 01791178877009810715-328851bc8a2043e4a6bc6e4c71907395.request
FIFO compiler acquired UTC: 2026-10-05T05:41:17.010161+00:00


ℹ [8793/8795] Built Theorems.Thm_StickyKakeya4_rooted_four_cycle_measure (3.3s)
info: stdout:
FIFO compiler ticket: 01791178883196654278-a198566dfc014e15b7183a332e3e313f.request
FIFO compiler acquired UTC: 2026-10-05T05:41:23.197026+00:00


⚠ [8794/8801] Built Theorems.Thm_StickyKakeya4_positive_bush_frostman (9.8s)
info: stdout:
FIFO compiler ticket: 01791178886572329410-61bd2503a03748e29a0d48f6ecd77778.request
FIFO compiler acquired UTC: 2026-10-05T05:41:26.572754+00:00

warning: Theorems/Thm_StickyKakeya4_positive_bush_frostman.lean:212:49: Used `tac1 <;> tac2` where `(tac1; tac2)` would suffice

Note: This linter can be disabled with `set_option linter.unnecessarySeqFocus false`
info: stdout:
FIFO compiler ticket: 01791178886572329410-61bd2503a03748e29a0d48f6ecd77778.request
FIFO compiler acquired UTC: 2026-10-05T05:41:26.572754+00:00

warning: Theorems/Thm_StickyKakeya4_positive_bush_frostman.lean:389:2: `push_neg` has been deprecated. Prefer using `push Not` instead.
If you'd rather continue using `push_neg` in your project, you can implement it as follows:
```
open Lean.Parser.Tactic in
macro "push_neg" cfg:optConfig loc:(location)? : tactic =>
  `(tactic| push $cfg:optConfig Not $[$loc]?)
```
info: stdout:
FIFO compiler ticket: 01791178886572329410-61bd2503a03748e29a0d48f6ecd77778.request
FIFO compiler acquired UTC: 2026-10-05T05:41:26.572754+00:00


ℹ [8795/8801] Built Theorems.Thm_StickyKakeya4_markov_endpoint_preservation (1.9s)
info: stdout:
FIFO compiler ticket: 01791178896281451734-54719bebb235401ca9a72be5db61adf2.request
FIFO compiler acquired UTC: 2026-10-05T05:41:36.281890+00:00


ℹ [8796/8801] Built Theorems.Thm_StickyKakeya4_four_distinct_sources (3.8s)
info: stdout:
FIFO compiler ticket: 01791178898175174647-ae6969bb0fd14e9489b191b5e8bb8983.request
FIFO compiler acquired UTC: 2026-10-05T05:41:38.175576+00:00


⚠ [8797/8802] Built Theorems.Thm_StickyKakeya4_old_neighbor_disintegration (2.3s)
info: stdout:
FIFO compiler ticket: 01791178901941577230-0efa0db471504d60b274818da7812058.request
FIFO compiler acquired UTC: 2026-10-05T05:41:41.941958+00:00

warning: Theorems/Thm_StickyKakeya4_old_neighbor_disintegration.lean:134:2: Try this: 
  haveI̵

The goal is a proposition, so `have` is preferred over `haveI`.
The difference between `have` and `haveI` is that `haveI` inlines the value.
But this is not relevant for proofs because of proof irrelevance.

Note: This linter can be disabled with `set_option linter.style.haveILetI false`
info: stdout:
FIFO compiler ticket: 01791178901941577230-0efa0db471504d60b274818da7812058.request
FIFO compiler acquired UTC: 2026-10-05T05:41:41.941958+00:00


ℹ [8798/8805] Built Theorems.Thm_StickyKakeya4_independent_flag_separation (2.9s)
info: stdout:
FIFO compiler ticket: 01791178904265164505-e07093e066fe429cb1f7dfdf3b386aac.request
FIFO compiler acquired UTC: 2026-10-05T05:41:44.265545+00:00


ℹ [8799/8805] Built Theorems.Thm_StickyKakeya4_three_matrix_inverse_bounds (2.7s)
info: stdout:
FIFO compiler ticket: 01791178907165353090-9e9215e4dd504ce0b5a90bd80fdfeeb0.request
FIFO compiler acquired UTC: 2026-10-05T05:41:47.165865+00:00


ℹ [8800/8809] Built Theorems.Thm_StickyKakeya4_positive_flag_conditioning (2.6s)
info: stdout:
FIFO compiler ticket: 01791178909860043754-e016738e416f4dabafc856b917d5ba9b.request
FIFO compiler acquired UTC: 2026-10-05T05:41:49.860417+00:00


ℹ [8801/8809] Built Theorems.Thm_StickyKakeya4_separated_bush_fiber (5.3s)
info: stdout:
FIFO compiler ticket: 01791178912632586311-7a80bc0997e1458fa97726aab974258f.request
FIFO compiler acquired UTC: 2026-10-05T05:41:52.632945+00:00


ℹ [8802/8811] Built Theorems.Thm_StickyKakeya4_rooted_cycle_witness_kernel (3.5s)
info: stdout:
FIFO compiler ticket: 01791178917860564054-1a48c914bc9b40d196640f31ff36fc0b.request
FIFO compiler acquired UTC: 2026-10-05T05:41:57.860930+00:00


ℹ [8803/8811] Built Theorems.Thm_StickyKakeya4_contact_cycle_rigidity (8.1s)
info: stdout:
FIFO compiler ticket: 01791178921527556525-a25d2c0d27114d9593053bc23fdcca85.request
FIFO compiler acquired UTC: 2026-10-05T05:42:01.527931+00:00


ℹ [8804/8813] Built Theorems.Thm_StickyKakeya4_actual_residual_cycle_witness (8.6s)
info: stdout:
FIFO compiler ticket: 01791178929617072399-5177bb8240be402799ecaeef040e5dce.request
FIFO compiler acquired UTC: 2026-10-05T05:42:09.617705+00:00


ℹ [8805/8814] Built Theorems.Thm_StickyKakeya4_horizontal_determinant_null (6.1s)
info: stdout:
FIFO compiler ticket: 01791178938187373890-67eb51c2dbda470995c589ba2a25bcc7.request
FIFO compiler acquired UTC: 2026-10-05T05:42:18.187808+00:00


ℹ [8806/8815] Built Theorems.Thm_StickyKakeya4_no_frostman_exact_collision_null (6.9s)
info: stdout:
FIFO compiler ticket: 01791178944293616849-68191203d8fd4e738c812fbd8993f1dc.request
FIFO compiler acquired UTC: 2026-10-05T05:42:24.294045+00:00


ℹ [8807/8816] Built Theorems.Thm_StickyKakeya4_no_frostman_weighted_residual_decay (5.0s)
info: stdout:
FIFO compiler ticket: 01791178951222620566-c8611041c9bc454cad057dba4c79551a.request
FIFO compiler acquired UTC: 2026-10-05T05:42:31.223066+00:00


ℹ [8808/8816] Built Theorems.Thm_StickyKakeya4_local_seed_absorption (2.7s)
info: stdout:
FIFO compiler ticket: 01791178956098317872-c261c7bb4e5341478dd7e95bf3d99b1f.request
FIFO compiler acquired UTC: 2026-10-05T05:42:36.098702+00:00


ℹ [8809/8818] Built Theorems.Thm_StickyKakeya4_no_frostman_residual_excess (5.3s)
info: stdout:
FIFO compiler ticket: 01791178958975068818-e007a440fd11410fbff1deb76cee03a9.request
FIFO compiler acquired UTC: 2026-10-05T05:42:38.975480+00:00


ℹ [8810/8818] Built Theorems.Thm_StickyKakeya4_angular_residual_shell (7.4s)
info: stdout:
FIFO compiler ticket: 01791178964227506700-1c6efcc3c8a747f4a81af390c7712a62.request
FIFO compiler acquired UTC: 2026-10-05T05:42:44.227960+00:00


ℹ [8811/8818] Built Theorems.Thm_StickyKakeya4_source_chart_carrier_lipschitz (4.0s)
info: stdout:
FIFO compiler ticket: 01791178971664063926-f48963090ea1406a8d5c218490929ffa.request
FIFO compiler acquired UTC: 2026-10-05T05:42:51.664453+00:00


ℹ [8812/8818] Built Theorems.Thm_StickyKakeya4_residual_affine_rescaling (7.9s)
info: stdout:
FIFO compiler ticket: 01791178976636005302-0f382278b58641f1ac8aea5dee56e7aa.request
FIFO compiler acquired UTC: 2026-10-05T05:42:56.636402+00:00


ℹ [8813/8818] Built Theorems.Thm_StickyKakeya4_angular_residual_excess (5.8s)
info: stdout:
FIFO compiler ticket: 01791178984561584055-3ae715ca9ac644c1a8a9437fac8bae74.request
FIFO compiler acquired UTC: 2026-10-05T05:43:04.561988+00:00


ℹ [8814/8819] Built Theorems.Thm_StickyKakeya4_actual_shell_graph (5.5s)
info: stdout:
FIFO compiler ticket: 01791178990366746948-72ff089025d648b5adab9935003a641f.request
FIFO compiler acquired UTC: 2026-10-05T05:43:10.367092+00:00


ℹ [8815/8819] Built Theorems.Thm_StickyKakeya4_front_affine_dimension_transport (4.6s)
info: stdout:
FIFO compiler ticket: 01791178995843488721-1aab1b0b530c47728eb146294e809da8.request
FIFO compiler acquired UTC: 2026-10-05T05:43:15.843833+00:00


ℹ [8816/8822] Built Theorems.Thm_StickyKakeya4_actual_residual_phase_localization (7.7s)
info: stdout:
FIFO compiler ticket: 01791179000478995288-06218e1fd4f64725b5bdcae112f7e1d4.request
FIFO compiler acquired UTC: 2026-10-05T05:43:20.479345+00:00


⚠ [8817/8822] Built Theorems.Thm_StickyKakeya4_time_averaged_bush (7.5s)
info: stdout:
FIFO compiler ticket: 01791179008226293918-220e81ea81144d948eb61dd0beba640f.request
FIFO compiler acquired UTC: 2026-10-05T05:43:28.226719+00:00

warning: Theorems/Thm_StickyKakeya4_time_averaged_bush.lean:61:20: Used `tac1 <;> tac2` where `(tac1; tac2)` would suffice

Note: This linter can be disabled with `set_option linter.unnecessarySeqFocus false`
info: stdout:
FIFO compiler ticket: 01791179008226293918-220e81ea81144d948eb61dd0beba640f.request
FIFO compiler acquired UTC: 2026-10-05T05:43:28.226719+00:00

warning: Theorems/Thm_StickyKakeya4_time_averaged_bush.lean:61:32: Used `tac1 <;> tac2` where `(tac1; tac2)` would suffice

Note: This linter can be disabled with `set_option linter.unnecessarySeqFocus false`
info: stdout:
FIFO compiler ticket: 01791179008226293918-220e81ea81144d948eb61dd0beba640f.request
FIFO compiler acquired UTC: 2026-10-05T05:43:28.226719+00:00

warning: Theorems/Thm_StickyKakeya4_time_averaged_bush.lean:110:2: Try this: 
  letI̵

The goal is a proposition, so `let` is preferred over `letI`.
The difference between `let` and `letI` is that `letI` inlines the value.
But this is not relevant for proofs because of proof irrelevance.

Note: This linter can be disabled with `set_option linter.style.haveILetI false`
info: stdout:
FIFO compiler ticket: 01791179008226293918-220e81ea81144d948eb61dd0beba640f.request
FIFO compiler acquired UTC: 2026-10-05T05:43:28.226719+00:00

warning: Theorems/Thm_StickyKakeya4_time_averaged_bush.lean:164:2: Try this: 
  letI̵

The goal is a proposition, so `let` is preferred over `letI`.
The difference between `let` and `letI` is that `letI` inlines the value.
But this is not relevant for proofs because of proof irrelevance.

Note: This linter can be disabled with `set_option linter.style.haveILetI false`
info: stdout:
FIFO compiler ticket: 01791179008226293918-220e81ea81144d948eb61dd0beba640f.request
FIFO compiler acquired UTC: 2026-10-05T05:43:28.226719+00:00

warning: Theorems/Thm_StickyKakeya4_time_averaged_bush.lean:209:2: Try this: 
  letI̵

The goal is a proposition, so `let` is preferred over `letI`.
The difference between `let` and `letI` is that `letI` inlines the value.
But this is not relevant for proofs because of proof irrelevance.

Note: This linter can be disabled with `set_option linter.style.haveILetI false`
info: stdout:
FIFO compiler ticket: 01791179008226293918-220e81ea81144d948eb61dd0beba640f.request
FIFO compiler acquired UTC: 2026-10-05T05:43:28.226719+00:00


ℹ [8818/8822] Built Theorems.Thm_StickyKakeya4_actual_excessive_local_graph (8.7s)
info: stdout:
FIFO compiler ticket: 01791179015759565951-d919032e3fee469587ceafff9778344b.request
FIFO compiler acquired UTC: 2026-10-05T05:43:35.759918+00:00


ℹ [8819/8824] Built Theorems.Thm_StickyKakeya4_maximal_disjoint_cover (2.4s)
info: stdout:
FIFO compiler ticket: 01791179024361097634-8793131b9bdc4a10a99d70f83c078945.request
FIFO compiler acquired UTC: 2026-10-05T05:43:44.361780+00:00


⚠ [8820/8824] Built Theorems.Thm_StickyKakeya4_quantitative_bush_cover (7.1s)
info: stdout:
FIFO compiler ticket: 01791179026830569144-4a66af1dab544e4baae78bba5d0f7396.request
FIFO compiler acquired UTC: 2026-10-05T05:43:46.830910+00:00

warning: Theorems/Thm_StickyKakeya4_quantitative_bush_cover.lean:42:2: Try this: 
  letI̵

The goal is a proposition, so `let` is preferred over `letI`.
The difference between `let` and `letI` is that `letI` inlines the value.
But this is not relevant for proofs because of proof irrelevance.

Note: This linter can be disabled with `set_option linter.style.haveILetI false`
info: stdout:
FIFO compiler ticket: 01791179026830569144-4a66af1dab544e4baae78bba5d0f7396.request
FIFO compiler acquired UTC: 2026-10-05T05:43:46.830910+00:00

warning: Theorems/Thm_StickyKakeya4_quantitative_bush_cover.lean:91:15: `Set.mem_setOf_eq` has been deprecated: Use `Set.mem_ofPred_eq` instead
info: stdout:
FIFO compiler ticket: 01791179026830569144-4a66af1dab544e4baae78bba5d0f7396.request
FIFO compiler acquired UTC: 2026-10-05T05:43:46.830910+00:00

warning: Theorems/Thm_StickyKakeya4_quantitative_bush_cover.lean:91:66: This simp argument is unused:
  Set.mem_univ

Hint: Omit it from the simp argument list.
  [apply] simp only [Set.mem_setOf_eq, Set.mem_compl_iff, Set.mem_prod, and_true]

Note: This linter can be disabled with `set_option linter.unusedSimpArgs false`
info: stdout:
FIFO compiler ticket: 01791179026830569144-4a66af1dab544e4baae78bba5d0f7396.request
FIFO compiler acquired UTC: 2026-10-05T05:43:46.830910+00:00

warning: Theorems/Thm_StickyKakeya4_quantitative_bush_cover.lean:91:80: This simp argument is unused:
  and_true

Hint: Omit it from the simp argument list.
  [apply] simp only [Set.mem_setOf_eq, Set.mem_compl_iff, Set.mem_prod, Set.mem_univ]

Note: This linter can be disabled with `set_option linter.unusedSimpArgs false`
info: stdout:
FIFO compiler ticket: 01791179026830569144-4a66af1dab544e4baae78bba5d0f7396.request
FIFO compiler acquired UTC: 2026-10-05T05:43:46.830910+00:00

warning: Theorems/Thm_StickyKakeya4_quantitative_bush_cover.lean:130:2: Try this: 
  letI̵

The goal is a proposition, so `let` is preferred over `letI`.
The difference between `let` and `letI` is that `letI` inlines the value.
But this is not relevant for proofs because of proof irrelevance.

Note: This linter can be disabled with `set_option linter.style.haveILetI false`
info: stdout:
FIFO compiler ticket: 01791179026830569144-4a66af1dab544e4baae78bba5d0f7396.request
FIFO compiler acquired UTC: 2026-10-05T05:43:46.830910+00:00

warning: Theorems/Thm_StickyKakeya4_quantitative_bush_cover.lean:178:2: Try this: 
  letI̵

The goal is a proposition, so `let` is preferred over `letI`.
The difference between `let` and `letI` is that `letI` inlines the value.
But this is not relevant for proofs because of proof irrelevance.

Note: This linter can be disabled with `set_option linter.style.haveILetI false`
info: stdout:
FIFO compiler ticket: 01791179026830569144-4a66af1dab544e4baae78bba5d0f7396.request
FIFO compiler acquired UTC: 2026-10-05T05:43:46.830910+00:00

warning: Theorems/Thm_StickyKakeya4_quantitative_bush_cover.lean:223:15: `Set.mem_setOf_eq` has been deprecated: Use `Set.mem_ofPred_eq` instead
info: stdout:
FIFO compiler ticket: 01791179026830569144-4a66af1dab544e4baae78bba5d0f7396.request
FIFO compiler acquired UTC: 2026-10-05T05:43:46.830910+00:00

warning: Theorems/Thm_StickyKakeya4_quantitative_bush_cover.lean:223:15: This simp argument is unused:
  Set.mem_setOf_eq

Hint: Omit it from the simp argument list.
  [apply] simp only [Set.mem_compl_iff, Set.mem_prod, Set.mem_univ, and_true]

Note: This linter can be disabled with `set_option linter.unusedSimpArgs false`
info: stdout:
FIFO compiler ticket: 01791179026830569144-4a66af1dab544e4baae78bba5d0f7396.request
FIFO compiler acquired UTC: 2026-10-05T05:43:46.830910+00:00

warning: Theorems/Thm_StickyKakeya4_quantitative_bush_cover.lean:253:2: Try this: 
  letI̵

The goal is a proposition, so `let` is preferred over `letI`.
The difference between `let` and `letI` is that `letI` inlines the value.
But this is not relevant for proofs because of proof irrelevance.

Note: This linter can be disabled with `set_option linter.style.haveILetI false`
info: stdout:
FIFO compiler ticket: 01791179026830569144-4a66af1dab544e4baae78bba5d0f7396.request
FIFO compiler acquired UTC: 2026-10-05T05:43:46.830910+00:00


ℹ [8821/8824] Built Theorems.Thm_StickyKakeya4_cumulative_mass_rounding (3.5s)
info: stdout:
FIFO compiler ticket: 01791179033766938198-34a930db176545018d9e5b3d94a72839.request
FIFO compiler acquired UTC: 2026-10-05T05:43:53.767432+00:00


ℹ [8822/8824] Built Theorems.Thm_StickyKakeya4_actual_half_edge_bush_seed (6.3s)
info: stdout:
FIFO compiler ticket: 01791179037368458273-69d27f2991864689b787e84507a8e232.request
FIFO compiler acquired UTC: 2026-10-05T05:43:57.368829+00:00


ℹ [8823/8838] Built Theorems.Thm_StickyKakeya4_actual_mass_rounded_selection (2.4s)
info: stdout:
FIFO compiler ticket: 01791179043538104669-75603a5a9fed48ae968493c420e367e0.request
FIFO compiler acquired UTC: 2026-10-05T05:44:03.538729+00:00


ℹ [8824/8838] Replayed Theorems.Thm_StickyKakeya4_shifted_label_energy
info: stdout:
FIFO compiler ticket: 01791173152956087035-919115e3bb3a4868bc9c93fb1b139441.request
FIFO compiler acquired UTC: 2026-10-05T04:05:52.956669+00:00


ℹ [8825/8838] Replayed Theorems.Thm_StickyKakeya4_actual_rounded_additive_energy
info: stdout:
FIFO compiler ticket: 01791173155857281582-d2ffbed10b2446bb833bcc86715b649f.request
FIFO compiler acquired UTC: 2026-10-05T04:05:55.857761+00:00


ℹ [8826/8838] Replayed Theorems.Thm_StickyKakeya4_planar_shifted_near_energy
info: stdout:
FIFO compiler ticket: 01791173158750613926-2f757769557440cd916f944f53d8e857.request
FIFO compiler acquired UTC: 2026-10-05T04:05:58.750951+00:00


ℹ [8827/8838] Replayed Theorems.Thm_StickyKakeya4_actual_planar_rounded_energy
info: stdout:
FIFO compiler ticket: 01791173161896684186-411bf8677ca84ff8af059f10422f5352.request
FIFO compiler acquired UTC: 2026-10-05T04:06:01.897033+00:00


ℹ [8828/8838] Replayed Theorems.Thm_StickyKakeya4_cover_profile_stopping
info: stdout:
FIFO compiler ticket: 01791175063464042660-14dc78ee82c6439483babcfe6fccb22c.request
FIFO compiler acquired UTC: 2026-10-05T04:37:43.464442+00:00


ℹ [8829/8838] Replayed Theorems.Thm_StickyKakeya4_cover_profile_clipping
info: stdout:
FIFO compiler ticket: 01791175071386884278-4acf55e3b0f8442784b737765993af99.request
FIFO compiler acquired UTC: 2026-10-05T04:37:51.387263+00:00


ℹ [8830/8838] Replayed Theorems.Thm_StickyKakeya4_ad_grid_cover_menus
info: stdout:
FIFO compiler ticket: 01791175095067302573-27e7a5851fbe403f8ded0fee86c5888a.request
FIFO compiler acquired UTC: 2026-10-05T04:38:15.067693+00:00


ℹ [8831/8838] Replayed Theorems.Thm_StickyKakeya4_separated_alignment_patches
info: stdout:
FIFO compiler ticket: 01791174954946591661-c2d5fb1fc19846f89d2077d18aee9d81.request
FIFO compiler acquired UTC: 2026-10-05T04:35:54.946936+00:00


ℹ [8832/8838] Replayed Theorems.Thm_StickyKakeya4_self_uniform_incidence_refinement
info: stdout:
FIFO compiler ticket: 01791175051473162485-a68e63d994ae4470beac381891b8880c.request
FIFO compiler acquired UTC: 2026-10-05T04:37:31.473538+00:00


ℹ [8833/8838] Replayed Theorems.Thm_StickyKakeya4_uniform_grain_partitions
info: stdout:
FIFO compiler ticket: 01791175106311412435-eb148957d7a54c26b50a9f9b52a74d58.request
FIFO compiler acquired UTC: 2026-10-05T04:38:26.311772+00:00


ℹ [8834/8854] Replayed Theorems.Thm_StickyKakeya4_compatible_tuple_selection
info: stdout:
FIFO compiler ticket: 01791175101618797829-48c3502aac0f49c1b74d1e3cf0f0513d.request
FIFO compiler acquired UTC: 2026-10-05T04:38:21.619155+00:00


ℹ [8835/8854] Replayed Theorems.Thm_StickyKakeya4_small_fiber_alignment
info: stdout:
FIFO compiler ticket: 01791175110543359441-21771eb4a07d4cfea8d966985ab6b27d.request
FIFO compiler acquired UTC: 2026-10-05T04:38:30.543753+00:00


ℹ [8836/8854] Replayed Theorems.Thm_StickyKakeya4_fractional_fiber_alignment
info: stdout:
FIFO compiler ticket: 01791175122893721118-13d78e7493a44563ae59730e9fff6e07.request
FIFO compiler acquired UTC: 2026-10-05T04:38:42.894114+00:00


ℹ [8837/8854] Replayed Theorems.Thm_StickyKakeya4_sheared_grid_ad_reference
info: stdout:
FIFO compiler ticket: 01791175137121876698-ddf2afcdac1849f8af813c7f59c2d612.request
FIFO compiler acquired UTC: 2026-10-05T04:38:57.122231+00:00


ℹ [8838/8854] Replayed Theorems.Thm_StickyKakeya4_tube_bin_count
info: stdout:
FIFO compiler ticket: 01791174238702074312-08c46b659ca94ca083ab250b72eb3b50.request
FIFO compiler acquired UTC: 2026-10-05T04:23:58.703169+00:00


ℹ [8839/8854] Replayed Theorems.Thm_StickyKakeya4_graph_tube_grid_cover
info: stdout:
FIFO compiler ticket: 01791175117231002821-ebd25bf109f64556a62eadeac2f0d618.request
FIFO compiler acquired UTC: 2026-10-05T04:38:37.231343+00:00


ℹ [8840/8854] Replayed Theorems.Thm_StickyKakeya4_disjoint_profile_epochs
info: stdout:
FIFO compiler ticket: 01791175130417222301-b9fbf234dbc347e2806a244aa1c45632.request
FIFO compiler acquired UTC: 2026-10-05T04:38:50.417602+00:00


ℹ [8841/8854] Replayed Theorems.Thm_StickyKakeya4_finite_cover_profile_epochs
info: stdout:
FIFO compiler ticket: 01791175146680445303-f4f770fe1c3b43d7bb6cfc62eeeff2df.request
FIFO compiler acquired UTC: 2026-10-05T04:39:06.680801+00:00


ℹ [8842/8854] Replayed Theorems.Thm_StickyKakeya4_actual_tube_footprint_profiles
info: stdout:
FIFO compiler ticket: 01791175159470133757-debef9f60cde48d6a8db83d0af5c603a.request
FIFO compiler acquired UTC: 2026-10-05T04:39:19.470490+00:00


ℹ [8843/8854] Replayed Theorems.Thm_StickyKakeya4_sheared_grid_tube_reference
info: stdout:
FIFO compiler ticket: 01791175167506649730-a5300b887391421d8cbb0f597a883da0.request
FIFO compiler acquired UTC: 2026-10-05T04:39:27.507043+00:00


ℹ [8844/8854] Replayed Theorems.Thm_StickyKakeya4_finite_cell_label_reduction
info: stdout:
FIFO compiler ticket: 01791175154879757564-43124227ef5b43e985e9ac930d78f434.request
FIFO compiler acquired UTC: 2026-10-05T04:39:14.880116+00:00


ℹ [8845/8854] Replayed Theorems.Thm_StickyKakeya4_grid_quotient_ad
info: stdout:
FIFO compiler ticket: 01791175151398603753-057db599a8b741f0978aae57024ef470.request
FIFO compiler acquired UTC: 2026-10-05T04:39:11.398991+00:00


ℹ [8846/8854] Built Theorems.Thm_StickyKakeya4_tube_expansion_cover (7.9s)
info: stdout:
FIFO compiler ticket: 01791179046097073220-399eaabb485c42e483642d2ef2ffc28a.request
FIFO compiler acquired UTC: 2026-10-05T05:44:06.097462+00:00


ℹ [8847/8856] Replayed Theorems.Thm_StickyKakeya4_native_dyadic_tube_stopping
info: stdout:
FIFO compiler ticket: 01791175177608706123-c5b8618830cb4f47abc2f0f44a6301f4.request
FIFO compiler acquired UTC: 2026-10-05T04:39:37.609161+00:00


ℹ [8848/8856] Built Theorems.Thm_StickyKakeya4_angular_menu_stabilization (5.5s)
info: stdout:
FIFO compiler ticket: 01791179053975952722-04e161d38fc64413a7a9a3754023effb.request
FIFO compiler acquired UTC: 2026-10-05T05:44:13.976665+00:00


ℹ [8849/8856] Built Theorems.Thm_StickyKakeya4_dyadic_alignment_parameters (3.0s)
info: stdout:
FIFO compiler ticket: 01791179059372222589-f0aa8d232fb740cab4f8edc6c3dd51ee.request
FIFO compiler acquired UTC: 2026-10-05T05:44:19.372630+00:00


ℹ [8850/8856] Built Theorems.Thm_StickyKakeya4_parentwise_angular_selection (4.9s)
info: stdout:
FIFO compiler ticket: 01791179062538876229-87a5287a09cb405bbd6a43f48a829067.request
FIFO compiler acquired UTC: 2026-10-05T05:44:22.539256+00:00


ℹ [8851/8856] Replayed Theorems.Thm_StickyKakeya4_native_dyadic_tube_epoch
info: stdout:
FIFO compiler ticket: 01791175183628443377-08f9aeb71bd644718839446fbbf0388d.request
FIFO compiler acquired UTC: 2026-10-05T04:39:43.628816+00:00


ℹ [8852/8856] Built Theorems.Thm_StickyKakeya4_tube_perturbation_grid_transfer (4.7s)
info: stdout:
FIFO compiler ticket: 01791179067454716368-8c725b715ca74e6aaba59740bc99f3b5.request
FIFO compiler acquired UTC: 2026-10-05T05:44:27.455068+00:00


ℹ [8853/8856] Built Theorems.Thm_StickyKakeya4_native_parent_spines (10s)
info: stdout:
FIFO compiler ticket: 01791179072173017184-0119080d1ad344f8b1cb4c0e93192481.request
FIFO compiler acquired UTC: 2026-10-05T05:44:32.173408+00:00


ℹ [8854/8859] Built Theorems.Thm_StickyKakeya4_native_angular_chart_selection (7.5s)
info: stdout:
FIFO compiler ticket: 01791179082967764095-28c5445250814ac1b7422cf889178205.request
FIFO compiler acquired UTC: 2026-10-05T05:44:42.968144+00:00


ℹ [8855/8861] Built Theorems.Thm_StickyKakeya4_real_scale_tube_profile_transfer (6.4s)
info: stdout:
FIFO compiler ticket: 01791179090578782644-d829054cb1bf4ecf924f7876de3cf725.request
FIFO compiler acquired UTC: 2026-10-05T05:44:50.579277+00:00


ℹ [8856/8866] Built Theorems.Thm_StickyKakeya4_spine_column_counting (3.1s)
info: stdout:
FIFO compiler ticket: 01791179096785977749-3b3a00f1ec0f4c61b4e69d4f91e7501d.request
FIFO compiler acquired UTC: 2026-10-05T05:44:56.786332+00:00


ℹ [8857/8866] Built Theorems.Thm_StickyKakeya4_sheared_grid_spine_columns (6.2s)
info: stdout:
FIFO compiler ticket: 01791179100019871181-e2cecf0383e84f2f8e799cb0058753ee.request
FIFO compiler acquired UTC: 2026-10-05T05:45:00.020434+00:00


ℹ [8858/8866] Replayed Theorems.Thm_StickyKakeya4_euclidean_alignment_patches
info: stdout:
FIFO compiler ticket: 01791174966955237564-353a394fde034fab9a4a9d0e8162b44f.request
FIFO compiler acquired UTC: 2026-10-05T04:36:06.956308+00:00


ℹ [8859/8866] Built Theorems.Thm_StickyKakeya4_native_fractional_reference_composition (5.5s)
info: stdout:
FIFO compiler ticket: 01791179106181890997-59b660b53848400ebf34864874064acb.request
FIFO compiler acquired UTC: 2026-10-05T05:45:06.182269+00:00


ℹ [8860/8869] Built Theorems.Thm_StickyKakeya4_native_contact_spine_columns (6.1s)
info: stdout:
FIFO compiler ticket: 01791179111645580520-6d1c27813f0f4170ad8fb9fb87ce16e2.request
FIFO compiler acquired UTC: 2026-10-05T05:45:11.646118+00:00


ℹ [8861/8869] Built Theorems.Thm_StickyKakeya4_native_contact_fractional_composition (5.3s)
info: stdout:
FIFO compiler ticket: 01791179117794772146-0bd53883ffca4a2cbc637544e860c303.request
FIFO compiler acquired UTC: 2026-10-05T05:45:17.795129+00:00


ℹ [8862/8869] Built Theorems.Thm_StickyKakeya4_dyadic_ad_interpolation (2.2s)
info: stdout:
FIFO compiler ticket: 01791179122948091345-22836e98c25045b2a88afd8df5691056.request
FIFO compiler acquired UTC: 2026-10-05T05:45:22.948638+00:00


ℹ [8863/8869] Built Theorems.Thm_StickyKakeya4_native_separated_fractional_patches (5.1s)
info: stdout:
FIFO compiler ticket: 01791179125278327522-98c73f2b5a6444aca28772520dd600ab.request
FIFO compiler acquired UTC: 2026-10-05T05:45:25.278711+00:00


ℹ [8864/8869] Built Theorems.Thm_StickyKakeya4_real_scalar_ad_interpolation (5.3s)
info: stdout:
FIFO compiler ticket: 01791179130372173044-c20b2c6d60bb4e26857292e733de6c0a.request
FIFO compiler acquired UTC: 2026-10-05T05:45:30.372560+00:00


ℹ [8865/8869] Built Theorems.Thm_StickyKakeya4_parent_all_real_tube_control (5.4s)
info: stdout:
FIFO compiler ticket: 01791179135663816260-0c90231083f44393b6f94edc8e279088.request
FIFO compiler acquired UTC: 2026-10-05T05:45:35.664157+00:00


ℹ [8866/8869] Built Theorems.Thm_StickyKakeya4_normalized_quantized_patches (5.2s)
info: stdout:
FIFO compiler ticket: 01791179141102704852-5c1a55a310964d85ad97ddeb9c25dd65.request
FIFO compiler acquired UTC: 2026-10-05T05:45:41.103072+00:00


ℹ [8867/8872] Built Theorems.Thm_StickyKakeya4_literal_affine_fiber_coordinates (10s)
info: stdout:
FIFO compiler ticket: 01791179146285009905-378502d8f8fc44359b64947a7eb7b013.request
FIFO compiler acquired UTC: 2026-10-05T05:45:46.285366+00:00


ℹ [8868/8875] Built Theorems.Thm_StickyKakeya4_actual_scalar_ad_profiles (5.2s)
info: stdout:
FIFO compiler ticket: 01791179157267548165-8b45e834c28647e5b66b6de8f96e51b0.request
FIFO compiler acquired UTC: 2026-10-05T05:45:57.267998+00:00


ℹ [8869/8877] Built Theorems.Thm_StickyKakeya4_uniform_collision_edge_time (4.6s)
info: stdout:
FIFO compiler ticket: 01791179162461829795-e171b19ca1fb4a84bf5bcf32df087144.request
FIFO compiler acquired UTC: 2026-10-05T05:46:02.462214+00:00


ℹ [8870/8877] Built Theorems.Thm_StickyKakeya4_source_marked_collision_edges (4.3s)
info: stdout:
FIFO compiler ticket: 01791179167078681976-b47ed54e022e441eae945f91369c4c67.request
FIFO compiler acquired UTC: 2026-10-05T05:46:07.079040+00:00


⚠ [8871/8877] Built Theorems.Thm_StickyKakeya4_normalized_collision_relation_packet (4.7s)
info: stdout:
FIFO compiler ticket: 01791179171357008049-e8d0e015650e45fd91d39207a8ca971f.request
FIFO compiler acquired UTC: 2026-10-05T05:46:11.357372+00:00

warning: Theorems/Thm_StickyKakeya4_normalized_collision_relation_packet.lean:16:4: try 'simp' instead of 'simpa'

Note: This linter can be disabled with `set_option linter.unnecessarySimpa false`
info: stdout:
FIFO compiler ticket: 01791179171357008049-e8d0e015650e45fd91d39207a8ca971f.request
FIFO compiler acquired UTC: 2026-10-05T05:46:11.357372+00:00

warning: Theorems/Thm_StickyKakeya4_normalized_collision_relation_packet.lean:25:4: try 'simp' instead of 'simpa'

Note: This linter can be disabled with `set_option linter.unnecessarySimpa false`
info: stdout:
FIFO compiler ticket: 01791179171357008049-e8d0e015650e45fd91d39207a8ca971f.request
FIFO compiler acquired UTC: 2026-10-05T05:46:11.357372+00:00


ℹ [8872/8877] Built Theorems.Thm_StickyKakeya4_raw_collision_support (4.7s)
info: stdout:
FIFO compiler ticket: 01791179176098261489-38fd398fb83f4a05b2ada09fa728008f.request
FIFO compiler acquired UTC: 2026-10-05T05:46:16.098667+00:00


ℹ [8873/8880] Built Theorems.Thm_StickyKakeya4_collision_support_cardinality (5.0s)
info: stdout:
FIFO compiler ticket: 01791179180790147005-19f715acf71d4327b2886b54444e2e6b.request
FIFO compiler acquired UTC: 2026-10-05T05:46:20.790639+00:00


⚠ [8874/8880] Built Theorems.Thm_StickyKakeya4_collision_heavy_edge_decomposition (9.3s)
info: stdout:
FIFO compiler ticket: 01791179185819589907-459438c905dc4a669c5043e05541ae04.request
FIFO compiler acquired UTC: 2026-10-05T05:46:25.820022+00:00

warning: Theorems/Thm_StickyKakeya4_collision_heavy_edge_decomposition.lean:561:10: try 'simp' instead of 'simpa'

Note: This linter can be disabled with `set_option linter.unnecessarySimpa false`
info: stdout:
FIFO compiler ticket: 01791179185819589907-459438c905dc4a669c5043e05541ae04.request
FIFO compiler acquired UTC: 2026-10-05T05:46:25.820022+00:00


ℹ [8875/8880] Built Theorems.Thm_StickyKakeya4_fresh_return_tower_extraction (6.3s)
info: stdout:
FIFO compiler ticket: 01791179195094364992-945d4454f2d340dcade92696d099b0c7.request
FIFO compiler acquired UTC: 2026-10-05T05:46:36.801130+00:00


ℹ [8876/8881] Built Theorems.Thm_StickyKakeya4_heavy_collision_marked_four_cycle (5.2s)
info: stdout:
FIFO compiler ticket: 01791179201401781012-f8d7788100374404a780a9171d4e52c0.request
FIFO compiler acquired UTC: 2026-10-05T05:46:41.402162+00:00


ℹ [8877/8883] Built Theorems.Thm_StickyKakeya4_marked_four_cycle_return_tower (4.6s)
info: stdout:
FIFO compiler ticket: 01791179206583984159-404a1449cb104438ba2def5d8579f4ae.request
FIFO compiler acquired UTC: 2026-10-05T05:46:46.584338+00:00


ℹ [8878/8883] Built Theorems.Thm_StickyKakeya4_actual_source_collision_packet (6.4s)
info: stdout:
FIFO compiler ticket: 01791179211200006603-7134e7254a9f406dabcdf2aa2a65080c.request
FIFO compiler acquired UTC: 2026-10-05T05:46:52.906027+00:00


ℹ [8879/8883] Built Theorems.Thm_StickyKakeya4_exact_packing_reference_piece (5.6s)
info: stdout:
FIFO compiler ticket: 01791179217543169530-b900d59d02934be4b66648cd74f1a871.request
FIFO compiler acquired UTC: 2026-10-05T05:46:57.543582+00:00


ℹ [8880/8883] Built Theorems.Thm_StickyKakeya4_subpower_reference_nets (6.1s)
info: stdout:
FIFO compiler ticket: 01791179223197186999-b562e9588f684c2eb3a0babf4aad8152.request
FIFO compiler acquired UTC: 2026-10-05T05:47:03.197591+00:00


ℹ [8881/8885] Built Theorems.Thm_StickyKakeya4_actual_source_collision_tower (4.6s)
info: stdout:
FIFO compiler ticket: 01791179229270596821-87b6dd8eef9148b987053b7f3db01132.request
FIFO compiler acquired UTC: 2026-10-05T05:47:09.270961+00:00


ℹ [8882/8885] Built Theorems.Thm_StickyKakeya4_actual_subpower_reference_source (5.1s)
info: stdout:
FIFO compiler ticket: 01791179233903669507-1d5de86f02024421b8dc382714b36e0a.request
FIFO compiler acquired UTC: 2026-10-05T05:47:13.904029+00:00


ℹ [8883/8885] Built Theorems.Thm_StickyKakeya4_two_walk_box_comparison (7.0s)
info: stdout:
FIFO compiler ticket: 01791179238817251983-2ac709bd0fd440d6a77d877ac90912a1.request
FIFO compiler acquired UTC: 2026-10-05T05:47:18.817735+00:00


ℹ [8884/8889] Built Theorems.Thm_StickyKakeya4_adapted_box_volume (4.6s)
info: stdout:
FIFO compiler ticket: 01791179245837499145-8cf18c99087e48fea784f88031204b5d.request
FIFO compiler acquired UTC: 2026-10-05T05:47:25.837873+00:00


ℹ [8885/8889] Built Theorems.Thm_StickyKakeya4_packet_free_bush_bound (13s)
info: stdout:
FIFO compiler ticket: 01791179250563980118-bf25bc079c4049629dcdcdd0409bc82d.request
FIFO compiler acquired UTC: 2026-10-05T05:47:30.564365+00:00


ℹ [8886/8889] Built Theorems.Thm_StickyKakeya4_line_tube_inverse_potential (70s)
info: stdout:
FIFO compiler ticket: 01791179264328294219-a1073306dcb64a17a59aa2231fb20e3d.request
FIFO compiler acquired UTC: 2026-10-05T05:48:13.423460+00:00


ℹ [8887/8889] Built Theorems.Thm_StickyKakeya4_moving_focus_energy_escape (206s)
info: stdout:
FIFO compiler ticket: 01791179334533068219-4e5660490a9e49f6a4e77ade04b80733.request
FIFO compiler acquired UTC: 2026-10-05T05:50:51.638465+00:00


ℹ [8888/8894] Built Theorems.Thm_StickyKakeya4_affine_focus_energy_escape (186s)
info: stdout:
FIFO compiler ticket: 01791179540770074546-857bf5f7993b41f2aa7f41cff2a3f7d1.request
FIFO compiler acquired UTC: 2026-10-05T05:54:40.439492+00:00


ℹ [8889/8894] Replayed Theorems.Thm_StickyKakeya4_symmetry_set_difference_step
info: stdout:
FIFO compiler ticket: 01791173189971480350-f929886450b44096bc53c18ac1958527.request
FIFO compiler acquired UTC: 2026-10-05T04:06:29.972008+00:00


ℹ [8890/8894] Replayed Theorems.Thm_StickyKakeya4_dyadic_original_fiber_selection
info: stdout:
FIFO compiler ticket: 01791173193643507193-d20924ddf05d4d09b6543c64bfb3c853.request
FIFO compiler acquired UTC: 2026-10-05T04:06:33.643858+00:00


ℹ [8891/8898] Built Theorems.Thm_StickyKakeya4_symmetry_difference_growth_chain (83s)
info: stdout:
FIFO compiler ticket: 01791179727419730154-cbf1229504494e24acc0d4efeabd6d6e.request
FIFO compiler acquired UTC: 2026-10-05T05:56:45.065525+00:00


ℹ [8892/8898] Built Theorems.Thm_StickyKakeya4_symmetry_chain_uniform_density (70s)
info: stdout:
FIFO compiler ticket: 01791179811082819086-17a37884081c44fd8fd13167cf2b0030.request
FIFO compiler acquired UTC: 2026-10-05T05:57:56.819464+00:00


ℹ [8893/8898] Built Theorems.Thm_StickyKakeya4_balanced_bsg_iteration_core (183s)
info: stdout:
FIFO compiler ticket: 01791179881594070059-f859349979e44558acbc0e28a62c477e.request
FIFO compiler acquired UTC: 2026-10-05T05:59:35.737712+00:00


ℹ [8894/8898] Built Theorems.Thm_StickyKakeya4_native_asymmetric_scale_budget (159s)
info: stdout:
FIFO compiler ticket: 01791180064767019282-80ed918189f3431da77410b0cc6f032c.request
FIFO compiler acquired UTC: 2026-10-05T06:03:27.698866+00:00


ℹ [8895/8899] Built Theorems.Thm_StickyKakeya4_balanced_bsg_polynomial_loss (61s)
info: stdout:
FIFO compiler ticket: 01791180224007751647-657cc826ea9b4c4fa56443fcee9d48f4.request
FIFO compiler acquired UTC: 2026-10-05T06:03:44.008511+00:00


ℹ [8896/8899] Built Theorems.Thm_StickyKakeya4_symmetry_slow_factor_budget (66s)
info: stdout:
FIFO compiler ticket: 01791180285780739935-6b2d95266d454cfea3ed423489b8e4c3.request
FIFO compiler acquired UTC: 2026-10-05T06:04:45.781469+00:00


ℹ [8897/8899] Built Theorems.Thm_StickyKakeya4_slow_symmetry_balanced_core (77s)
info: stdout:
FIFO compiler ticket: 01791180351777188062-a14dcb81666a4344862ba4cc283ca4cd.request
FIFO compiler acquired UTC: 2026-10-05T06:05:51.777999+00:00


ℹ [8898/8903] Built Theorems.Thm_StickyKakeya4_native_asymmetric_polynomial_retention (82s)
info: stdout:
FIFO compiler ticket: 01791180429072524903-c15beb3713f442fca292dd9ba7889c11.request
FIFO compiler acquired UTC: 2026-10-05T06:07:09.073245+00:00


ℹ [8899/8904] Built Theorems.Thm_StickyKakeya4_original_difference_translate_pullback (24s)
info: stdout:
FIFO compiler ticket: 01791180511378873441-0ae0de8067ec4d06b8088b8f95b233da.request
FIFO compiler acquired UTC: 2026-10-05T06:08:31.379588+00:00


ℹ [8900/8904] Built Theorems.Thm_StickyKakeya4_difference_core_iterated_cover (55s)
info: stdout:
FIFO compiler ticket: 01791180535551226063-26c2dfaa1d6b4c70b391968d16694c54.request
FIFO compiler acquired UTC: 2026-10-05T06:08:55.551911+00:00


ℹ [8901/8906] Built Theorems.Thm_StickyKakeya4_iterated_difference_translate_pullback (16s)
info: stdout:
FIFO compiler ticket: 01791180590631743365-5f2690168bae4cae9000910795587c15.request
FIFO compiler acquired UTC: 2026-10-05T06:09:50.632457+00:00


ℹ [8902/8906] Built Theorems.Thm_StickyKakeya4_disjoint_rich_translate_cover (7.4s)
info: stdout:
FIFO compiler ticket: 01791180607514165348-6eb20d742ec7483cb02f1316990cb69f.request
FIFO compiler acquired UTC: 2026-10-05T06:10:07.514924+00:00


ℹ [8903/8908] Built Theorems.Thm_StickyKakeya4_chain_original_core_pullback (3.4s)
info: stdout:
FIFO compiler ticket: 01791180614876661922-25acfac019444435b5f6ffc5bb569971.request
FIFO compiler acquired UTC: 2026-10-05T06:10:14.877023+00:00


ℹ [8904/8910] Built Theorems.Thm_StickyKakeya4_rich_symmetry_translate_centers (3.8s)
info: stdout:
FIFO compiler ticket: 01791180618282472414-b4e2a30f9f8a426e82a608d54958d10f.request
FIFO compiler acquired UTC: 2026-10-05T06:10:18.282848+00:00


ℹ [8905/8910] Replayed Theorems.Thm_StickyKakeya4_rounded_iterated_cover_transfer
info: stdout:
FIFO compiler ticket: 01791173341004424745-3cc2a67f9eca40ad9dd4333283c45676.request
FIFO compiler acquired UTC: 2026-10-05T04:09:01.004863+00:00


ℹ [8906/8911] Built Theorems.Thm_StickyKakeya4_asymmetric_original_subset_assembly (31s)
info: stdout:
FIFO compiler ticket: 01791180622274672018-2343ae6d0fd14d74af27dbdfecefd247.request
FIFO compiler acquired UTC: 2026-10-05T06:10:22.275063+00:00


ℹ [8907/8911] Built Theorems.Thm_StickyKakeya4_separated_dyadic_cardinality (4.9s)
info: stdout:
FIFO compiler ticket: 01791180654119455779-a701072275914ab28b444f4fa3856cf7.request
FIFO compiler acquired UTC: 2026-10-05T06:10:54.119828+00:00


ℹ [8908/8911] Built Theorems.Thm_StickyKakeya4_original_real_asymmetric_construction (59s)
info: stdout:
FIFO compiler ticket: 01791180659155968267-c23e0fd9d6c54f34918deb965e29509a.request
FIFO compiler acquired UTC: 2026-10-05T06:10:59.156531+00:00


ℹ [8909/8911] Built Theorems.Thm_StickyKakeya4_backward_fiber_grains (74s)
info: stdout:
FIFO compiler ticket: 01791180718983625442-987d9a9008f743e6a95f8ec2fab103b9.request
FIFO compiler acquired UTC: 2026-10-05T06:11:58.984228+00:00


ℹ [8910/8913] Built Theorems.Thm_StickyKakeya4_asymmetric_dyadic_absorption (86s)
info: stdout:
FIFO compiler ticket: 01791180793886274689-78ac4874407e4ed2be1eba0e54fc06d1.request
FIFO compiler acquired UTC: 2026-10-05T06:13:13.886657+00:00


ℹ [8911/8913] Built Theorems.Thm_StickyKakeya4_packing_dimension_lower_bound (100s)
info: stdout:
FIFO compiler ticket: 01791180879927552748-f553606f968f43cdbb3f85a25430e6e5.request
FIFO compiler acquired UTC: 2026-10-05T06:14:39.928207+00:00


ℹ [8912/8916] Built Theorems.Thm_StickyKakeya4_borel_selector_reduction (98s)
info: stdout:
FIFO compiler ticket: 01791180980580103572-f7dc22269b724afe9c4098f3517714ed.request
FIFO compiler acquired UTC: 2026-10-05T06:16:20.580959+00:00


ℹ [8913/8916] Built Theorems.Thm_StickyKakeya4_planar_strip_intersection (18s)
info: stdout:
FIFO compiler ticket: 01791181079234772223-286a6eaf4aec4cb5aef1fd4ad6dcefdb.request
FIFO compiler acquired UTC: 2026-10-05T06:17:59.235559+00:00


ℹ [8914/8917] Built Theorems.Thm_StickyKakeya4_original_pair_strip_geometry (8.4s)
info: stdout:
FIFO compiler ticket: 01791181097565692911-050627c4ecab4b04acb0db01f54aa71b.request
FIFO compiler acquired UTC: 2026-10-05T06:18:17.566069+00:00


ℹ [8915/8923] Built Theorems.Thm_StickyKakeya4_native_radial_class_pruning (3.5s)
info: stdout:
FIFO compiler ticket: 01791181106021814225-6a7ab20b97de4552bd37a43fa5d112e8.request
FIFO compiler acquired UTC: 2026-10-05T06:18:26.022196+00:00


ℹ [8916/8923] Replayed Theorems.Thm_StickyKakeya4_finite_common_point_tube_representatives
info: stdout:
FIFO compiler ticket: 01791174509342880446-25d95888bd074e3e89ad2cc700131d22.request
FIFO compiler acquired UTC: 2026-10-05T04:28:29.343958+00:00


ℹ [8917/8925] Built Theorems.Thm_StickyKakeya4_rich_family_incidence_bound (4.1s)
info: stdout:
FIFO compiler ticket: 01791181109575034096-644b8d5ddfdc47de847229f32db188d9.request
FIFO compiler acquired UTC: 2026-10-05T06:18:29.575442+00:00


ℹ [8918/8925] Built Theorems.Thm_StickyKakeya4_planar_frostman_ball_conversion (5.5s)
info: stdout:
FIFO compiler ticket: 01791181113599649184-58710c8c66d64acf8a1cc35eb36042a6.request
FIFO compiler acquired UTC: 2026-10-05T06:18:33.600092+00:00


ℹ [8919/8925] Built Theorems.Thm_StickyKakeya4_native_rich_strip_representatives (3.3s)
info: stdout:
FIFO compiler ticket: 01791181119087774268-2e183ed861bb4565b6a1c14a1a9a789b.request
FIFO compiler acquired UTC: 2026-10-05T06:18:39.088191+00:00


ℹ [8920/8927] Built Theorems.Thm_StickyKakeya4_native_rich_pair_tube_family (10s)
info: stdout:
FIFO compiler ticket: 01791181122388323789-0b175cd9ab24470b9830f88ac3603482.request
FIFO compiler acquired UTC: 2026-10-05T06:18:42.388806+00:00


ℹ [8921/8927] Built Theorems.Thm_StickyKakeya4_original_physical_pair_tube (7.4s)
info: stdout:
FIFO compiler ticket: 01791181133190997813-28c8c405a67441779f268c8df4ecb8f1.request
FIFO compiler acquired UTC: 2026-10-05T06:18:53.191372+00:00


ℹ [8922/8927] Built Theorems.Thm_StickyKakeya4_filtration_capacity_budget (6.0s)
info: stdout:
FIFO compiler ticket: 01791181140611723926-c0f84b876076496ea72f0d8dc2cdb7cd.request
FIFO compiler acquired UTC: 2026-10-05T06:19:00.613203+00:00


ℹ [8923/8927] Built Theorems.Thm_StickyKakeya4_original_pair_strip_physical_bridge (5.3s)
info: stdout:
FIFO compiler ticket: 01791181146647040125-2dc6c81441a848188f993bc4bb4118e0.request
FIFO compiler acquired UTC: 2026-10-05T06:19:06.647465+00:00


ℹ [8924/8930] Built Theorems.Thm_StickyKakeya4_original_radial_sine_geometry (2.9s)
info: stdout:
FIFO compiler ticket: 01791181151898466920-30233e9f47e94ce296f9bdefe9bc4f12.request
FIFO compiler acquired UTC: 2026-10-05T06:19:11.898992+00:00


ℹ [8925/8930] Built Theorems.Thm_StickyKakeya4_capacity_envelope_budget (3.2s)
info: stdout:
FIFO compiler ticket: 01791181154808232924-814042f0b05a48e98dde253cbafc4d8f.request
FIFO compiler acquired UTC: 2026-10-05T06:19:14.808788+00:00


ℹ [8926/8931] Built Theorems.Thm_StickyKakeya4_bounded_original_angle_tube_transfer (5.0s)
info: stdout:
FIFO compiler ticket: 01791181158047546161-f76ea2d70d51426a82a4fa9bf6e89d7c.request
FIFO compiler acquired UTC: 2026-10-05T06:19:18.048022+00:00


⚠ [8927/8931] Built Theorems.Thm_StickyKakeya4_wz_common_slab_localization (51s)
info: stdout:
FIFO compiler ticket: 01791181163225510998-b3ede50eba894f768bdf381728061b33.request
FIFO compiler acquired UTC: 2026-10-05T06:19:23.225918+00:00

warning: Theorems/Thm_StickyKakeya4_wz_common_slab_localization.lean:241:27: Used `tac1 <;> tac2` where `(tac1; tac2)` would suffice

Note: This linter can be disabled with `set_option linter.unnecessarySeqFocus false`
info: stdout:
FIFO compiler ticket: 01791181163225510998-b3ede50eba894f768bdf381728061b33.request
FIFO compiler acquired UTC: 2026-10-05T06:19:23.225918+00:00


ℹ [8928/8931] Built Theorems.Thm_StickyKakeya4_collision_routing_failure_counterexamples (80s)
info: stdout:
FIFO compiler ticket: 01791181214399524811-9d545d5b4f974e7898e34066f10456c3.request
FIFO compiler acquired UTC: 2026-10-05T06:20:14.400349+00:00


⚠ [8929/8931] Built Theorems.Thm_StickyKakeya4_packing_selector_to_finite_scale_sources (92s)
info: stdout:
FIFO compiler ticket: 01791181294903638351-0ea78238dd44403fb0ffebb0dfcda940.request
FIFO compiler acquired UTC: 2026-10-05T06:21:34.904406+00:00

warning: Theorems/Thm_StickyKakeya4_packing_selector_to_finite_scale_sources.lean:170:4: Try this: 
  letI̵

The goal is a proposition, so `let` is preferred over `letI`.
The difference between `let` and `letI` is that `letI` inlines the value.
But this is not relevant for proofs because of proof irrelevance.

Note: This linter can be disabled with `set_option linter.style.haveILetI false`
info: stdout:
FIFO compiler ticket: 01791181294903638351-0ea78238dd44403fb0ffebb0dfcda940.request
FIFO compiler acquired UTC: 2026-10-05T06:21:34.904406+00:00

warning: Theorems/Thm_StickyKakeya4_packing_selector_to_finite_scale_sources.lean:337:4: Try this: 
  letI̵

The goal is a proposition, so `let` is preferred over `letI`.
The difference between `let` and `letI` is that `letI` inlines the value.
But this is not relevant for proofs because of proof irrelevance.

Note: This linter can be disabled with `set_option linter.style.haveILetI false`
info: stdout:
FIFO compiler ticket: 01791181294903638351-0ea78238dd44403fb0ffebb0dfcda940.request
FIFO compiler acquired UTC: 2026-10-05T06:21:34.904406+00:00


⚠ [8930/8938] Built Theorems.Thm_StickyKakeya4_coherent_boundary_source_collision (75s)
info: stdout:
FIFO compiler ticket: 01791181386975650230-15029dc75d204993abe8a3388d62b596.request
FIFO compiler acquired UTC: 2026-10-05T06:23:06.976653+00:00

warning: Theorems/Thm_StickyKakeya4_coherent_boundary_source_collision.lean:244:15: Variable name `heta0` is not explicitly referenced.

Hint: The binding can be removed (if unused) or named `_` (if used implicitly). Alternatively, prefix the name with `_` to silence this warning:
  [apply] _heta0

Note: This linter can be disabled with `set_option linter.unusedVariables false`
info: stdout:
FIFO compiler ticket: 01791181386975650230-15029dc75d204993abe8a3388d62b596.request
FIFO compiler acquired UTC: 2026-10-05T06:23:06.976653+00:00

warning: Theorems/Thm_StickyKakeya4_coherent_boundary_source_collision.lean:803:35: Used `tac1 <;> tac2` where `(tac1; tac2)` would suffice

Note: This linter can be disabled with `set_option linter.unnecessarySeqFocus false`
info: stdout:
FIFO compiler ticket: 01791181386975650230-15029dc75d204993abe8a3388d62b596.request
FIFO compiler acquired UTC: 2026-10-05T06:23:06.976653+00:00

warning: Theorems/Thm_StickyKakeya4_coherent_boundary_source_collision.lean:804:35: Used `tac1 <;> tac2` where `(tac1; tac2)` would suffice

Note: This linter can be disabled with `set_option linter.unnecessarySeqFocus false`
info: stdout:
FIFO compiler ticket: 01791181386975650230-15029dc75d204993abe8a3388d62b596.request
FIFO compiler acquired UTC: 2026-10-05T06:23:06.976653+00:00


ℹ [8931/8939] Built Theorems.Thm_StickyKakeya4_finite_four_sample_three_packet (82s)
info: stdout:
FIFO compiler ticket: 01791181462089264187-f27a8bc156c142338aa0fd8f2f22b95c.request
FIFO compiler acquired UTC: 2026-10-05T06:24:22.090083+00:00


ℹ [8932/8940] Built Theorems.Thm_StickyKakeya4_three_packet_return_carleson (85s)
info: stdout:
FIFO compiler ticket: 01791181544139038325-799d826c166a49f4a8570c869a731ff0.request
FIFO compiler acquired UTC: 2026-10-05T06:25:44.139942+00:00


ℹ [8933/8940] Built Theorems.Thm_StickyKakeya4_three_packet_half_mass (88s)
info: stdout:
FIFO compiler ticket: 01791181629864156576-8f8f46a5732f44e3a2b6e4d65068860b.request
FIFO compiler acquired UTC: 2026-10-05T06:27:09.867217+00:00


⚠ [8934/8941] Built Theorems.Thm_StickyKakeya4_common_shading_obstruction (78s)
info: stdout:
FIFO compiler ticket: 01791181718562606842-0f621a21391a47849a1d3a0190b6b37a.request
FIFO compiler acquired UTC: 2026-10-05T06:28:38.563479+00:00

warning: Theorems/Thm_StickyKakeya4_common_shading_obstruction.lean:55:26: `Set.mem_setOf_eq` has been deprecated: Use `Set.mem_ofPred_eq` instead
info: stdout:
FIFO compiler ticket: 01791181718562606842-0f621a21391a47849a1d3a0190b6b37a.request
FIFO compiler acquired UTC: 2026-10-05T06:28:38.563479+00:00


⚠ [8935/8943] Built Theorems.Thm_StickyKakeya4_source_point_three_packet_routing (105s)
info: stdout:
FIFO compiler ticket: 01791181797081577825-df1f2141e0f04fe3a68570e97ae5b73a.request
FIFO compiler acquired UTC: 2026-10-05T06:29:57.082586+00:00

warning: Theorems/Thm_StickyKakeya4_source_point_three_packet_routing.lean:132:2: Try this: 
  letI̵

The goal is a proposition, so `let` is preferred over `letI`.
The difference between `let` and `letI` is that `letI` inlines the value.
But this is not relevant for proofs because of proof irrelevance.

Note: This linter can be disabled with `set_option linter.style.haveILetI false`
info: stdout:
FIFO compiler ticket: 01791181797081577825-df1f2141e0f04fe3a68570e97ae5b73a.request
FIFO compiler acquired UTC: 2026-10-05T06:29:57.082586+00:00


ℹ [8936/8943] Built Theorems.Thm_StickyKakeya4_weighted_growth_star_split (24s)
info: stdout:
FIFO compiler ticket: 01791181902591566026-6d2175cebb0b419f88073b5f76057b28.request
FIFO compiler acquired UTC: 2026-10-05T06:31:42.592300+00:00


ℹ [8937/8943] Built Theorems.Thm_StickyKakeya4_source_point_contact_cycle_routing (77s)
info: stdout:
FIFO compiler ticket: 01791181927478786429-8244801ce5cb4ea9a1086122e141e8f9.request
FIFO compiler acquired UTC: 2026-10-05T06:32:07.479661+00:00


ℹ [8938/8943] Built Theorems.Thm_StickyKakeya4_normalized_target_growth (25s)
info: stdout:
FIFO compiler ticket: 01791182004373889227-fb19e09a8e224541a1b715d971a14a63.request
FIFO compiler acquired UTC: 2026-10-05T06:33:24.374714+00:00


ℹ [8939/8946] Built Theorems.Thm_StickyKakeya4_common_height_collision_time_routing (75s)
info: stdout:
FIFO compiler ticket: 01791182029696562485-801dfce8cae143b6909a6f2a6f34a49c.request
FIFO compiler acquired UTC: 2026-10-05T06:33:49.697447+00:00


ℹ [8940/8946] Built Theorems.Thm_StickyKakeya4_common_target_star_kernel (22s)
info: stdout:
FIFO compiler ticket: 01791182104640926079-e772c476522440029d71df00baacb992.request
FIFO compiler acquired UTC: 2026-10-05T06:35:04.641801+00:00


ℹ [8941/8947] Built Theorems.Thm_StickyKakeya4_collision_time_coherent_motion (48s)
info: stdout:
FIFO compiler ticket: 01791182127398740868-8ea8c2732e57492da5dc250c36ea856c.request
FIFO compiler acquired UTC: 2026-10-05T06:35:27.399823+00:00


⚠ [8942/8947] Built Theorems.Thm_StickyKakeya4_wz_readback_bookkeeping (52s)
info: stdout:
FIFO compiler ticket: 01791182175835113641-ebd09dc3290e4a81aa8861c5940e0655.request
FIFO compiler acquired UTC: 2026-10-05T06:36:15.835641+00:00

warning: Theorems/Thm_StickyKakeya4_wz_readback_bookkeeping.lean:285:2: `push_neg` has been deprecated. Prefer using `push Not` instead.
If you'd rather continue using `push_neg` in your project, you can implement it as follows:
```
open Lean.Parser.Tactic in
macro "push_neg" cfg:optConfig loc:(location)? : tactic =>
  `(tactic| push $cfg:optConfig Not $[$loc]?)
```
info: stdout:
FIFO compiler ticket: 01791182175835113641-ebd09dc3290e4a81aa8861c5940e0655.request
FIFO compiler acquired UTC: 2026-10-05T06:36:15.835641+00:00

info: Theorems/Thm_StickyKakeya4_wz_readback_bookkeeping.lean:380:55: Try this:
  [apply] ring_nf
  
  The `ring` tactic failed to close the goal. Use `ring_nf` to obtain a normal form.
    
  Note that `ring` works primarily in *commutative* rings. If you have a noncommutative ring, abelian group or module, consider using `noncomm_ring`, `abel` or `module` instead.
info: stdout:
FIFO compiler ticket: 01791182175835113641-ebd09dc3290e4a81aa8861c5940e0655.request
FIFO compiler acquired UTC: 2026-10-05T06:36:15.835641+00:00

warning: Theorems/Thm_StickyKakeya4_wz_readback_bookkeeping.lean:625:4: Try `simp at hpositiveNonempty` instead of `simpa using hpositiveNonempty`

Note: This linter can be disabled with `set_option linter.unnecessarySimpa false`
info: stdout:
FIFO compiler ticket: 01791182175835113641-ebd09dc3290e4a81aa8861c5940e0655.request
FIFO compiler acquired UTC: 2026-10-05T06:36:15.835641+00:00

warning: Theorems/Thm_StickyKakeya4_wz_readback_bookkeeping.lean:678:8: Try `simp at hpositiveNonempty` instead of `simpa using hpositiveNonempty`

Note: This linter can be disabled with `set_option linter.unnecessarySimpa false`
info: stdout:
FIFO compiler ticket: 01791182175835113641-ebd09dc3290e4a81aa8861c5940e0655.request
FIFO compiler acquired UTC: 2026-10-05T06:36:15.835641+00:00

warning: Theorems/Thm_StickyKakeya4_wz_readback_bookkeeping.lean:831:2: Try this: 
  letI̵

The goal is a proposition, so `let` is preferred over `letI`.
The difference between `let` and `letI` is that `letI` inlines the value.
But this is not relevant for proofs because of proof irrelevance.

Note: This linter can be disabled with `set_option linter.style.haveILetI false`
info: stdout:
FIFO compiler ticket: 01791182175835113641-ebd09dc3290e4a81aa8861c5940e0655.request
FIFO compiler acquired UTC: 2026-10-05T06:36:15.835641+00:00

warning: Theorems/Thm_StickyKakeya4_wz_readback_bookkeeping.lean:974:4: Try `simp at hnonempty` instead of `simpa using hnonempty`

Note: This linter can be disabled with `set_option linter.unnecessarySimpa false`
info: stdout:
FIFO compiler ticket: 01791182175835113641-ebd09dc3290e4a81aa8861c5940e0655.request
FIFO compiler acquired UTC: 2026-10-05T06:36:15.835641+00:00

warning: Theorems/Thm_StickyKakeya4_wz_readback_bookkeeping.lean:1181:6: Used `tac1 <;> tac2` where `(tac1; tac2)` would suffice

Note: This linter can be disabled with `set_option linter.unnecessarySeqFocus false`
info: stdout:
FIFO compiler ticket: 01791182175835113641-ebd09dc3290e4a81aa8861c5940e0655.request
FIFO compiler acquired UTC: 2026-10-05T06:36:15.835641+00:00

warning: Theorems/Thm_StickyKakeya4_wz_readback_bookkeeping.lean:1182:6: Used `tac1 <;> tac2` where `(tac1; tac2)` would suffice

Note: This linter can be disabled with `set_option linter.unnecessarySeqFocus false`
info: stdout:
FIFO compiler ticket: 01791182175835113641-ebd09dc3290e4a81aa8861c5940e0655.request
FIFO compiler acquired UTC: 2026-10-05T06:36:15.835641+00:00

warning: Theorems/Thm_StickyKakeya4_wz_readback_bookkeeping.lean:1236:4: Unused tactic linter: `change lowerConstant * (ENNReal.ofReal q).rpow theta ≤ mass` does nothing

Note: This linter can be disabled with `set_option linter.unusedTactic false`
info: stdout:
FIFO compiler ticket: 01791182175835113641-ebd09dc3290e4a81aa8861c5940e0655.request
FIFO compiler acquired UTC: 2026-10-05T06:36:15.835641+00:00


ℹ [8943/8947] Built Theorems.Thm_StickyKakeya4_common_height_collision_tower (86s)
info: stdout:
FIFO compiler ticket: 01791182228574077380-616d657bae8545539beb68823e079b9c.request
FIFO compiler acquired UTC: 2026-10-05T06:37:08.574568+00:00


⚠ [8944/8947] Built Theorems.Thm_StickyKakeya4_compact_front_frostman_limit (17s)
info: stdout:
FIFO compiler ticket: 01791182314713940164-f33760d7627040a59ba209c5fc7a019c.request
FIFO compiler acquired UTC: 2026-10-05T06:38:34.714989+00:00

warning: Theorems/Thm_StickyKakeya4_compact_front_frostman_limit.lean:84:0: automatically included section variable(s) unused in theorem `StickyKakeya4.CompactFrontLimit.ball_bound_all_radii`:
  [BorelSpace E]
consider restructuring your `variable` declarations so that the variables are not in scope or explicitly omit them:
  omit [BorelSpace E] in theorem ...

Note: This linter can be disabled with `set_option linter.unusedSectionVars false`
info: stdout:
FIFO compiler ticket: 01791182314713940164-f33760d7627040a59ba209c5fc7a019c.request
FIFO compiler acquired UTC: 2026-10-05T06:38:34.714989+00:00


ℹ [8945/8947] Built Theorems.Thm_StickyKakeya4_finite_hausdorff_ball_cover (80s)
info: stdout:
FIFO compiler ticket: 01791182332012263303-ce405555439743bc99d3f3e43ed2bbfb.request
FIFO compiler acquired UTC: 2026-10-05T06:38:52.012951+00:00


ℹ [8946/8952] Built Theorems.Thm_StickyKakeya4_common_time_slice_cover (89s)
info: stdout:
FIFO compiler ticket: 01791182412521866821-3e29253ee32244f4841743c53917d53e.request
FIFO compiler acquired UTC: 2026-10-05T06:40:12.522753+00:00


ℹ [8947/8952] Built Theorems.Thm_StickyKakeya4_wz_boundary_concentration_packet (67s)
info: stdout:
FIFO compiler ticket: 01791182502380075167-d26027d7acbd42578385d9b718cfb588.request
FIFO compiler acquired UTC: 2026-10-05T06:41:42.380918+00:00


⚠ [8948/8952] Built Theorems.Thm_StickyKakeya4_conditioned_boundary_packet_mass (58s)
info: stdout:
FIFO compiler ticket: 01791182569407485492-a95f6222b99e4ac3a9ef2b2a7aefd1a1.request
FIFO compiler acquired UTC: 2026-10-05T06:42:49.409087+00:00

warning: Theorems/Thm_StickyKakeya4_conditioned_boundary_packet_mass.lean:41:2: Try this: 
  letI̵

The goal is a proposition, so `let` is preferred over `letI`.
The difference between `let` and `letI` is that `letI` inlines the value.
But this is not relevant for proofs because of proof irrelevance.

Note: This linter can be disabled with `set_option linter.style.haveILetI false`
info: stdout:
FIFO compiler ticket: 01791182569407485492-a95f6222b99e4ac3a9ef2b2a7aefd1a1.request
FIFO compiler acquired UTC: 2026-10-05T06:42:49.409087+00:00

warning: Theorems/Thm_StickyKakeya4_conditioned_boundary_packet_mass.lean:44:2: Try this: 
  letI̵

The goal is a proposition, so `let` is preferred over `letI`.
The difference between `let` and `letI` is that `letI` inlines the value.
But this is not relevant for proofs because of proof irrelevance.

Note: This linter can be disabled with `set_option linter.style.haveILetI false`
info: stdout:
FIFO compiler ticket: 01791182569407485492-a95f6222b99e4ac3a9ef2b2a7aefd1a1.request
FIFO compiler acquired UTC: 2026-10-05T06:42:49.409087+00:00

warning: Theorems/Thm_StickyKakeya4_conditioned_boundary_packet_mass.lean:58:2: Try this: 
  letI̵

The goal is a proposition, so `let` is preferred over `letI`.
The difference between `let` and `letI` is that `letI` inlines the value.
But this is not relevant for proofs because of proof irrelevance.

Note: This linter can be disabled with `set_option linter.style.haveILetI false`
info: stdout:
FIFO compiler ticket: 01791182569407485492-a95f6222b99e4ac3a9ef2b2a7aefd1a1.request
FIFO compiler acquired UTC: 2026-10-05T06:42:49.409087+00:00

warning: Theorems/Thm_StickyKakeya4_conditioned_boundary_packet_mass.lean:126:4: try 'simp' instead of 'simpa'

Note: This linter can be disabled with `set_option linter.unnecessarySimpa false`
info: stdout:
FIFO compiler ticket: 01791182569407485492-a95f6222b99e4ac3a9ef2b2a7aefd1a1.request
FIFO compiler acquired UTC: 2026-10-05T06:42:49.409087+00:00

warning: Theorems/Thm_StickyKakeya4_conditioned_boundary_packet_mass.lean:18:19: Variable name `hepsilon` is not explicitly referenced.

Hint: The binding can be removed (if unused) or named `_` (if used implicitly). Alternatively, prefix the name with `_` to silence this warning:
  [apply] _hepsilon

Note: This linter can be disabled with `set_option linter.unusedVariables false`
info: stdout:
FIFO compiler ticket: 01791182569407485492-a95f6222b99e4ac3a9ef2b2a7aefd1a1.request
FIFO compiler acquired UTC: 2026-10-05T06:42:49.409087+00:00

warning: Theorems/Thm_StickyKakeya4_conditioned_boundary_packet_mass.lean:29:5: Variable name `hsourceMeasurable` is not explicitly referenced.

Hint: The binding can be removed (if unused) or named `_` (if used implicitly). Alternatively, prefix the name with `_` to silence this warning:
  [apply] _hsourceMeasurable

Note: This linter can be disabled with `set_option linter.unusedVariables false`
info: stdout:
FIFO compiler ticket: 01791182569407485492-a95f6222b99e4ac3a9ef2b2a7aefd1a1.request
FIFO compiler acquired UTC: 2026-10-05T06:42:49.409087+00:00

warning: Theorems/Thm_StickyKakeya4_conditioned_boundary_packet_mass.lean:31:32: Variable name `hrhoOne` is not explicitly referenced.

Hint: The binding can be removed (if unused) or named `_` (if used implicitly). Alternatively, prefix the name with `_` to silence this warning:
  [apply] _hrhoOne

Note: This linter can be disabled with `set_option linter.unusedVariables false`
info: stdout:
FIFO compiler ticket: 01791182569407485492-a95f6222b99e4ac3a9ef2b2a7aefd1a1.request
FIFO compiler acquired UTC: 2026-10-05T06:42:49.409087+00:00

warning: Theorems/Thm_StickyKakeya4_conditioned_boundary_packet_mass.lean:105:49: This simp argument is unused:
  hsourceMeasurable

Hint: Omit it from the simp argument list.
  [apply] simp [conditionedFinite, FiniteMeasure.mass]

Note: This linter can be disabled with `set_option linter.unusedSimpArgs false`
info: stdout:
FIFO compiler ticket: 01791182569407485492-a95f6222b99e4ac3a9ef2b2a7aefd1a1.request
FIFO compiler acquired UTC: 2026-10-05T06:42:49.409087+00:00


⚠ [8949/8952] Built Theorems.Thm_StickyKakeya4_cover_adapted_wang_zakharov_closure (116s)
info: stdout:
FIFO compiler ticket: 01791182627747937694-692ff08186c3461c97749269a84efb9b.request
FIFO compiler acquired UTC: 2026-10-05T06:43:47.748798+00:00

warning: Theorems/Thm_StickyKakeya4_cover_adapted_wang_zakharov_closure.lean:24:5: Variable name `ambient` is not explicitly referenced.

Hint: The binding can be removed (if unused) or named `_` (if used implicitly). Alternatively, prefix the name with `_` to silence this warning:
  [apply] _ambient

Note: This linter can be disabled with `set_option linter.unusedVariables false`
info: stdout:
FIFO compiler ticket: 01791182627747937694-692ff08186c3461c97749269a84efb9b.request
FIFO compiler acquired UTC: 2026-10-05T06:43:47.748798+00:00

warning: Theorems/Thm_StickyKakeya4_cover_adapted_wang_zakharov_closure.lean:24:13: Variable name `selector` is not explicitly referenced.

Hint: The binding can be removed (if unused) or named `_` (if used implicitly). Alternatively, prefix the name with `_` to silence this warning:
  [apply] _selector

Note: This linter can be disabled with `set_option linter.unusedVariables false`
info: stdout:
FIFO compiler ticket: 01791182627747937694-692ff08186c3461c97749269a84efb9b.request
FIFO compiler acquired UTC: 2026-10-05T06:43:47.748798+00:00

warning: Theorems/Thm_StickyKakeya4_cover_adapted_wang_zakharov_closure.lean:541:37: Variable name `hAZero` is not explicitly referenced.

Hint: The binding can be removed (if unused) or named `_` (if used implicitly). Alternatively, prefix the name with `_` to silence this warning:
  [apply] _hAZero

Note: This linter can be disabled with `set_option linter.unusedVariables false`
info: stdout:
FIFO compiler ticket: 01791182627747937694-692ff08186c3461c97749269a84efb9b.request
FIFO compiler acquired UTC: 2026-10-05T06:43:47.748798+00:00

warning: Theorems/Thm_StickyKakeya4_cover_adapted_wang_zakharov_closure.lean:585:4: Unused tactic linter: `change M * (2 * y).rpow d ≤ twoPower` does nothing

Note: This linter can be disabled with `set_option linter.unusedTactic false`
info: stdout:
FIFO compiler ticket: 01791182627747937694-692ff08186c3461c97749269a84efb9b.request
FIFO compiler acquired UTC: 2026-10-05T06:43:47.748798+00:00

warning: Theorems/Thm_StickyKakeya4_cover_adapted_wang_zakharov_closure.lean:1159:2: Try this: 
  letI̵

The goal is a proposition, so `let` is preferred over `letI`.
The difference between `let` and `letI` is that `letI` inlines the value.
But this is not relevant for proofs because of proof irrelevance.

Note: This linter can be disabled with `set_option linter.style.haveILetI false`
info: stdout:
FIFO compiler ticket: 01791182627747937694-692ff08186c3461c97749269a84efb9b.request
FIFO compiler acquired UTC: 2026-10-05T06:43:47.748798+00:00

warning: Theorems/Thm_StickyKakeya4_cover_adapted_wang_zakharov_closure.lean:1244:4: try 'simp' instead of 'simpa'

Note: This linter can be disabled with `set_option linter.unnecessarySimpa false`
info: stdout:
FIFO compiler ticket: 01791182627747937694-692ff08186c3461c97749269a84efb9b.request
FIFO compiler acquired UTC: 2026-10-05T06:43:47.748798+00:00

warning: Theorems/Thm_StickyKakeya4_cover_adapted_wang_zakharov_closure.lean:1223:49: This simp argument is unused:
  hseedMeasurable

Hint: Omit it from the simp argument list.
  [apply] simp [conditionedFinite, FiniteMeasure.mass]

Note: This linter can be disabled with `set_option linter.unusedSimpArgs false`
info: stdout:
FIFO compiler ticket: 01791182627747937694-692ff08186c3461c97749269a84efb9b.request
FIFO compiler acquired UTC: 2026-10-05T06:43:47.748798+00:00

info: Theorems/Thm_StickyKakeya4_cover_adapted_wang_zakharov_closure.lean:1799:32: Try this:
  [apply] ring_nf
  
  The `ring` tactic failed to close the goal. Use `ring_nf` to obtain a normal form.
    
  Note that `ring` works primarily in *commutative* rings. If you have a noncommutative ring, abelian group or module, consider using `noncomm_ring`, `abel` or `module` instead.
info: stdout:
FIFO compiler ticket: 01791182627747937694-692ff08186c3461c97749269a84efb9b.request
FIFO compiler acquired UTC: 2026-10-05T06:43:47.748798+00:00

info: Theorems/Thm_StickyKakeya4_cover_adapted_wang_zakharov_closure.lean:1809:35: Try this:
  [apply] ring_nf
  
  The `ring` tactic failed to close the goal. Use `ring_nf` to obtain a normal form.
    
  Note that `ring` works primarily in *commutative* rings. If you have a noncommutative ring, abelian group or module, consider using `noncomm_ring`, `abel` or `module` instead.
info: stdout:
FIFO compiler ticket: 01791182627747937694-692ff08186c3461c97749269a84efb9b.request
FIFO compiler acquired UTC: 2026-10-05T06:43:47.748798+00:00

info: Theorems/Thm_StickyKakeya4_cover_adapted_wang_zakharov_closure.lean:1817:34: Try this:
  [apply] ring_nf
  
  The `ring` tactic failed to close the goal. Use `ring_nf` to obtain a normal form.
    
  Note that `ring` works primarily in *commutative* rings. If you have a noncommutative ring, abelian group or module, consider using `noncomm_ring`, `abel` or `module` instead.
info: stdout:
FIFO compiler ticket: 01791182627747937694-692ff08186c3461c97749269a84efb9b.request
FIFO compiler acquired UTC: 2026-10-05T06:43:47.748798+00:00

warning: Theorems/Thm_StickyKakeya4_cover_adapted_wang_zakharov_closure.lean:1799:28: Used `tac1 <;> tac2` where `(tac1; tac2)` would suffice

Note: This linter can be disabled with `set_option linter.unnecessarySeqFocus false`
info: stdout:
FIFO compiler ticket: 01791182627747937694-692ff08186c3461c97749269a84efb9b.request
FIFO compiler acquired UTC: 2026-10-05T06:43:47.748798+00:00

warning: Theorems/Thm_StickyKakeya4_cover_adapted_wang_zakharov_closure.lean:1809:31: Used `tac1 <;> tac2` where `(tac1; tac2)` would suffice

Note: This linter can be disabled with `set_option linter.unnecessarySeqFocus false`
info: stdout:
FIFO compiler ticket: 01791182627747937694-692ff08186c3461c97749269a84efb9b.request
FIFO compiler acquired UTC: 2026-10-05T06:43:47.748798+00:00

warning: Theorems/Thm_StickyKakeya4_cover_adapted_wang_zakharov_closure.lean:1817:30: Used `tac1 <;> tac2` where `(tac1; tac2)` would suffice

Note: This linter can be disabled with `set_option linter.unnecessarySeqFocus false`
info: stdout:
FIFO compiler ticket: 01791182627747937694-692ff08186c3461c97749269a84efb9b.request
FIFO compiler acquired UTC: 2026-10-05T06:43:47.748798+00:00

warning: Theorems/Thm_StickyKakeya4_cover_adapted_wang_zakharov_closure.lean:2579:37: `Set.mem_setOf_eq` has been deprecated: Use `Set.mem_ofPred_eq` instead
info: stdout:
FIFO compiler ticket: 01791182627747937694-692ff08186c3461c97749269a84efb9b.request
FIFO compiler acquired UTC: 2026-10-05T06:43:47.748798+00:00

warning: Theorems/Thm_StickyKakeya4_cover_adapted_wang_zakharov_closure.lean:2580:4: This simp argument is unused:
  Prod.fst

Hint: Omit it from the simp argument list.
  [apply] simp only [differenceIncidenceSet, mem_setOf_eq, mem_preimage, mem_prod, Prod.snd]

Note: This linter can be disabled with `set_option linter.unusedSimpArgs false`
info: stdout:
FIFO compiler ticket: 01791182627747937694-692ff08186c3461c97749269a84efb9b.request
FIFO compiler acquired UTC: 2026-10-05T06:43:47.748798+00:00

warning: Theorems/Thm_StickyKakeya4_cover_adapted_wang_zakharov_closure.lean:2580:14: This simp argument is unused:
  Prod.snd

Hint: Omit it from the simp argument list.
  [apply] simp only [differenceIncidenceSet, mem_setOf_eq, mem_preimage, mem_prod, Prod.fst]

Note: This linter can be disabled with `set_option linter.unusedSimpArgs false`
info: stdout:
FIFO compiler ticket: 01791182627747937694-692ff08186c3461c97749269a84efb9b.request
FIFO compiler acquired UTC: 2026-10-05T06:43:47.748798+00:00

warning: Theorems/Thm_StickyKakeya4_cover_adapted_wang_zakharov_closure.lean:2933:6: try 'simp' instead of 'simpa'

Note: This linter can be disabled with `set_option linter.unnecessarySimpa false`
info: stdout:
FIFO compiler ticket: 01791182627747937694-692ff08186c3461c97749269a84efb9b.request
FIFO compiler acquired UTC: 2026-10-05T06:43:47.748798+00:00

info: Theorems/Thm_StickyKakeya4_cover_adapted_wang_zakharov_closure.lean:3215:24: Try this:
  [apply] ring_nf
  
  The `ring` tactic failed to close the goal. Use `ring_nf` to obtain a normal form.
    
  Note that `ring` works primarily in *commutative* rings. If you have a noncommutative ring, abelian group or module, consider using `noncomm_ring`, `abel` or `module` instead.
info: stdout:
FIFO compiler ticket: 01791182627747937694-692ff08186c3461c97749269a84efb9b.request
FIFO compiler acquired UTC: 2026-10-05T06:43:47.748798+00:00

warning: Theorems/Thm_StickyKakeya4_cover_adapted_wang_zakharov_closure.lean:3215:20: Used `tac1 <;> tac2` where `(tac1; tac2)` would suffice

Note: This linter can be disabled with `set_option linter.unnecessarySeqFocus false`
info: stdout:
FIFO compiler ticket: 01791182627747937694-692ff08186c3461c97749269a84efb9b.request
FIFO compiler acquired UTC: 2026-10-05T06:43:47.748798+00:00

info: Theorems/Thm_StickyKakeya4_cover_adapted_wang_zakharov_closure.lean:3510:60: Try this:
  [apply] ring_nf
  
  The `ring` tactic failed to close the goal. Use `ring_nf` to obtain a normal form.
    
  Note that `ring` works primarily in *commutative* rings. If you have a noncommutative ring, abelian group or module, consider using `noncomm_ring`, `abel` or `module` instead.
info: stdout:
FIFO compiler ticket: 01791182627747937694-692ff08186c3461c97749269a84efb9b.request
FIFO compiler acquired UTC: 2026-10-05T06:43:47.748798+00:00

warning: Theorems/Thm_StickyKakeya4_cover_adapted_wang_zakharov_closure.lean:3510:56: Used `tac1 <;> tac2` where `(tac1; tac2)` would suffice

Note: This linter can be disabled with `set_option linter.unnecessarySeqFocus false`
info: stdout:
FIFO compiler ticket: 01791182627747937694-692ff08186c3461c97749269a84efb9b.request
FIFO compiler acquired UTC: 2026-10-05T06:43:47.748798+00:00


ℹ [8950/8952] Built Theorems.Thm_StickyKakeya4_original_line_cover_packets (69s)
info: stdout:
FIFO compiler ticket: 01791182743800503584-47fdc062165443f6a9b15dd7e59380d1.request
FIFO compiler acquired UTC: 2026-10-05T06:45:43.801258+00:00

info: Theorems/Thm_StickyKakeya4_original_line_cover_packets.lean:319:57: Try this:
  [apply] ring_nf
  
  The `ring` tactic failed to close the goal. Use `ring_nf` to obtain a normal form.
    
  Note that `ring` works primarily in *commutative* rings. If you have a noncommutative ring, abelian group or module, consider using `noncomm_ring`, `abel` or `module` instead.
info: stdout:
FIFO compiler ticket: 01791182743800503584-47fdc062165443f6a9b15dd7e59380d1.request
FIFO compiler acquired UTC: 2026-10-05T06:45:43.801258+00:00


ℹ [8951/8956] Built Theorems.Thm_StickyKakeya4_compact_source_finite_readback (70s)
info: stdout:
FIFO compiler ticket: 01791182813306066834-0accc7dfc65d4cd99092016cf6ae1e96.request
FIFO compiler acquired UTC: 2026-10-05T06:46:53.306724+00:00


ℹ [8952/8958] Built Theorems.Thm_StickyKakeya4_finite_mass_conserving_stopping (94s)
info: stdout:
FIFO compiler ticket: 01791182883676079145-05e3b423022b4bb5bf724e481bf4ad0a.request
FIFO compiler acquired UTC: 2026-10-05T06:48:03.676964+00:00


⚠ [8953/8959] Built Theorems.Thm_StickyKakeya4_countable_mass_stopping_prefix (99s)
info: stdout:
FIFO compiler ticket: 01791182978344927232-05396b22137c4a148c0045934c0b1079.request
FIFO compiler acquired UTC: 2026-10-05T06:49:38.346032+00:00

warning: Theorems/Thm_StickyKakeya4_countable_mass_stopping_prefix.lean:112:10: This simp argument is unused:
  previous

Hint: Omit it from the simp argument list.
  [apply] simp only [countableStoppingRemainder, countableStoppingRemainderSet, current, i, hlarge, if_pos]

Note: This linter can be disabled with `set_option linter.unusedSimpArgs false`
info: stdout:
FIFO compiler ticket: 01791182978344927232-05396b22137c4a148c0045934c0b1079.request
FIFO compiler acquired UTC: 2026-10-05T06:49:38.346032+00:00

warning: Theorems/Thm_StickyKakeya4_countable_mass_stopping_prefix.lean:115:10: This simp argument is unused:
  previous

Hint: Omit it from the simp argument list.
  [apply] simp only [countableStoppingRemainder, countableStoppingRemainderSet, current, i, hlarge, if_neg]

Note: This linter can be disabled with `set_option linter.unusedSimpArgs false`
info: stdout:
FIFO compiler ticket: 01791182978344927232-05396b22137c4a148c0045934c0b1079.request
FIFO compiler acquired UTC: 2026-10-05T06:49:38.346032+00:00

warning: Theorems/Thm_StickyKakeya4_countable_mass_stopping_prefix.lean:115:40: This simp argument is unused:
  if_neg

Hint: Omit it from the simp argument list.
  [apply] simp only [countableStoppingRemainder, countableStoppingRemainderSet, previous, current, i, hlarge]

Note: This linter can be disabled with `set_option linter.unusedSimpArgs false`
info: stdout:
FIFO compiler ticket: 01791182978344927232-05396b22137c4a148c0045934c0b1079.request
FIFO compiler acquired UTC: 2026-10-05T06:49:38.346032+00:00

warning: Theorems/Thm_StickyKakeya4_countable_mass_stopping_prefix.lean:127:4: try 'simp' instead of 'simpa'

Note: This linter can be disabled with `set_option linter.unnecessarySimpa false`
info: stdout:
FIFO compiler ticket: 01791182978344927232-05396b22137c4a148c0045934c0b1079.request
FIFO compiler acquired UTC: 2026-10-05T06:49:38.346032+00:00

warning: Theorems/Thm_StickyKakeya4_countable_mass_stopping_prefix.lean:328:6: try 'simp' instead of 'simpa'

Note: This linter can be disabled with `set_option linter.unnecessarySimpa false`
info: stdout:
FIFO compiler ticket: 01791182978344927232-05396b22137c4a148c0045934c0b1079.request
FIFO compiler acquired UTC: 2026-10-05T06:49:38.346032+00:00


ℹ [8954/8959] Built Theorems.Thm_StickyKakeya4_hausdorff_bush_routing (84s)
info: stdout:
FIFO compiler ticket: 01791183078137455760-c8625c3977fc405a92a8a10bed2afc97.request
FIFO compiler acquired UTC: 2026-10-05T06:51:18.137844+00:00


⚠ [8955/8960] Built Theorems.Thm_StickyKakeya4_countable_ball_stopping (91s)
info: stdout:
FIFO compiler ticket: 01791183162918867941-0ca78991939b42048c7460ddf40bc048.request
FIFO compiler acquired UTC: 2026-10-05T06:52:42.919356+00:00

warning: Theorems/Thm_StickyKakeya4_countable_ball_stopping.lean:42:4: try 'simp' instead of 'simpa'

Note: This linter can be disabled with `set_option linter.unnecessarySimpa false`
info: stdout:
FIFO compiler ticket: 01791183162918867941-0ca78991939b42048c7460ddf40bc048.request
FIFO compiler acquired UTC: 2026-10-05T06:52:42.919356+00:00


ℹ [8956/8960] Built Theorems.Thm_StickyKakeya4_dense_collision_relation_tower (83s)
info: stdout:
FIFO compiler ticket: 01791183254472184783-4366d552987146bc8ada4d5292b676b0.request
FIFO compiler acquired UTC: 2026-10-05T06:54:14.472602+00:00


ℹ [8957/8961] Built Theorems.Thm_StickyKakeya4_cover_routed_residual_bound (75s)
info: stdout:
FIFO compiler ticket: 01791183337942938955-b392abb5b7784e44b724b6a1ef6ec0e9.request
FIFO compiler acquired UTC: 2026-10-05T06:55:37.943861+00:00


⚠ [8958/8961] Built Theorems.Thm_StickyKakeya4_countable_ball_normalized_escape (77s)
info: stdout:
FIFO compiler ticket: 01791183413663025364-cf7121ba4cb64e2eb8a783d39208cd89.request
FIFO compiler acquired UTC: 2026-10-05T06:56:53.663929+00:00

warning: Theorems/Thm_StickyKakeya4_countable_ball_normalized_escape.lean:23:19: Variable name `hCtop` is not explicitly referenced.

Hint: The binding can be removed (if unused) or named `_` (if used implicitly). Alternatively, prefix the name with `_` to silence this warning:
  [apply] _hCtop

Note: This linter can be disabled with `set_option linter.unusedVariables false`
info: stdout:
FIFO compiler ticket: 01791183413663025364-cf7121ba4cb64e2eb8a783d39208cd89.request
FIFO compiler acquired UTC: 2026-10-05T06:56:53.663929+00:00

warning: Theorems/Thm_StickyKakeya4_countable_ball_normalized_escape.lean:26:8: Variable name `limit` is not explicitly referenced.

Hint: The binding can be removed (if unused) or named `_` (if used implicitly). Alternatively, prefix the name with `_` to silence this warning:
  [apply] _limit

Note: This linter can be disabled with `set_option linter.unusedVariables false`
info: stdout:
FIFO compiler ticket: 01791183413663025364-cf7121ba4cb64e2eb8a783d39208cd89.request
FIFO compiler acquired UTC: 2026-10-05T06:56:53.663929+00:00

warning: Theorems/Thm_StickyKakeya4_countable_ball_normalized_escape.lean:89:6: Unused tactic linter: `change (↑m.mass⁻¹ : ENNReal) * (↑m.mass : ENNReal) = 1` does nothing

Note: This linter can be disabled with `set_option linter.unusedTactic false`
info: stdout:
FIFO compiler ticket: 01791183413663025364-cf7121ba4cb64e2eb8a783d39208cd89.request
FIFO compiler acquired UTC: 2026-10-05T06:56:53.663929+00:00


ℹ [8959/8962] Built Theorems.Thm_StickyKakeya4_disjoint_positive_exhaustion (5.2s)
info: stdout:
FIFO compiler ticket: 01791183491360046982-059fb831d1e9444b83a6dc8ee711cd16.request
FIFO compiler acquired UTC: 2026-10-05T06:58:11.360992+00:00


ℹ [8960/8964] Built Theorems.Thm_StickyKakeya4_dyadic_height_boundary_padding (21s)
info: stdout:
FIFO compiler ticket: 01791183496578909002-72f8509ce8af4936923f043d60873f1f.request
FIFO compiler acquired UTC: 2026-10-05T06:58:16.579289+00:00


ℹ [8961/8964] Built Theorems.Thm_StickyKakeya4_dyadic_height_cutoff_selection (9.9s)
info: stdout:
FIFO compiler ticket: 01791183517854632628-db87e8df2da342c9af5d26dcf2b01978.request
FIFO compiler acquired UTC: 2026-10-05T06:58:37.855415+00:00


ℹ [8962/8964] Built Theorems.Thm_StickyKakeya4_edge_flow_certificate_to_uniform_bound (35s)
info: stdout:
FIFO compiler ticket: 01791183527879509694-d698f14062f245ad927da19da95ae6b1.request
FIFO compiler acquired UTC: 2026-10-05T06:58:47.879998+00:00


ℹ [8963/8969] Built Theorems.Thm_StickyKakeya4_edge_marginal_obstruction (2.3s)
info: stdout:
FIFO compiler ticket: 01791183563542191329-1eb0fc6742f8419b8673ee4f5a2033cc.request
FIFO compiler acquired UTC: 2026-10-05T06:59:23.542926+00:00


ℹ [8964/8969] Replayed Theorems.Thm_StickyKakeya4_partitioned_collision_energy
info: stdout:
FIFO compiler ticket: 01791173186400438042-db12ea20d50b42b8aee5002cb8d37a5b.request
FIFO compiler acquired UTC: 2026-10-05T04:06:26.401442+00:00


ℹ [8965/8969] Replayed Theorems.Thm_StickyKakeya4_heavy_energy_bin_selection
info: stdout:
FIFO compiler ticket: 01791173198854530953-464ca811a0e745b88f58ff4710e93a61.request
FIFO compiler acquired UTC: 2026-10-05T04:06:38.854870+00:00


ℹ [8966/8969] Replayed Theorems.Thm_StickyKakeya4_original_fiber_energy_collapse
info: stdout:
FIFO compiler ticket: 01791173196563012066-eecc3c6f42c041a2bd1ef67b4c0cc1a6.request
FIFO compiler acquired UTC: 2026-10-05T04:06:36.563355+00:00


ℹ [8967/8974] Replayed Theorems.Thm_StickyKakeya4_energy_preserving_original_fiber_bin
info: stdout:
FIFO compiler ticket: 01791173201521004842-aa402d2f41de4b3c9a1fc2d9caf2d1c0.request
FIFO compiler acquired UTC: 2026-10-05T04:06:41.521389+00:00


ℹ [8968/8974] Built Theorems.Thm_StickyKakeya4_finite_cyclic_grid_padding (40s)
info: stdout:
FIFO compiler ticket: 01791183566059431904-97037b9cb9374624a147726fed39d5af.request
FIFO compiler acquired UTC: 2026-10-05T06:59:26.059857+00:00


ℹ [8969/8974] Replayed Theorems.Thm_StickyKakeya4_projection_pair_slope_interval
info: stdout:
FIFO compiler ticket: 01791173203929199188-ec637cf6a3a943319c6edd9e86ba55d8.request
FIFO compiler acquired UTC: 2026-10-05T04:06:43.929577+00:00


ℹ [8970/8974] Replayed Theorems.Thm_StickyKakeya4_projection_heavy_cells
info: stdout:
FIFO compiler ticket: 01791173209295928863-1574736f71e94924a168a870f7dff398.request
FIFO compiler acquired UTC: 2026-10-05T04:06:49.296263+00:00


ℹ [8971/8974] Replayed Theorems.Thm_StickyKakeya4_projection_annulus_energy
info: stdout:
FIFO compiler ticket: 01791173294062639850-45f77980680f45de9d5a047b99f2fd41.request
FIFO compiler acquired UTC: 2026-10-05T04:08:14.063052+00:00


ℹ [8972/8996] Replayed Theorems.Thm_StickyKakeya4_finite_kaufman_projection
info: stdout:
FIFO compiler ticket: 01791173496279325681-8b3bcf671ff04b68a01c7bdafa0f6a50.request
FIFO compiler acquired UTC: 2026-10-05T04:11:36.279699+00:00


ℹ [8973/8996] Built Theorems.Thm_StickyKakeya4_finite_phase_field_images (3.9s)
info: stdout:
FIFO compiler ticket: 01791183606296543287-6bd5c1d974fb4b7191299b6438bb28a1.request
FIFO compiler acquired UTC: 2026-10-05T07:00:06.297326+00:00


ℹ [8974/8996] Replayed Theorems.Thm_StickyKakeya4_finite_plane_projection_grid
info: stdout:
FIFO compiler ticket: 01791173275743770063-4d7500fb7d994a18971c8f95db484b37.request
FIFO compiler acquired UTC: 2026-10-05T04:07:55.744115+00:00


ℹ [8975/8996] Replayed Theorems.Thm_StickyKakeya4_finite_plane_projection_triangles
info: stdout:
FIFO compiler ticket: 01791173375756436555-ccb9605c86cd44d5866eedbe2609fae1.request
FIFO compiler acquired UTC: 2026-10-05T04:09:35.756792+00:00


ℹ [8976/8996] Replayed Theorems.Thm_StickyKakeya4_finite_plane_projection_energy
info: stdout:
FIFO compiler ticket: 01791173282563824289-09107dc5dcdb454c9bd6ff3789a3c9a2.request
FIFO compiler acquired UTC: 2026-10-05T04:08:02.564186+00:00


ℹ [8977/8996] Replayed Theorems.Thm_StickyKakeya4_finite_plane_projection_selection
info: stdout:
FIFO compiler ticket: 01791173288710113593-fd725d15183d40fe9749ba21a91b5813.request
FIFO compiler acquired UTC: 2026-10-05T04:08:08.710532+00:00


ℹ [8978/8996] Replayed Theorems.Thm_StickyKakeya4_finite_plane_projection_joint
info: stdout:
FIFO compiler ticket: 01791173381629957603-0969e583fd49429196ef23ed3d4bce68.request
FIFO compiler acquired UTC: 2026-10-05T04:09:41.630341+00:00


ℹ [8979/8996] Replayed Theorems.Thm_StickyKakeya4_finite_plane_projection_line_tubes
info: stdout:
FIFO compiler ticket: 01791173385238373021-93bd44ea79c04e88a0ca53aa901cbca1.request
FIFO compiler acquired UTC: 2026-10-05T04:09:45.238770+00:00


ℹ [8980/8996] Replayed Theorems.Thm_StickyKakeya4_finite_plane_projection_original_b
info: stdout:
FIFO compiler ticket: 01791173388453160883-0bca286bb2ee4910bff5ef9dcc590f8e.request
FIFO compiler acquired UTC: 2026-10-05T04:09:48.453532+00:00


ℹ [8981/8996] Replayed Theorems.Thm_StickyKakeya4_finite_plane_projection_representatives
info: stdout:
FIFO compiler ticket: 01791173395115672438-02fd29b38a7948d084fb794aa30302ec.request
FIFO compiler acquired UTC: 2026-10-05T04:09:55.116024+00:00


ℹ [8982/8997] Replayed Theorems.Thm_StickyKakeya4_finite_plane_projection_frostman
info: stdout:
FIFO compiler ticket: 01791173402851544668-59b4c42cab5d46d48c9cdccab314b136.request
FIFO compiler acquired UTC: 2026-10-05T04:10:02.851897+00:00


ℹ [8983/8997] Built Theorems.Thm_StickyKakeya4_finite_plane_projection_original_graph (3.4s)
info: stdout:
FIFO compiler ticket: 01791183610205308636-a831546207eb4beb9d363ef34dd3ff39.request
FIFO compiler acquired UTC: 2026-10-05T07:00:10.205835+00:00


ℹ [8984/8998] Replayed Theorems.Thm_StickyKakeya4_finite_plane_projection_frostman_geometry
info: stdout:
FIFO compiler ticket: 01791173411699374844-046940d807324f9b917494db8ac008a6.request
FIFO compiler acquired UTC: 2026-10-05T04:10:11.699885+00:00


ℹ [8985/8998] Built Theorems.Thm_StickyKakeya4_finite_plane_projection_perturbation (2.5s)
info: stdout:
FIFO compiler ticket: 01791183613618585021-77eb57d8becf47beb99eb9e393f5695e.request
FIFO compiler acquired UTC: 2026-10-05T07:00:13.618958+00:00


ℹ [8986/9000] Built Theorems.Thm_StickyKakeya4_two_step_menu_paths (2.6s)
info: stdout:
FIFO compiler ticket: 01791183616179550924-f55dac74a9464aceb78e8a7c732497cc.request
FIFO compiler acquired UTC: 2026-10-05T07:00:16.179972+00:00


ℹ [8987/9001] Replayed Theorems.Thm_StickyKakeya4_finite_plane_projection_allscale
info: stdout:
FIFO compiler ticket: 01791173417020439342-d83b22b28df5438587595a652fea9075.request
FIFO compiler acquired UTC: 2026-10-05T04:10:17.020786+00:00


ℹ [8988/9001] Built Theorems.Thm_StickyKakeya4_two_dimensional_transverse_escape (3.1s)
info: stdout:
FIFO compiler ticket: 01791183618738178169-3c2b6e7ef20f49b982c3e9341b81e556.request
FIFO compiler acquired UTC: 2026-10-05T07:00:18.738572+00:00


ℹ [8989/9001] Built Theorems.Thm_StickyKakeya4_two_dimensional_time_fibers (7.6s)
info: stdout:
FIFO compiler ticket: 01791183621868906418-a3d293131a3642489e70e82fc5319557.request
FIFO compiler acquired UTC: 2026-10-05T07:00:21.869286+00:00


ℹ [8990/9001] Built Theorems.Thm_StickyKakeya4_fixed_angle_terminal_vanishing (2.0s)
info: stdout:
FIFO compiler ticket: 01791183629412783853-be0276004da24f4dad58e18152a5d17b.request
FIFO compiler acquired UTC: 2026-10-05T07:00:29.413200+00:00


ℹ [8991/9004] Built Theorems.Thm_StickyKakeya4_finite_plane_projection_native_geometry (2.9s)
info: stdout:
FIFO compiler ticket: 01791183631479025555-94902eb5cdae4423bf78f0d5e2dbb5f9.request
FIFO compiler acquired UTC: 2026-10-05T07:00:31.479513+00:00


ℹ [8992/9004] Built Theorems.Thm_StickyKakeya4_finite_transverse_menu_growth (10s)
info: stdout:
FIFO compiler ticket: 01791183634348202638-a321947ac6b04464b4204c3bfb35cf39.request
FIFO compiler acquired UTC: 2026-10-05T07:00:34.348630+00:00


ℹ [8993/9005] Built Theorems.Thm_StickyKakeya4_finite_plane_projection_separated (3.2s)
info: stdout:
FIFO compiler ticket: 01791183644641998441-6e212ad8d711465683026340b29bf333.request
FIFO compiler acquired UTC: 2026-10-05T07:00:44.642415+00:00


ℹ [8994/9005] Built Theorems.Thm_StickyKakeya4_rooted_heavy_limsup (37s)
info: stdout:
FIFO compiler ticket: 01791183647990739123-c5d4fc91d72c4f67839239b04f39907f.request
FIFO compiler acquired UTC: 2026-10-05T07:00:47.991124+00:00


ℹ [8995/9006] Built Theorems.Thm_StickyKakeya4_finite_plane_projection_graph_core (8.9s)
info: stdout:
FIFO compiler ticket: 01791183684848520299-69864579974a4490b2d760273954c035.request
FIFO compiler acquired UTC: 2026-10-05T07:01:24.848910+00:00


ℹ [8996/9006] Built Theorems.Thm_StickyKakeya4_finite_plane_projection_final (8.9s)
info: stdout:
FIFO compiler ticket: 01791183693763028810-86c7fbed5ddd46898f084e9119e68f7d.request
FIFO compiler acquired UTC: 2026-10-05T07:01:33.763534+00:00


ℹ [8997/9007] Built Theorems.Thm_StickyKakeya4_four_unit_tube_band_cover (11s)
info: stdout:
FIFO compiler ticket: 01791183702653824661-e2de1d7092764ea5bc923838d64b6f20.request
FIFO compiler acquired UTC: 2026-10-05T07:01:42.654753+00:00


ℹ [8998/9007] Built Theorems.Thm_StickyKakeya4_whole_parent_heavy_bush (43s)
info: stdout:
FIFO compiler ticket: 01791183714508817888-76f324f73821432081e940c6854512ec.request
FIFO compiler acquired UTC: 2026-10-05T07:01:54.509365+00:00


ℹ [8999/9007] Built Theorems.Thm_StickyKakeya4_finite_plane_projection_graph_lift (5.0s)
info: stdout:
FIFO compiler ticket: 01791183757493614929-0581629455e441888e9f1763fe485d6f.request
FIFO compiler acquired UTC: 2026-10-05T07:02:37.494090+00:00


ℹ [9000/9007] Built Theorems.Thm_StickyKakeya4_finite_plane_projection_graph_selection (7.7s)
info: stdout:
FIFO compiler ticket: 01791183762528453844-2cebedd492ba4fa899038f1b72a2e877.request
FIFO compiler acquired UTC: 2026-10-05T07:02:42.528910+00:00


ℹ [9001/9007] Built Theorems.Thm_StickyKakeya4_finite_plane_projection_graph_density (14s)
info: stdout:
FIFO compiler ticket: 01791183770255865340-b776d0af54e24299830f6acbe2459594.request
FIFO compiler acquired UTC: 2026-10-05T07:02:50.256346+00:00


⚠ [9002/9007] Built Theorems.Thm_StickyKakeya4_front_countable_stopping_dichotomy (58s)
info: stdout:
FIFO compiler ticket: 01791183784769518358-d6de8b55e5cc44509a43e9156b2a8249.request
FIFO compiler acquired UTC: 2026-10-05T07:03:04.770353+00:00

warning: Theorems/Thm_StickyKakeya4_front_countable_stopping_dichotomy.lean:60:2: Try this: 
  letI̵

The goal is a proposition, so `let` is preferred over `letI`.
The difference between `let` and `letI` is that `letI` inlines the value.
But this is not relevant for proofs because of proof irrelevance.

Note: This linter can be disabled with `set_option linter.style.haveILetI false`
info: stdout:
FIFO compiler ticket: 01791183784769518358-d6de8b55e5cc44509a43e9156b2a8249.request
FIFO compiler acquired UTC: 2026-10-05T07:03:04.770353+00:00

warning: Theorems/Thm_StickyKakeya4_front_countable_stopping_dichotomy.lean:63:2: Try this: 
  letI̵

The goal is a proposition, so `let` is preferred over `letI`.
The difference between `let` and `letI` is that `letI` inlines the value.
But this is not relevant for proofs because of proof irrelevance.

Note: This linter can be disabled with `set_option linter.style.haveILetI false`
info: stdout:
FIFO compiler ticket: 01791183784769518358-d6de8b55e5cc44509a43e9156b2a8249.request
FIFO compiler acquired UTC: 2026-10-05T07:03:04.770353+00:00


ℹ [9003/9007] Built Theorems.Thm_StickyKakeya4_finite_plane_projection_graph_geometry (11s)
info: stdout:
FIFO compiler ticket: 01791183842774581421-c9720358500c4a4baafb4f38c85e6edc.request
FIFO compiler acquired UTC: 2026-10-05T07:04:02.775056+00:00


ℹ [9004/9007] Built Theorems.Thm_StickyKakeya4_front_direction_fibre_ball_firewall (48s)
info: stdout:
FIFO compiler ticket: 01791183854739424785-ee5d6c14006f45c6aa80eac083b370f8.request
FIFO compiler acquired UTC: 2026-10-05T07:04:14.739802+00:00


ℹ [9005/9009] Built Theorems.Thm_StickyKakeya4_fixed_time_heavy_families (38s)
info: stdout:
FIFO compiler ticket: 01791183903211153377-4e11157d03764958aba32908ad4fb2ed.request
FIFO compiler acquired UTC: 2026-10-05T07:05:03.211539+00:00


ℹ [9006/9010] Built Theorems.Thm_StickyKakeya4_finite_plane_projection_graph_final (5.6s)
info: stdout:
FIFO compiler ticket: 01791183941898735519-4d63e9b54eee4bc79bec12a1ef107be8.request
FIFO compiler acquired UTC: 2026-10-05T07:05:41.899104+00:00


ℹ [9007/9011] Built Theorems.Thm_StickyKakeya4_native_ambient_ad_geometry (61s)
info: stdout:
FIFO compiler ticket: 01791183947701915960-58a90bc26e8e40719c083d75f39d3f30.request
FIFO compiler acquired UTC: 2026-10-05T07:05:47.702270+00:00


ℹ [9008/9011] Built Theorems.Thm_StickyKakeya4_full_normalized_scalar_ad (69s)
info: stdout:
FIFO compiler ticket: 01791184009186941625-e97c8196a1794764bb7b97901bad31e7.request
FIFO compiler acquired UTC: 2026-10-05T07:06:49.187486+00:00


ℹ [9009/9011] Built Theorems.Thm_StickyKakeya4_full_normalized_ambient_ad (66s)
info: stdout:
FIFO compiler ticket: 01791184078482425213-722924329dd04f79afee2f680b4cf74a.request
FIFO compiler acquired UTC: 2026-10-05T07:07:58.483163+00:00


ℹ [9010/9020] Built Theorems.Thm_StickyKakeya4_gkz_balanced_dyadic_scale (3.8s)
info: stdout:
FIFO compiler ticket: 01791184145313369336-3eea154ba04248af84dc9521efc264d6.request
FIFO compiler acquired UTC: 2026-10-05T07:09:05.314156+00:00


ℹ [9011/9020] Replayed Theorems.Thm_StickyKakeya4_gkz_original_ratio_gap
info: stdout:
FIFO compiler ticket: 01791173218292296249-aef04336b2714ac1865de2018e535cb3.request
FIFO compiler acquired UTC: 2026-10-05T04:06:58.292741+00:00


ℹ [9012/9020] Replayed Theorems.Thm_StickyKakeya4_gkz_grid_code_perturbation
info: stdout:
FIFO compiler ticket: 01791173244847548393-7150f3d5387947d88a5bda28c6b25076.request
FIFO compiler acquired UTC: 2026-10-05T04:07:24.847889+00:00


ℹ [9013/9020] Replayed Theorems.Thm_StickyKakeya4_original_common_scalar_fibers
info: stdout:
FIFO compiler ticket: 01791173324270021040-b7f8adb47d604cf19353433442b9a2dc.request
FIFO compiler acquired UTC: 2026-10-05T04:08:44.270481+00:00


ℹ [9014/9020] Replayed Theorems.Thm_StickyKakeya4_gkz_original_product_overlap
info: stdout:
FIFO compiler ticket: 01791173327306641355-295b40ca2ff44f8cb962d12da99608e4.request
FIFO compiler acquired UTC: 2026-10-05T04:08:47.306988+00:00


ℹ [9015/9020] Replayed Theorems.Thm_StickyKakeya4_gkz_dilate_rounded_sums
info: stdout:
FIFO compiler ticket: 01791173329953195904-ef78ccd094f84dbe95d2ef7f764c5182.request
FIFO compiler acquired UTC: 2026-10-05T04:08:49.953586+00:00


ℹ [9016/9020] Replayed Theorems.Thm_StickyKakeya4_gkz_finite_anchored_plunnecke
info: stdout:
FIFO compiler ticket: 01791173335337565818-d00e15aa68b64c96991f5b99d58ded6c.request
FIFO compiler acquired UTC: 2026-10-05T04:08:55.338049+00:00


ℹ [9017/9020] Replayed Theorems.Thm_StickyKakeya4_original_separated_packing
info: stdout:
FIFO compiler ticket: 01791173165938710944-af1d70f79b4943c3be2083a19b9461c3.request
FIFO compiler acquired UTC: 2026-10-05T04:06:05.939140+00:00


ℹ [9018/9020] Built Theorems.Thm_StickyKakeya4_gkz_finite_halving_net (3.2s)
info: stdout:
FIFO compiler ticket: 01791184149098282423-e8c5858ce4f143a1b9efd3323f74c1a4.request
FIFO compiler acquired UTC: 2026-10-05T07:09:09.098708+00:00


ℹ [9019/9028] Built Theorems.Thm_StickyKakeya4_gkz_finite_gap_dichotomy (3.0s)
info: stdout:
FIFO compiler ticket: 01791184152256113664-5cb6bd3c281a4920b486a8b4e1026eb3.request
FIFO compiler acquired UTC: 2026-10-05T07:09:12.256534+00:00


ℹ [9020/9028] Replayed Theorems.Thm_StickyKakeya4_gkz_original_gap_energy
info: stdout:
FIFO compiler ticket: 01791173220452246989-c7b2c21940e946769cf23e333295d101.request
FIFO compiler acquired UTC: 2026-10-05T04:07:00.452748+00:00


ℹ [9021/9028] Built Theorems.Thm_StickyKakeya4_gkz_original_gap_gain (3.1s)
info: stdout:
FIFO compiler ticket: 01791184155270878386-4c6490e5dda9496f954ab5a53084b8df.request
FIFO compiler acquired UTC: 2026-10-05T07:09:15.271269+00:00


ℹ [9022/9029] Built Theorems.Thm_StickyKakeya4_gkz_original_gap_population_gain (2.4s)
info: stdout:
FIFO compiler ticket: 01791184158373964372-7ada5c5c44d643189db6443f2d4e2a37.request
FIFO compiler acquired UTC: 2026-10-05T07:09:18.374317+00:00


ℹ [9023/9031] Built Theorems.Thm_StickyKakeya4_gkz_original_ratio_dichotomy (3.3s)
info: stdout:
FIFO compiler ticket: 01791184160771715378-5f2bfac6a9904d9cabb220a0480a6271.request
FIFO compiler acquired UTC: 2026-10-05T07:09:20.772081+00:00


ℹ [9024/9032] Built Theorems.Thm_StickyKakeya4_gkz_original_bounded_gap_coefficients (3.7s)
info: stdout:
FIFO compiler ticket: 01791184164090922804-a6cb9c967b704e4aaf460972272e9b44.request
FIFO compiler acquired UTC: 2026-10-05T07:09:24.091544+00:00


ℹ [9025/9033] Built Theorems.Thm_StickyKakeya4_gkz_original_dense_ratio_selection (2.9s)
info: stdout:
FIFO compiler ticket: 01791184167787927336-fa183df2d8ee4a3b8c585f8193125218.request
FIFO compiler acquired UTC: 2026-10-05T07:09:27.788320+00:00


ℹ [9026/9033] Built Theorems.Thm_StickyKakeya4_gkz_original_large_denominator_energy (2.5s)
info: stdout:
FIFO compiler ticket: 01791184170649689346-798b433178b348498af4d4ba35b56f66.request
FIFO compiler acquired UTC: 2026-10-05T07:09:30.650053+00:00


ℹ [9027/9033] Built Theorems.Thm_StickyKakeya4_gkz_original_short_denominator_energy (2.0s)
info: stdout:
FIFO compiler ticket: 01791184173128821825-ef5ba1f31def40b28736004bc54aabe3.request
FIFO compiler acquired UTC: 2026-10-05T07:09:33.129173+00:00


ℹ [9028/9033] Built Theorems.Thm_StickyKakeya4_gkz_original_anchor_cover (2.8s)
info: stdout:
FIFO compiler ticket: 01791184176092210608-d9c582f535434b268bc7b82f3fc1bcd6.request
FIFO compiler acquired UTC: 2026-10-05T07:09:36.092588+00:00


ℹ [9029/9033] Built Theorems.Thm_StickyKakeya4_gkz_original_dense_energy (2.8s)
info: stdout:
FIFO compiler ticket: 01791184178925343696-5726647f3e7b42f5aef255ddb24bb276.request
FIFO compiler acquired UTC: 2026-10-05T07:09:38.925765+00:00


ℹ [9030/9034] Built Theorems.Thm_StickyKakeya4_gkz_original_anchor_profile (3.2s)
info: stdout:
FIFO compiler ticket: 01791184181739604197-add321ce802d4073aa9c5716151771a3.request
FIFO compiler acquired UTC: 2026-10-05T07:09:41.739985+00:00


ℹ [9031/9037] Built Theorems.Thm_StickyKakeya4_gkz_original_dense_gain (3.0s)
info: stdout:
FIFO compiler ticket: 01791184184942195244-e99e93ce27ef47e7acfba8a9a2a0c8ed.request
FIFO compiler acquired UTC: 2026-10-05T07:09:44.942570+00:00


ℹ [9032/9037] Built Theorems.Thm_StickyKakeya4_gkz_original_mixed_dilate_bounds (3.2s)
info: stdout:
FIFO compiler ticket: 01791184187946323672-dc5bc56ba8f34cb9b4fb3c1973450aa0.request
FIFO compiler acquired UTC: 2026-10-05T07:09:47.946702+00:00


ℹ [9033/9039] Built Theorems.Thm_StickyKakeya4_gkz_original_linear_expansion (3.3s)
info: stdout:
FIFO compiler ticket: 01791184191120553896-f4d99cbb72604402a3897691eefe97bb.request
FIFO compiler acquired UTC: 2026-10-05T07:09:51.120917+00:00


ℹ [9034/9039] Replayed Theorems.Thm_StickyKakeya4_gkz_real_dilation_union
info: stdout:
FIFO compiler ticket: 01791173349516704524-dc98dce711dc4bf18a4e98d7d75b6be7.request
FIFO compiler acquired UTC: 2026-10-05T04:09:09.517084+00:00


ℹ [9035/9040] Built Theorems.Thm_StickyKakeya4_gkz_original_nine_sum_cover (22s)
info: stdout:
FIFO compiler ticket: 01791184194454083897-6a00ed072e5e4debb3257dc7f9c70709.request
FIFO compiler acquired UTC: 2026-10-05T07:09:54.454479+00:00


ℹ [9036/9041] Built Theorems.Thm_StickyKakeya4_gkz_original_linear_upper (6.0s)
info: stdout:
FIFO compiler ticket: 01791184217327362630-3f62d7beeb7546a4923fa1f13d7d1712.request
FIFO compiler acquired UTC: 2026-10-05T07:10:17.328520+00:00


ℹ [9037/9042] Built Theorems.Thm_StickyKakeya4_gkz_original_sum_product_comparison (5.1s)
info: stdout:
FIFO compiler ticket: 01791184223332031206-8e082ac86e844df5ad63d569161e2b79.request
FIFO compiler acquired UTC: 2026-10-05T07:10:23.332416+00:00


ℹ [9038/9042] Built Theorems.Thm_StickyKakeya4_grain_jump_additive_relation (7.4s)
info: stdout:
FIFO compiler ticket: 01791184228452959013-6aa008b8a154402cb5a5052b33eaf032.request
FIFO compiler acquired UTC: 2026-10-05T07:10:28.453306+00:00


ℹ [9039/9043] Built Theorems.Thm_StickyKakeya4_gkz_original_positive_power (16s)
info: stdout:
FIFO compiler ticket: 01791184235898065719-dc0b6cfc88df48019ceb9adc8614eec5.request
FIFO compiler acquired UTC: 2026-10-05T07:10:35.899020+00:00


ℹ [9040/9043] Built Theorems.Thm_StickyKakeya4_grain_jump_arm_count (10s)
info: stdout:
FIFO compiler ticket: 01791184252335803876-546b5d77f00d4a74a5f743d0bc61736c.request
FIFO compiler acquired UTC: 2026-10-05T07:10:52.336753+00:00


ℹ [9041/9044] Built Theorems.Thm_StickyKakeya4_gkz_uniform_growth_parameters (4.8s)
info: stdout:
FIFO compiler ticket: 01791184262815221370-c5d872c6b44a4ad2b0d1fa6a327b560c.request
FIFO compiler acquired UTC: 2026-10-05T07:11:02.815617+00:00


ℹ [9042/9045] Built Theorems.Thm_StickyKakeya4_graph_weighted_original_fiber_bin (5.2s)
info: stdout:
FIFO compiler ticket: 01791184267577706657-66e01f32118e4e9593142e42e4678350.request
FIFO compiler acquired UTC: 2026-10-05T07:11:07.578078+00:00


ℹ [9043/9046] Built Theorems.Thm_StickyKakeya4_grid_padding_translation (62s)
info: stdout:
FIFO compiler ticket: 01791184273051305697-03227378b28f49b6807df609f99f1b0e.request
FIFO compiler acquired UTC: 2026-10-05T07:11:13.051810+00:00


ℹ [9044/9047] Built Theorems.Thm_StickyKakeya4_grid_rich_neighbor_quotient (6.0s)
info: stdout:
FIFO compiler ticket: 01791184335111354759-eb8d03622b634400ad55618e6a4acc41.request
FIFO compiler acquired UTC: 2026-10-05T07:12:15.111731+00:00


ℹ [9045/9048] Built Theorems.Thm_StickyKakeya4_hairbrush_compact_decay (21s)
info: stdout:
FIFO compiler ticket: 01791184342248736545-52cc783019794d1ba35dfe8acfeffc93.request
FIFO compiler acquired UTC: 2026-10-05T07:12:22.249110+00:00


⚠ [9046/9049] Built Theorems.Thm_StickyKakeya4_hereditary_finite_scale_to_frostman (25s)
info: stdout:
FIFO compiler ticket: 01791184363832110014-dbfbb8d85ddb42eb9ca1a5ceb2db6528.request
FIFO compiler acquired UTC: 2026-10-05T07:12:43.832915+00:00

warning: Theorems/Thm_StickyKakeya4_hereditary_finite_scale_to_frostman.lean:10:5: Variable name `hmeasurable` is not explicitly referenced.

Hint: The binding can be removed (if unused) or named `_` (if used implicitly). Alternatively, prefix the name with `_` to silence this warning:
  [apply] _hmeasurable

Note: This linter can be disabled with `set_option linter.unusedVariables false`
info: stdout:
FIFO compiler ticket: 01791184363832110014-dbfbb8d85ddb42eb9ca1a5ceb2db6528.request
FIFO compiler acquired UTC: 2026-10-05T07:12:43.832915+00:00

warning: Theorems/Thm_StickyKakeya4_hereditary_finite_scale_to_frostman.lean:11:5: Variable name `hvalid` is not explicitly referenced.

Hint: The binding can be removed (if unused) or named `_` (if used implicitly). Alternatively, prefix the name with `_` to silence this warning:
  [apply] _hvalid

Note: This linter can be disabled with `set_option linter.unusedVariables false`
info: stdout:
FIFO compiler ticket: 01791184363832110014-dbfbb8d85ddb42eb9ca1a5ceb2db6528.request
FIFO compiler acquired UTC: 2026-10-05T07:12:43.832915+00:00

warning: Theorems/Thm_StickyKakeya4_hereditary_finite_scale_to_frostman.lean:12:5: Variable name `hselector` is not explicitly referenced.

Hint: The binding can be removed (if unused) or named `_` (if used implicitly). Alternatively, prefix the name with `_` to silence this warning:
  [apply] _hselector

Note: This linter can be disabled with `set_option linter.unusedVariables false`
info: stdout:
FIFO compiler ticket: 01791184363832110014-dbfbb8d85ddb42eb9ca1a5ceb2db6528.request
FIFO compiler acquired UTC: 2026-10-05T07:12:43.832915+00:00

warning: Theorems/Thm_StickyKakeya4_hereditary_finite_scale_to_frostman.lean:13:5: Variable name `hpacking` is not explicitly referenced.

Hint: The binding can be removed (if unused) or named `_` (if used implicitly). Alternatively, prefix the name with `_` to silence this warning:
  [apply] _hpacking

Note: This linter can be disabled with `set_option linter.unusedVariables false`
info: stdout:
FIFO compiler ticket: 01791184363832110014-dbfbb8d85ddb42eb9ca1a5ceb2db6528.request
FIFO compiler acquired UTC: 2026-10-05T07:12:43.832915+00:00


ℹ [9047/9049] Replayed Theorems.Thm_StickyKakeya4_incidence_bin_transfer
info: stdout:
FIFO compiler ticket: 01791174210270857707-0666509bc0f14164abda04fb9107bbd0.request
FIFO compiler acquired UTC: 2026-10-05T04:23:30.271928+00:00


ℹ [9048/9051] Built Theorems.Thm_StickyKakeya4_injective_slice_quantization (2.6s)
info: stdout:
FIFO compiler ticket: 01791184388817410863-65fd41a3db8543ae95a3fdc0967aa264.request
FIFO compiler acquired UTC: 2026-10-05T07:13:08.818168+00:00


ℹ [9049/9051] Replayed Theorems.Thm_StickyKakeya4_labelled_real_energy_bin
info: stdout:
FIFO compiler ticket: 01791173206747009480-969660f8e025408189e3d531f7a620dc.request
FIFO compiler acquired UTC: 2026-10-05T04:06:46.747373+00:00


ℹ [9050/9054] Replayed Theorems.Thm_StickyKakeya4_integer_bin_real_near_energy
info: stdout:
FIFO compiler ticket: 01791173213156610437-fd4c0941a998466ab5ac9919ee615483.request
FIFO compiler acquired UTC: 2026-10-05T04:06:53.156979+00:00


ℹ [9051/9054] Built Theorems.Thm_StickyKakeya4_triangular_potential_escape (43s)
info: stdout:
FIFO compiler ticket: 01791184391606652704-7e953ec769ce4ac5900a603cb6864a06.request
FIFO compiler acquired UTC: 2026-10-05T07:13:11.607039+00:00


ℹ [9052/9054] Built Theorems.Thm_StickyKakeya4_labelled_backward_fiber_grains (35s)
info: stdout:
FIFO compiler ticket: 01791184434660946322-fd12ecc48fea4aacad5c2adb8b8fe248.request
FIFO compiler acquired UTC: 2026-10-05T07:13:54.661871+00:00


ℹ [9053/9056] Built Theorems.Thm_StickyKakeya4_invertible_front_frostman_transport (52s)
info: stdout:
FIFO compiler ticket: 01791184470242359578-8b0c27a210994096b6e3573d0697dd71.request
FIFO compiler acquired UTC: 2026-10-05T07:14:30.243157+00:00


⚠ [9054/9056] Built Theorems.Thm_StickyKakeya4_north_conditioned_boundary_probe_control (80s)
info: stdout:
FIFO compiler ticket: 01791184523099247627-9de7f1b5928346c5a11ad14f968bd20c.request
FIFO compiler acquired UTC: 2026-10-05T07:15:23.100066+00:00

warning: Theorems/Thm_StickyKakeya4_north_conditioned_boundary_probe_control.lean:123:48: Used `tac1 <;> tac2` where `(tac1; tac2)` would suffice

Note: This linter can be disabled with `set_option linter.unnecessarySeqFocus false`
info: stdout:
FIFO compiler ticket: 01791184523099247627-9de7f1b5928346c5a11ad14f968bd20c.request
FIFO compiler acquired UTC: 2026-10-05T07:15:23.100066+00:00

warning: Theorems/Thm_StickyKakeya4_north_conditioned_boundary_probe_control.lean:220:48: Used `tac1 <;> tac2` where `(tac1; tac2)` would suffice

Note: This linter can be disabled with `set_option linter.unnecessarySeqFocus false`
info: stdout:
FIFO compiler ticket: 01791184523099247627-9de7f1b5928346c5a11ad14f968bd20c.request
FIFO compiler acquired UTC: 2026-10-05T07:15:23.100066+00:00


⚠ [9055/9060] Built Theorems.Thm_StickyKakeya4_measured_conditioned_boundary_packet (82s)
info: stdout:
FIFO compiler ticket: 01791184604009438117-3d234d309c6941838bf9e09a8ec1bec3.request
FIFO compiler acquired UTC: 2026-10-05T07:16:44.010457+00:00

warning: Theorems/Thm_StickyKakeya4_measured_conditioned_boundary_packet.lean:57:5: Variable name `hepsilon` is not explicitly referenced.

Hint: The binding can be removed (if unused) or named `_` (if used implicitly). Alternatively, prefix the name with `_` to silence this warning:
  [apply] _hepsilon

Note: This linter can be disabled with `set_option linter.unusedVariables false`
info: stdout:
FIFO compiler ticket: 01791184604009438117-3d234d309c6941838bf9e09a8ec1bec3.request
FIFO compiler acquired UTC: 2026-10-05T07:16:44.010457+00:00

warning: Theorems/Thm_StickyKakeya4_measured_conditioned_boundary_packet.lean:57:30: Variable name `hepsilonFour` is not explicitly referenced.

Hint: The binding can be removed (if unused) or named `_` (if used implicitly). Alternatively, prefix the name with `_` to silence this warning:
  [apply] _hepsilonFour

Note: This linter can be disabled with `set_option linter.unusedVariables false`
info: stdout:
FIFO compiler ticket: 01791184604009438117-3d234d309c6941838bf9e09a8ec1bec3.request
FIFO compiler acquired UTC: 2026-10-05T07:16:44.010457+00:00

warning: Theorems/Thm_StickyKakeya4_measured_conditioned_boundary_packet.lean:224:48: Used `tac1 <;> tac2` where `(tac1; tac2)` would suffice

Note: This linter can be disabled with `set_option linter.unnecessarySeqFocus false`
info: stdout:
FIFO compiler ticket: 01791184604009438117-3d234d309c6941838bf9e09a8ec1bec3.request
FIFO compiler acquired UTC: 2026-10-05T07:16:44.010457+00:00


⚠ [9056/9063] Built Theorems.Thm_StickyKakeya4_quantitative_conditioned_boundary_packet_chain (85s)
info: stdout:
FIFO compiler ticket: 01791184686916844877-6197f1653dfe4d1382a5e75f3432965d.request
FIFO compiler acquired UTC: 2026-10-05T07:18:06.917854+00:00

warning: Theorems/Thm_StickyKakeya4_quantitative_conditioned_boundary_packet_chain.lean:39:5: Variable name `hepsilon` is not explicitly referenced.

Hint: The binding can be removed (if unused) or named `_` (if used implicitly). Alternatively, prefix the name with `_` to silence this warning:
  [apply] _hepsilon

Note: This linter can be disabled with `set_option linter.unusedVariables false`
info: stdout:
FIFO compiler ticket: 01791184686916844877-6197f1653dfe4d1382a5e75f3432965d.request
FIFO compiler acquired UTC: 2026-10-05T07:18:06.917854+00:00

warning: Theorems/Thm_StickyKakeya4_quantitative_conditioned_boundary_packet_chain.lean:39:30: Variable name `hepsilonFour` is not explicitly referenced.

Hint: The binding can be removed (if unused) or named `_` (if used implicitly). Alternatively, prefix the name with `_` to silence this warning:
  [apply] _hepsilonFour

Note: This linter can be disabled with `set_option linter.unusedVariables false`
info: stdout:
FIFO compiler ticket: 01791184686916844877-6197f1653dfe4d1382a5e75f3432965d.request
FIFO compiler acquired UTC: 2026-10-05T07:18:06.917854+00:00

warning: Theorems/Thm_StickyKakeya4_quantitative_conditioned_boundary_packet_chain.lean:122:5: Variable name `hepsilon` is not explicitly referenced.

Hint: The binding can be removed (if unused) or named `_` (if used implicitly). Alternatively, prefix the name with `_` to silence this warning:
  [apply] _hepsilon

Note: This linter can be disabled with `set_option linter.unusedVariables false`
info: stdout:
FIFO compiler ticket: 01791184686916844877-6197f1653dfe4d1382a5e75f3432965d.request
FIFO compiler acquired UTC: 2026-10-05T07:18:06.917854+00:00

warning: Theorems/Thm_StickyKakeya4_quantitative_conditioned_boundary_packet_chain.lean:122:30: Variable name `hepsilonFour` is not explicitly referenced.

Hint: The binding can be removed (if unused) or named `_` (if used implicitly). Alternatively, prefix the name with `_` to silence this warning:
  [apply] _hepsilonFour

Note: This linter can be disabled with `set_option linter.unusedVariables false`
info: stdout:
FIFO compiler ticket: 01791184686916844877-6197f1653dfe4d1382a5e75f3432965d.request
FIFO compiler acquired UTC: 2026-10-05T07:18:06.917854+00:00


⚠ [9057/9063] Built Theorems.Thm_StickyKakeya4_quantitative_north_return_firewall (73s)
info: stdout:
FIFO compiler ticket: 01791184772837529344-fee0579d52ef44c4ab91b274bccc816c.request
FIFO compiler acquired UTC: 2026-10-05T07:19:32.838276+00:00

warning: Theorems/Thm_StickyKakeya4_quantitative_north_return_firewall.lean:187:16: Used `tac1 <;> tac2` where `(tac1; tac2)` would suffice

Note: This linter can be disabled with `set_option linter.unnecessarySeqFocus false`
info: stdout:
FIFO compiler ticket: 01791184772837529344-fee0579d52ef44c4ab91b274bccc816c.request
FIFO compiler acquired UTC: 2026-10-05T07:19:32.838276+00:00


⚠ [9058/9063] Built Theorems.Thm_StickyKakeya4_vector_bush_frostman (62s)
info: stdout:
FIFO compiler ticket: 01791184845880304359-25f5af8c52b14332a0ff79171bc06b26.request
FIFO compiler acquired UTC: 2026-10-05T07:20:45.881143+00:00

warning: Theorems/Thm_StickyKakeya4_vector_bush_frostman.lean:32:26: Used `tac1 <;> tac2` where `(tac1; tac2)` would suffice

Note: This linter can be disabled with `set_option linter.unnecessarySeqFocus false`
info: stdout:
FIFO compiler ticket: 01791184845880304359-25f5af8c52b14332a0ff79171bc06b26.request
FIFO compiler acquired UTC: 2026-10-05T07:20:45.881143+00:00

warning: Theorems/Thm_StickyKakeya4_vector_bush_frostman.lean:32:38: Used `tac1 <;> tac2` where `(tac1; tac2)` would suffice

Note: This linter can be disabled with `set_option linter.unnecessarySeqFocus false`
info: stdout:
FIFO compiler ticket: 01791184845880304359-25f5af8c52b14332a0ff79171bc06b26.request
FIFO compiler acquired UTC: 2026-10-05T07:20:45.881143+00:00

warning: Theorems/Thm_StickyKakeya4_vector_bush_frostman.lean:255:4: Try this: 
  letI̵

The goal is a proposition, so `let` is preferred over `letI`.
The difference between `let` and `letI` is that `letI` inlines the value.
But this is not relevant for proofs because of proof irrelevance.

Note: This linter can be disabled with `set_option linter.style.haveILetI false`
info: stdout:
FIFO compiler ticket: 01791184845880304359-25f5af8c52b14332a0ff79171bc06b26.request
FIFO compiler acquired UTC: 2026-10-05T07:20:45.881143+00:00


ℹ [9059/9063] Built Theorems.Thm_StickyKakeya4_measure_edge_flow (79s)
info: stdout:
FIFO compiler ticket: 01791184908530620596-0c74a78cec27439697aeca7a3e3f5c44.request
FIFO compiler acquired UTC: 2026-10-05T07:21:48.531501+00:00


⚠ [9060/9063] Built Theorems.Thm_StickyKakeya4_quantitative_return_budget (93s)
info: stdout:
FIFO compiler ticket: 01791184987600966066-afd681b523a245fe83a056f87d209583.request
FIFO compiler acquired UTC: 2026-10-05T07:23:07.601598+00:00

warning: Theorems/Thm_StickyKakeya4_quantitative_return_budget.lean:201:16: Used `tac1 <;> tac2` where `(tac1; tac2)` would suffice

Note: This linter can be disabled with `set_option linter.unnecessarySeqFocus false`
info: stdout:
FIFO compiler ticket: 01791184987600966066-afd681b523a245fe83a056f87d209583.request
FIFO compiler acquired UTC: 2026-10-05T07:23:07.601598+00:00


ℹ [9061/9063] Built Theorems.Thm_StickyKakeya4_low_intercept_entropy_escape (81s)
info: stdout:
FIFO compiler ticket: 01791185081015193364-78faa93146bf4b52983302a1c041f4fe.request
FIFO compiler acquired UTC: 2026-10-05T07:24:41.016024+00:00


⚠ [9062/9067] Built Theorems.Thm_StickyKakeya4_law_level_return_budget (92s)
info: stdout:
FIFO compiler ticket: 01791185162897777184-dbaa32cbcc3449a986e21b7ea6cbabc1.request
FIFO compiler acquired UTC: 2026-10-05T07:26:02.898703+00:00

warning: Theorems/Thm_StickyKakeya4_law_level_return_budget.lean:18:2: Try this: 
  letI̵

The goal is a proposition, so `let` is preferred over `letI`.
The difference between `let` and `letI` is that `letI` inlines the value.
But this is not relevant for proofs because of proof irrelevance.

Note: This linter can be disabled with `set_option linter.style.haveILetI false`
info: stdout:
FIFO compiler ticket: 01791185162897777184-dbaa32cbcc3449a986e21b7ea6cbabc1.request
FIFO compiler acquired UTC: 2026-10-05T07:26:02.898703+00:00

warning: Theorems/Thm_StickyKakeya4_law_level_return_budget.lean:28:2: Try `simp at hunivZero` instead of `simpa using hunivZero`

Note: This linter can be disabled with `set_option linter.unnecessarySimpa false`
info: stdout:
FIFO compiler ticket: 01791185162897777184-dbaa32cbcc3449a986e21b7ea6cbabc1.request
FIFO compiler acquired UTC: 2026-10-05T07:26:02.898703+00:00

warning: Theorems/Thm_StickyKakeya4_law_level_return_budget.lean:58:2: Try this: 
  letI̵

The goal is a proposition, so `let` is preferred over `letI`.
The difference between `let` and `letI` is that `letI` inlines the value.
But this is not relevant for proofs because of proof irrelevance.

Note: This linter can be disabled with `set_option linter.style.haveILetI false`
info: stdout:
FIFO compiler ticket: 01791185162897777184-dbaa32cbcc3449a986e21b7ea6cbabc1.request
FIFO compiler acquired UTC: 2026-10-05T07:26:02.898703+00:00

warning: Theorems/Thm_StickyKakeya4_law_level_return_budget.lean:174:16: Used `tac1 <;> tac2` where `(tac1; tac2)` would suffice

Note: This linter can be disabled with `set_option linter.unnecessarySeqFocus false`
info: stdout:
FIFO compiler ticket: 01791185162897777184-dbaa32cbcc3449a986e21b7ea6cbabc1.request
FIFO compiler acquired UTC: 2026-10-05T07:26:02.898703+00:00

warning: Theorems/Thm_StickyKakeya4_law_level_return_budget.lean:246:2: Try this: 
  letI̵

The goal is a proposition, so `let` is preferred over `letI`.
The difference between `let` and `letI` is that `letI` inlines the value.
But this is not relevant for proofs because of proof irrelevance.

Note: This linter can be disabled with `set_option linter.style.haveILetI false`
info: stdout:
FIFO compiler ticket: 01791185162897777184-dbaa32cbcc3449a986e21b7ea6cbabc1.request
FIFO compiler acquired UTC: 2026-10-05T07:26:02.898703+00:00


ℹ [9063/9068] Built Theorems.Thm_StickyKakeya4_transverse_original_strip_points (11s)
info: stdout:
FIFO compiler ticket: 01791185255480852989-354eea9c1a2d4a47976bed8b35c9f13f.request
FIFO compiler acquired UTC: 2026-10-05T07:27:35.481477+00:00


ℹ [9064/9068] Built Theorems.Thm_StickyKakeya4_original_pair_row_cut (18s)
info: stdout:
FIFO compiler ticket: 01791185267231359522-9952c04da72b448b87c1a8818b2489ca.request
FIFO compiler acquired UTC: 2026-10-05T07:27:47.231845+00:00


ℹ [9065/9068] Built Theorems.Thm_StickyKakeya4_native_a2_power_budget (8.7s)
info: stdout:
FIFO compiler ticket: 01791185285467727206-2be764af39704460a7a815ece2d05fab.request
FIFO compiler acquired UTC: 2026-10-05T07:28:05.468177+00:00


ℹ [9066/9072] Built Theorems.Thm_StickyKakeya4_native_weak_radial_pair_graph (4.2s)
info: stdout:
FIFO compiler ticket: 01791185294203321928-a0c1ac1feeeb4179aa24889554a2d098.request
FIFO compiler acquired UTC: 2026-10-05T07:28:14.203785+00:00


ℹ [9067/9072] Built Theorems.Thm_StickyKakeya4_physical_weak_radial_pair_graph (3.2s)
info: stdout:
FIFO compiler ticket: 01791185298329864746-d26eb3f4ce2a459d8b1ce32adc76d350.request
FIFO compiler acquired UTC: 2026-10-05T07:28:18.330300+00:00


ℹ [9068/9072] Built Theorems.Thm_StickyKakeya4_native_a2_parameter_identities (11s)
info: stdout:
FIFO compiler ticket: 01791185301578443844-fc1ef6a40025475e92449bd0fe6182ac.request
FIFO compiler acquired UTC: 2026-10-05T07:28:21.578880+00:00


ℹ [9069/9072] Built Theorems.Thm_StickyKakeya4_native_a2_dilated_parameters (16s)
info: stdout:
FIFO compiler ticket: 01791185312801963934-3ef5cbbd3d2c4e7cac66c043960ca974.request
FIFO compiler acquired UTC: 2026-10-05T07:28:32.802375+00:00


ℹ [9070/9072] Built Theorems.Thm_StickyKakeya4_native_a2_dilated_caller (13s)
info: stdout:
FIFO compiler ticket: 01791185329516301136-5074b2542d734dbdbb92e9630362f5f2.request
FIFO compiler acquired UTC: 2026-10-05T07:28:49.517051+00:00


ℹ [9071/9075] Built Theorems.Thm_StickyKakeya4_native_a1_initial_radial_graph (7.1s)
info: stdout:
FIFO compiler ticket: 01791185342867528297-f153a78e0c064fd7a413fdc7e71c7376.request
FIFO compiler acquired UTC: 2026-10-05T07:29:02.867880+00:00


ℹ [9072/9075] Built Theorems.Thm_StickyKakeya4_rooted_shared_annular_tube_transfer (2.8s)
info: stdout:
FIFO compiler ticket: 01791185349986708798-c2c555af79404cddb6ea105e5d98540d.request
FIFO compiler acquired UTC: 2026-10-05T07:29:09.987100+00:00


ℹ [9073/9075] Replayed Theorems.Thm_StickyKakeya4_original_disjoint_support_selection
info: stdout:
FIFO compiler ticket: 01791174536978340347-67587d744cbb408a8002a386db3936bd.request
FIFO compiler acquired UTC: 2026-10-05T04:28:56.979358+00:00


ℹ [9074/9082] Built Theorems.Thm_StickyKakeya4_original_annular_row_cover (2.7s)
info: stdout:
FIFO compiler ticket: 01791185352783511135-2e60fa2b44ed4ea89aa617ca8737e3c7.request
FIFO compiler acquired UTC: 2026-10-05T07:29:12.783856+00:00


ℹ [9075/9082] Built Theorems.Thm_StickyKakeya4_original_physical_tube_scale_selection (5.1s)
info: stdout:
FIFO compiler ticket: 01791185355480515667-8bf1e40c4d914d3580057c6659c8b571.request
FIFO compiler acquired UTC: 2026-10-05T07:29:15.480886+00:00


ℹ [9076/9084] Built Theorems.Thm_StickyKakeya4_original_densest_tube_control (17s)
info: stdout:
FIFO compiler ticket: 01791185360591798183-b64b9fa5b8354c86b58a8b28ab372740.request
FIFO compiler acquired UTC: 2026-10-05T07:29:20.592494+00:00


ℹ [9077/9088] Built Theorems.Thm_StickyKakeya4_original_densest_wide_extension (11s)
info: stdout:
FIFO compiler ticket: 01791185377915152028-0c6e63cfe80e4a888f5ea31e0fea1994.request
FIFO compiler acquired UTC: 2026-10-05T07:29:37.915824+00:00


ℹ [9078/9088] Built Theorems.Thm_StickyKakeya4_native_radial_densest_graph (4.7s)
info: stdout:
FIFO compiler ticket: 01791185389387275057-248f405c9dfc4a4989a0097fc4fa5518.request
FIFO compiler acquired UTC: 2026-10-05T07:29:49.387657+00:00


ℹ [9079/9088] Built Theorems.Thm_StickyKakeya4_original_annular_row_charge (6.3s)
info: stdout:
FIFO compiler ticket: 01791185394079234775-48eab6726e004775a82885991beef0d0.request
FIFO compiler acquired UTC: 2026-10-05T07:29:54.079677+00:00


ℹ [9080/9088] Built Theorems.Thm_StickyKakeya4_original_radial_near_diagonal (2.8s)
info: stdout:
FIFO compiler ticket: 01791185400420201934-930a75bd12784e8d85acb25889043e24.request
FIFO compiler acquired UTC: 2026-10-05T07:30:00.420683+00:00


ℹ [9081/9088] Built Theorems.Thm_StickyKakeya4_native_original_annular_row_bound (3.5s)
info: stdout:
FIFO compiler ticket: 01791185403255611839-486a34578a264256896e41a5c6c0e72f.request
FIFO compiler acquired UTC: 2026-10-05T07:30:03.255974+00:00


ℹ [9082/9088] Built Theorems.Thm_StickyKakeya4_native_original_radial_reduction (3.8s)
info: stdout:
FIFO compiler ticket: 01791185406788237598-1b2726a1bece4b97bcdd1297b36c7cb0.request
FIFO compiler acquired UTC: 2026-10-05T07:30:06.788622+00:00


ℹ [9083/9088] Built Theorems.Thm_StickyKakeya4_original_annular_graph_deletion (6.3s)
info: stdout:
FIFO compiler ticket: 01791185410641887309-127b95fc5a87420eac73c27519465dcf.request
FIFO compiler acquired UTC: 2026-10-05T07:30:10.642246+00:00


ℹ [9084/9088] Built Theorems.Thm_StickyKakeya4_native_annular_parameter_budget (13s)
info: stdout:
FIFO compiler ticket: 01791185416898182171-69b2e2e1535c4587aaf01b2b4a886833.request
FIFO compiler acquired UTC: 2026-10-05T07:30:16.901889+00:00


ℹ [9085/9094] Built Theorems.Thm_StickyKakeya4_original_annular_off_root_mass (8.0s)
info: stdout:
FIFO compiler ticket: 01791185430494659560-d8757762698f449d8a7e226969b791dd.request
FIFO compiler acquired UTC: 2026-10-05T07:30:30.496276+00:00


ℹ [9086/9094] Built Theorems.Thm_StickyKakeya4_native_original_off_root_mass (3.8s)
info: stdout:
FIFO compiler ticket: 01791185439490210364-eb944cf3f3cc423c858379e3ed346541.request
FIFO compiler acquired UTC: 2026-10-05T07:30:39.490677+00:00


ℹ [9087/9094] Built Theorems.Thm_StickyKakeya4_radial_angle_periodic_cover (4.1s)
info: stdout:
FIFO compiler ticket: 01791185443330857337-dedf8ec178444b57a34d080afbfbea8a.request
FIFO compiler acquired UTC: 2026-10-05T07:30:43.331230+00:00


ℹ [9088/9094] Built Theorems.Thm_StickyKakeya4_native_original_step2_caller (7.8s)
info: stdout:
FIFO compiler ticket: 01791185447414144813-21455ae105cc4f829d0464cfe2180079.request
FIFO compiler acquired UTC: 2026-10-05T07:30:47.414636+00:00


ℹ [9089/9094] Built Theorems.Thm_StickyKakeya4_radial_angle_bin_incidence (22s)
info: stdout:
FIFO compiler ticket: 01791185455210012136-9242a3c0bec4437d9e386d6e1a6b3e82.request
FIFO compiler acquired UTC: 2026-10-05T07:30:55.210415+00:00


ℹ [9090/9094] Built Theorems.Thm_StickyKakeya4_original_angular_tube_incidence (11s)
info: stdout:
FIFO compiler ticket: 01791185477694837924-b064588cb15c481e9ceea0f2bc3fc133.request
FIFO compiler acquired UTC: 2026-10-05T07:31:17.695561+00:00


ℹ [9091/9094] Built Theorems.Thm_StickyKakeya4_original_angular_class_population (7.6s)
info: stdout:
FIFO compiler ticket: 01791185488862541101-1a65879206e74eb2bcb2fb2ab04418a4.request
FIFO compiler acquired UTC: 2026-10-05T07:31:28.862899+00:00


ℹ [9092/9094] Built Theorems.Thm_StickyKakeya4_original_angular_pruning_from_physical (3.5s)
info: stdout:
FIFO compiler ticket: 01791185496412284504-1f570a32d4e546e58621bfd7364fcf6d.request
FIFO compiler acquired UTC: 2026-10-05T07:31:36.412764+00:00


ℹ [9093/9107] Built Theorems.Thm_StickyKakeya4_native_original_step3_caller (14s)
info: stdout:
FIFO compiler ticket: 01791185499888932327-45a1994fbc274192aa0adb230d9a2420.request
FIFO compiler acquired UTC: 2026-10-05T07:31:39.889302+00:00


ℹ [9094/9109] Built Theorems.Thm_StickyKakeya4_native_radial_class_geometry (14s)
info: stdout:
FIFO compiler ticket: 01791185514378742582-611f4356f3b24f0eb6b21b71315cd4b7.request
FIFO compiler acquired UTC: 2026-10-05T07:31:54.379386+00:00


ℹ [9095/9109] Built Theorems.Thm_StickyKakeya4_original_two_hop_class_tube_transfer (14s)
info: stdout:
FIFO compiler ticket: 01791185529247055265-f55eacfba292471d9b8dd240268cb7ce.request
FIFO compiler acquired UTC: 2026-10-05T07:32:09.247802+00:00


ℹ [9096/9112] Built Theorems.Thm_StickyKakeya4_original_two_hop_pair_family (11s)
info: stdout:
FIFO compiler ticket: 01791185543932998044-ad468fabb876406e8f4eee029732a83e.request
FIFO compiler acquired UTC: 2026-10-05T07:32:23.933901+00:00


ℹ [9097/9117] Built Theorems.Thm_StickyKakeya4_original_unit_line_parameters (4.4s)
info: stdout:
FIFO compiler ticket: 01791185555187579303-1f3381724b3e430d913809e905321229.request
FIFO compiler acquired UTC: 2026-10-05T07:32:35.187977+00:00


ℹ [9098/9117] Built Theorems.Thm_StickyKakeya4_original_unit_line_grid (6.2s)
info: stdout:
FIFO compiler ticket: 01791185559616993732-851879f051bc44449207441d9b47c10e.request
FIFO compiler acquired UTC: 2026-10-05T07:32:39.617354+00:00


ℹ [9099/9117] Built Theorems.Thm_StickyKakeya4_original_line_representative_charge (9.9s)
info: stdout:
FIFO compiler ticket: 01791185565852457270-422530d4e8d944b4808f5d3f540515ae.request
FIFO compiler acquired UTC: 2026-10-05T07:32:45.853037+00:00


ℹ [9100/9117] Built Theorems.Thm_StickyKakeya4_original_unit_parameter_physical (6.9s)
info: stdout:
FIFO compiler ticket: 01791185575804859332-26a168a167b44adfbd09e36b95bcc766.request
FIFO compiler acquired UTC: 2026-10-05T07:32:55.805206+00:00


ℹ [9101/9117] Built Theorems.Thm_StickyKakeya4_original_localized_line_cell_charge (4.3s)
info: stdout:
FIFO compiler ticket: 01791185582716285406-7a71ef5acc6c4c2aa3002072cea06e79.request
FIFO compiler acquired UTC: 2026-10-05T07:33:02.717048+00:00


ℹ [9102/9117] Built Theorems.Thm_StickyKakeya4_original_line_cell_physical_cover (2.9s)
info: stdout:
FIFO compiler ticket: 01791185586956514506-7e04d61b1c3345f2bafd6977c74ff51f.request
FIFO compiler acquired UTC: 2026-10-05T07:33:06.956888+00:00


ℹ [9103/9121] Built Theorems.Thm_StickyKakeya4_original_line_cell_source_mass (4.2s)
info: stdout:
FIFO compiler ticket: 01791185589810505831-d5f45493764941a2a9ebb41250132b12.request
FIFO compiler acquired UTC: 2026-10-05T07:33:09.810867+00:00


ℹ [9104/9121] Built Theorems.Thm_StickyKakeya4_original_representative_shading (14s)
info: stdout:
FIFO compiler ticket: 01791185594041508900-04cd50862d2044feba33d591bef7ac58.request
FIFO compiler acquired UTC: 2026-10-05T07:33:14.042021+00:00


ℹ [9105/9121] Built Theorems.Thm_StickyKakeya4_original_shading_grid_geometry (7.1s)
info: stdout:
FIFO compiler ticket: 01791185608688220617-f6c485a6afe6414a87fd0fb8cb83586e.request
FIFO compiler acquired UTC: 2026-10-05T07:33:28.688957+00:00


ℹ [9106/9121] Built Theorems.Thm_StickyKakeya4_original_clipped_unit_tube (8.2s)
info: stdout:
FIFO compiler ticket: 01791185615836248818-6cbf2ad79bcf41718e58d9595865b4d0.request
FIFO compiler acquired UTC: 2026-10-05T07:33:35.836805+00:00


ℹ [9107/9121] Built Theorems.Thm_StickyKakeya4_original_shading_representatives (5.7s)
info: stdout:
FIFO compiler ticket: 01791185624019431939-db6213f38f3a42f0ab6047224cb15a37.request
FIFO compiler acquired UTC: 2026-10-05T07:33:44.019988+00:00


ℹ [9108/9121] Built Theorems.Thm_StickyKakeya4_original_clipped_tube_representation (6.9s)
info: stdout:
FIFO compiler ticket: 01791185629703585602-063e359b3f3546b1b257a3a72825f8bd.request
FIFO compiler acquired UTC: 2026-10-05T07:33:49.703950+00:00


ℹ [9109/9121] Built Theorems.Thm_StickyKakeya4_original_clipped_tube_parameter_inverse (30s)
info: stdout:
FIFO compiler ticket: 01791185636641095096-7ab391c043df429f937b8135717bbe7c.request
FIFO compiler acquired UTC: 2026-10-05T07:33:56.641521+00:00


ℹ [9110/9121] Built Theorems.Thm_StickyKakeya4_original_separated_point_packing (6.9s)
info: stdout:
FIFO compiler ticket: 01791185667323266291-282978be7b28433c9b059de206b36457.request
FIFO compiler acquired UTC: 2026-10-05T07:34:27.324287+00:00


ℹ [9111/9124] Built Theorems.Thm_StickyKakeya4_original_external_tube_cap_geometry (7.8s)
info: stdout:
FIFO compiler ticket: 01791185674150760846-1f43a44d8d6745a7b4863be6b0ba23cd.request
FIFO compiler acquired UTC: 2026-10-05T07:34:34.151128+00:00


ℹ [9112/9124] Built Theorems.Thm_StickyKakeya4_original_line_residue_separation (5.8s)
info: stdout:
FIFO compiler ticket: 01791185681931540441-f5c801d5df244419ab0a17af4f492e17.request
FIFO compiler acquired UTC: 2026-10-05T07:34:41.931959+00:00


ℹ [9113/9124] Built Theorems.Thm_StickyKakeya4_original_source_log_budgets (17s)
info: stdout:
FIFO compiler ticket: 01791185687719781665-10d51bcbf7544d4a864bb9e5950ec4c5.request
FIFO compiler acquired UTC: 2026-10-05T07:34:47.720847+00:00


ℹ [9114/9124] Built Theorems.Thm_StickyKakeya4_original_retained_tube_ball_profile (13s)
info: stdout:
FIFO compiler ticket: 01791185704959280141-517f4985f10940c28ea8b1972aea63c2.request
FIFO compiler acquired UTC: 2026-10-05T07:35:04.960185+00:00


ℹ [9115/9124] Built Theorems.Thm_StickyKakeya4_original_clipped_tube_cap_charge (10s)
info: stdout:
FIFO compiler ticket: 01791185718657169607-83fc32677f6846e9a435f976baee9123.request
FIFO compiler acquired UTC: 2026-10-05T07:35:18.658148+00:00


ℹ [9116/9124] Built Theorems.Thm_StickyKakeya4_original_weighted_line_color_selection (3.7s)
info: stdout:
FIFO compiler ticket: 01791185728930537393-c343dbba020d46d0b26cb8666785fc7f.request
FIFO compiler acquired UTC: 2026-10-05T07:35:28.930896+00:00


ℹ [9117/9124] Built Theorems.Thm_StickyKakeya4_original_shading_center_profile (5.0s)
info: stdout:
FIFO compiler ticket: 01791185732658310215-1ecbe3e97a694d2c95ef0ec9f3f9f93d.request
FIFO compiler acquired UTC: 2026-10-05T07:35:32.658846+00:00


ℹ [9118/9124] Built Theorems.Thm_StickyKakeya4_original_arbitrary_strip_cap_charge (16s)
info: stdout:
FIFO compiler ticket: 01791185737648856408-cc8f5230a3284a738f7659a89cebfb12.request
FIFO compiler acquired UTC: 2026-10-05T07:35:37.649235+00:00


ℹ [9119/9129] Built Theorems.Thm_StickyKakeya4_original_thickening_color_budget (15s)
info: stdout:
FIFO compiler ticket: 01791185753756464415-60bfaff219e44a2498859f9f11e7bd5e.request
FIFO compiler acquired UTC: 2026-10-05T07:35:53.757515+00:00


ℹ [9120/9129] Built Theorems.Thm_StickyKakeya4_original_shading_box_profile (12s)
info: stdout:
FIFO compiler ticket: 01791185769547116392-a9b075b756a04dba922504e36acc75b8.request
FIFO compiler acquired UTC: 2026-10-05T07:36:09.547987+00:00


ℹ [9121/9129] Built Theorems.Thm_StickyKakeya4_original_admissible_shaded_family (8.4s)
info: stdout:
FIFO compiler ticket: 01791185781971809711-7809956efe174feb8a0be9cc226feb83.request
FIFO compiler acquired UTC: 2026-10-05T07:36:21.972300+00:00


ℹ [9122/9131] Built Theorems.Thm_StickyKakeya4_original_shading_cell_selection (3.4s)
info: stdout:
FIFO compiler ticket: 01791185790344600765-9ea182062f654aea854dbebd2967f412.request
FIFO compiler acquired UTC: 2026-10-05T07:36:30.344985+00:00


ℹ [9123/9132] Built Theorems.Thm_StickyKakeya4_original_dense_family_cap (3.9s)
info: stdout:
FIFO compiler ticket: 01791185793720552504-42efd94eca544629ab3229c6f483f410.request
FIFO compiler acquired UTC: 2026-10-05T07:36:33.721102+00:00


ℹ [9124/9135] Built Theorems.Thm_StickyKakeya4_original_shading_cell_mass (3.3s)
info: stdout:
FIFO compiler ticket: 01791185797612513694-4f1d57673f4940ec8092638807ce473e.request
FIFO compiler acquired UTC: 2026-10-05T07:36:37.612916+00:00


ℹ [9125/9135] Replayed Theorems.Thm_StickyKakeya4_native_quarter_scale_parameters
info: stdout:
FIFO compiler ticket: 01791173426250288091-e25b2a6d1bcf41059168eda1a9e8502e.request
FIFO compiler acquired UTC: 2026-10-05T04:10:26.250717+00:00


ℹ [9126/9135] Built Theorems.Thm_StickyKakeya4_native_original_tube_family_caller (12s)
info: stdout:
FIFO compiler ticket: 01791185800915688046-b268e58b3aa149c192e548d8ced1c35e.request
FIFO compiler acquired UTC: 2026-10-05T07:36:40.916071+00:00


ℹ [9127/9137] Built Theorems.Thm_StickyKakeya4_original_densest_fiber_retention (28s)
info: stdout:
FIFO compiler ticket: 01791185813487555290-f12398e6232f45d6b08fe57a9070a75c.request
FIFO compiler acquired UTC: 2026-10-05T07:36:53.488447+00:00


ℹ [9128/9137] Built Theorems.Thm_StickyKakeya4_original_shading_representative_frostman (9.8s)
info: stdout:
FIFO compiler ticket: 01791185841566650022-5729bfe8aea94e3fbaeef1b218fab84c.request
FIFO compiler acquired UTC: 2026-10-05T07:37:21.567320+00:00


ℹ [9129/9137] Built Theorems.Thm_StickyKakeya4_native_original_shading_width_cutoff (4.1s)
info: stdout:
FIFO compiler ticket: 01791185851360263533-6c0a340debd94bfab2f78053e725b27d.request
FIFO compiler acquired UTC: 2026-10-05T07:37:31.360750+00:00


ℹ [9130/9137] Built Theorems.Thm_StickyKakeya4_native_original_densest_scale_decay (6.3s)
info: stdout:
FIFO compiler ticket: 01791185855443225584-e2d37394aab747d5a6fe12baa87a9f3b.request
FIFO compiler acquired UTC: 2026-10-05T07:37:35.443861+00:00


ℹ [9131/9139] Built Theorems.Thm_StickyKakeya4_original_coarse_shading_preparation (2.8s)
info: stdout:
FIFO compiler ticket: 01791185861769846186-dc8e1ec8dd6e401a9e9f621e4c90761e.request
FIFO compiler acquired UTC: 2026-10-05T07:37:41.770237+00:00


ℹ [9132/9139] Built Theorems.Thm_StickyKakeya4_original_profiled_coarse_shadings (3.6s)
info: stdout:
FIFO compiler ticket: 01791185864545098275-be819e344ada439a8cc0e9d6b820d55b.request
FIFO compiler acquired UTC: 2026-10-05T07:37:44.545504+00:00


ℹ [9133/9139] Built Theorems.Thm_StickyKakeya4_original_critical_width_bound (4.9s)
info: stdout:
FIFO compiler ticket: 01791185868106252976-b8b00d7ae3b04dd68ffb986e2680173f.request
FIFO compiler acquired UTC: 2026-10-05T07:37:48.106660+00:00


ℹ [9134/9142] Built Theorems.Thm_StickyKakeya4_native_original_coarse_tube_family (25s)
info: stdout:
FIFO compiler ticket: 01791185873039045727-b4c1e98dddd443d780a933d0e12d0595.request
FIFO compiler acquired UTC: 2026-10-05T07:37:53.039465+00:00


ℹ [9135/9143] Built Theorems.Thm_StickyKakeya4_native_original_critical_query_range (13s)
info: stdout:
FIFO compiler ticket: 01791185898676553374-70f7c57b525d42f9983ac658489db1f5.request
FIFO compiler acquired UTC: 2026-10-05T07:38:18.677283+00:00


ℹ [9136/9143] Built Theorems.Thm_StickyKakeya4_native_original_pruning_loss (8.9s)
info: stdout:
FIFO compiler ticket: 01791185911843435307-a97ed07dfe284f3d82ebfaa4b7aec496.request
FIFO compiler acquired UTC: 2026-10-05T07:38:31.844204+00:00


ℹ [9137/9143] Built Theorems.Thm_StickyKakeya4_original_good_graph_cap_fraction (3.9s)
info: stdout:
FIFO compiler ticket: 01791185920760458849-b90c5d18892941ed8348d8c1eeac7f8a.request
FIFO compiler acquired UTC: 2026-10-05T07:38:40.760806+00:00


ℹ [9138/9143] Built Theorems.Thm_StickyKakeya4_native_a2_weak_radial_caller (4.1s)
info: stdout:
FIFO compiler ticket: 01791185924692180213-4f47554b29a54741a73dbc8f8502cf9e.request
FIFO compiler acquired UTC: 2026-10-05T07:38:44.692565+00:00


ℹ [9139/9143] Built Theorems.Thm_StickyKakeya4_native_original_nonempty_coarse_family (7.0s)
info: stdout:
FIFO compiler ticket: 01791185928769205217-6f6a1fdca76640e982ecd854b4c7c6a8.request
FIFO compiler acquired UTC: 2026-10-05T07:38:48.769591+00:00


ℹ [9140/9144] Built Theorems.Thm_StickyKakeya4_native_original_cap_fraction_budget (3.7s)
info: stdout:
FIFO compiler ticket: 01791185936783615500-b45cdb1b1c0a4d9981d3505f088b0b02.request
FIFO compiler acquired UTC: 2026-10-05T07:38:56.783974+00:00


ℹ [9141/9144] Built Theorems.Thm_StickyKakeya4_native_uniform_original_coarse_family (3.4s)
info: stdout:
FIFO compiler ticket: 01791185940435092953-e18c39f8fc2d4e16a52f819dd7353334.request
FIFO compiler acquired UTC: 2026-10-05T07:39:00.435489+00:00


ℹ [9142/9146] Built Theorems.Thm_StickyKakeya4_planar_abc_projected_profiles (3.9s)
info: stdout:
FIFO compiler ticket: 01791185943830303200-409e8cd5bf3b40a6a36806685b830e37.request
FIFO compiler acquired UTC: 2026-10-05T07:39:03.830694+00:00


ℹ [9143/9149] Built Theorems.Thm_StickyKakeya4_native_a2_critical_tube_family (9.2s)
info: stdout:
FIFO compiler ticket: 01791185947729334871-9507e7bc46c64709ad562c241562e2cb.request
FIFO compiler acquired UTC: 2026-10-05T07:39:07.729855+00:00


ℹ [9144/9149] Built Theorems.Thm_StickyKakeya4_original_angular_frostman (4.8s)
info: stdout:
FIFO compiler ticket: 01791185956896310917-8d890e5d8c1441c3be8739f745b773ff.request
FIFO compiler acquired UTC: 2026-10-05T07:39:16.896779+00:00


ℹ [9145/9149] Built Theorems.Thm_StickyKakeya4_original_population_relative (2.5s)
info: stdout:
FIFO compiler ticket: 01791185961709061732-3148209c96784607977301c93114370b.request
FIFO compiler acquired UTC: 2026-10-05T07:39:21.709911+00:00


ℹ [9146/9151] Built Theorems.Thm_StickyKakeya4_original_angular_balanced_frostman (2.7s)
info: stdout:
FIFO compiler ticket: 01791185964183268555-4e1ac681f62c4c638f9f2f1dedb4964e.request
FIFO compiler acquired UTC: 2026-10-05T07:39:24.183664+00:00


ℹ [9147/9151] Built Theorems.Thm_StickyKakeya4_native_planar_abc_input (6.6s)
info: stdout:
FIFO compiler ticket: 01791185966836522372-37b024698c4341b88c2867762123a4c7.request
FIFO compiler acquired UTC: 2026-10-05T07:39:26.836926+00:00


ℹ [9148/9151] Replayed Theorems.Thm_StickyKakeya4_original_separated_height_cap
info: stdout:
FIFO compiler ticket: 01791175236109587299-32205a5a763d4d5397c47efe24afbc04.request
FIFO compiler acquired UTC: 2026-10-05T04:40:36.110002+00:00


ℹ [9149/9154] Built Theorems.Thm_StickyKakeya4_native_abc_euclidean_strip (12s)
info: stdout:
FIFO compiler ticket: 01791185973494617597-e1ae382511344f85b90f45c380bb8075.request
FIFO compiler acquired UTC: 2026-10-05T07:39:33.495057+00:00


ℹ [9150/9154] Replayed Theorems.Thm_StickyKakeya4_original_angular_exponent_range
info: stdout:
FIFO compiler ticket: 01791175263856739114-8f41a989f213406b9315e04b3735ab37.request
FIFO compiler acquired UTC: 2026-10-05T04:41:03.857105+00:00


ℹ [9151/9154] Built Theorems.Thm_StickyKakeya4_native_dyadic_mesh_selection (7.6s)
info: stdout:
FIFO compiler ticket: 01791185985835100474-be161c13863449a49297dca4e3d1a181.request
FIFO compiler acquired UTC: 2026-10-05T07:39:45.836012+00:00


ℹ [9152/9154] Built Theorems.Thm_StickyKakeya4_native_quarter_balanced_mesh (3.5s)
info: stdout:
FIFO compiler ticket: 01791185993445290944-ca304cd7710142da8f4cc23a9f96258a.request
FIFO compiler acquired UTC: 2026-10-05T07:39:53.445824+00:00


ℹ [9153/9160] Built Theorems.Thm_StickyKakeya4_native_abc_original_loss_budget (4.8s)
info: stdout:
FIFO compiler ticket: 01791185996954825460-d18acdb6568c42fd908fba9a7b4b75f8.request
FIFO compiler acquired UTC: 2026-10-05T07:39:56.955176+00:00


ℹ [9154/9160] Built Theorems.Thm_StickyKakeya4_working_scale_profile_budget (52s)
info: stdout:
FIFO compiler ticket: 01791186001935234152-c8428326325d4f2eb2c8c87dba64e9fc.request
FIFO compiler acquired UTC: 2026-10-05T07:40:01.935888+00:00


ℹ [9155/9160] Built Theorems.Thm_StickyKakeya4_native_interpolation_cost_bound (72s)
info: stdout:
FIFO compiler ticket: 01791186054186115368-73e3c8493d71482d94532127a5cdaf40.request
FIFO compiler acquired UTC: 2026-10-05T07:40:54.186489+00:00


ℹ [9156/9163] Built Theorems.Thm_StickyKakeya4_native_original_parent_assembly (107s)
info: stdout:
FIFO compiler ticket: 01791186127008669239-08bd4aa31ce44ba09dfa7fde468691ca.request
FIFO compiler acquired UTC: 2026-10-05T07:42:07.009031+00:00


ℹ [9157/9163] Built Theorems.Thm_StickyKakeya4_native_parent_refinement (45s)
info: stdout:
FIFO compiler ticket: 01791186234701579988-a49f6ce702f444ea9eb940f287b4f7f0.request
FIFO compiler acquired UTC: 2026-10-05T07:43:54.702027+00:00


ℹ [9158/9166] Built Theorems.Thm_StickyKakeya4_native_selected_parent_preparation (43s)
info: stdout:
FIFO compiler ticket: 01791186279951546027-0654aec60dba4f1a9f9f8fcb39e1a8a2.request
FIFO compiler acquired UTC: 2026-10-05T07:44:39.951921+00:00


ℹ [9159/9168] Built Theorems.Thm_StickyKakeya4_native_parameter_constants (40s)
info: stdout:
FIFO compiler ticket: 01791186323807092874-976d68c5a65a42128c3c661fd92082f3.request
FIFO compiler acquired UTC: 2026-10-05T07:45:23.807908+00:00


ℹ [9160/9168] Built Theorems.Thm_StickyKakeya4_native_angular_cost_bound (37s)
info: stdout:
FIFO compiler ticket: 01791186363867759863-6d38173280d446f18abf16cdba25ac96.request
FIFO compiler acquired UTC: 2026-10-05T07:46:03.868161+00:00


ℹ [9161/9168] Built Theorems.Thm_StickyKakeya4_native_alignment_scale_separation (38s)
info: stdout:
FIFO compiler ticket: 01791186401776428745-904f362be1374216b02390a45ec80c8e.request
FIFO compiler acquired UTC: 2026-10-05T07:46:41.777225+00:00


ℹ [9162/9168] Built Theorems.Thm_StickyKakeya4_native_reference_cost_bounds (38s)
info: stdout:
FIFO compiler ticket: 01791186439877246502-0f67d28970c446c39e8fd05119224524.request
FIFO compiler acquired UTC: 2026-10-05T07:47:19.877623+00:00


ℹ [9163/9168] Replayed Theorems.Thm_StickyKakeya4_native_source_size_bounds
info: stdout:
FIFO compiler ticket: 01791175190458798753-93fb6112072e4c18a4a51fda2a9df53d.request
FIFO compiler acquired UTC: 2026-10-05T04:39:50.459161+00:00


ℹ [9164/9168] Built Theorems.Thm_StickyKakeya4_native_alignment_parameter_budget (40s)
info: stdout:
FIFO compiler ticket: 01791186477928609890-6bdfd43573b147f89f023408341e244e.request
FIFO compiler acquired UTC: 2026-10-05T07:47:57.928990+00:00


ℹ [9165/9168] Built Theorems.Thm_StickyKakeya4_native_common_envelope (84s)
info: stdout:
FIFO compiler ticket: 01791186518137783202-427b82751c734100b8891050f3b1b454.request
FIFO compiler acquired UTC: 2026-10-05T07:48:38.138149+00:00


ℹ [9166/9168] Built Theorems.Thm_StickyKakeya4_native_envelope_growth (90s)
info: stdout:
FIFO compiler ticket: 01791186602630842260-2ca3904437af424e8344ef96ce8ee069.request
FIFO compiler acquired UTC: 2026-10-05T07:50:02.631669+00:00


ℹ [9167/9213] Built Theorems.Thm_StickyKakeya4_native_absorbed_source_envelope (97s)
info: stdout:
FIFO compiler ticket: 01791186692958262199-75c4318e12a04a5faa5d3d3ce02a777d.request
FIFO compiler acquired UTC: 2026-10-05T07:51:32.958987+00:00


ℹ [9168/9213] Replayed Theorems.Thm_StickyKakeya4_native_common_cubical_mesh
info: stdout:
FIFO compiler ticket: 01791174139429944539-c7ef1890478a41a5ba8085e8595dec0c.request
FIFO compiler acquired UTC: 2026-10-05T04:22:19.430923+00:00


ℹ [9169/9213] Replayed Theorems.Thm_StickyKakeya4_native_finite_kakeya_counts
info: stdout:
FIFO compiler ticket: 01791173955580052781-04fce33ce7d84c29a46342b5edc0da93.request
FIFO compiler acquired UTC: 2026-10-05T04:19:15.581317+00:00


ℹ [9170/9213] Replayed Theorems.Thm_StickyKakeya4_native_finite_kakeya_exponent
info: stdout:
FIFO compiler ticket: 01791174005472431930-f6e323ee51214bb4b5f74471dbc9e829.request
FIFO compiler acquired UTC: 2026-10-05T04:20:05.473738+00:00


ℹ [9171/9213] Replayed Theorems.Thm_StickyKakeya4_native_cubical_incidence_counts
info: stdout:
FIFO compiler ticket: 01791174187062687795-a77706277d3a4aec8843ce5a55ed74b0.request
FIFO compiler acquired UTC: 2026-10-05T04:23:07.063699+00:00


ℹ [9172/9213] Replayed Theorems.Thm_StickyKakeya4_shear_bin_fibers
info: stdout:
FIFO compiler ticket: 01791174115273335084-fff57559883646b5a979a700ed7f773d.request
FIFO compiler acquired UTC: 2026-10-05T04:21:55.274478+00:00


ℹ [9173/9213] Replayed Theorems.Thm_StickyKakeya4_native_original_cell_chart_geometry
info: stdout:
FIFO compiler ticket: 01791174214426261625-b5d3c8e6cffd41c7803d5441c1d5dbec.request
FIFO compiler acquired UTC: 2026-10-05T04:23:34.426641+00:00


ℹ [9174/9213] Replayed Theorems.Thm_StickyKakeya4_physical_rescaling_incidence_transfer
info: stdout:
FIFO compiler ticket: 01791174286360078319-397d676c92514acf8de234d4be352db8.request
FIFO compiler acquired UTC: 2026-10-05T04:24:46.361931+00:00


ℹ [9175/9213] Replayed Theorems.Thm_StickyKakeya4_physical_rescaling_backbone_density
info: stdout:
FIFO compiler ticket: 01791174335629528638-48b7c4a2e3a1422a9901e84fd0ab47e3.request
FIFO compiler acquired UTC: 2026-10-05T04:25:35.630517+00:00


ℹ [9176/9213] Replayed Theorems.Thm_StickyKakeya4_native_original_parent_selection
info: stdout:
FIFO compiler ticket: 01791174358565594841-88afd6673e27486db87afadb07aa18b4.request
FIFO compiler acquired UTC: 2026-10-05T04:25:58.566694+00:00


ℹ [9177/9213] Replayed Theorems.Thm_StickyKakeya4_native_graph_marked_line
info: stdout:
FIFO compiler ticket: 01791175023100051913-c7fd98e57dc543f8ae135cd5c38af03d.request
FIFO compiler acquired UTC: 2026-10-05T04:37:03.100503+00:00


ℹ [9178/9213] Replayed Theorems.Thm_StickyKakeya4_native_unit_parent_normalization
info: stdout:
FIFO compiler ticket: 01791175028817728665-ab816644e1c94b36b7b7158e8fec8d70.request
FIFO compiler acquired UTC: 2026-10-05T04:37:08.818065+00:00


ℹ [9179/9213] Replayed Theorems.Thm_StickyKakeya4_native_original_slope_cube_packing
info: stdout:
FIFO compiler ticket: 01791174982050230942-e9d1a859f56b46d7b5e93d03f0197abc.request
FIFO compiler acquired UTC: 2026-10-05T04:36:22.050604+00:00


ℹ [9180/9213] Replayed Theorems.Thm_StickyKakeya4_native_unit_parent_directions
info: stdout:
FIFO compiler ticket: 01791175036636498245-3e265600e6494b17a786591dea9d404b.request
FIFO compiler acquired UTC: 2026-10-05T04:37:16.636843+00:00


ℹ [9181/9213] Replayed Theorems.Thm_StickyKakeya4_native_contracted_unit_parent
info: stdout:
FIFO compiler ticket: 01791175041791214310-85349fa1d4524d1c94fc82218c363470.request
FIFO compiler acquired UTC: 2026-10-05T04:37:21.791600+00:00


ℹ [9182/9213] Replayed Theorems.Thm_StickyKakeya4_native_original_parent_physical_data
info: stdout:
FIFO compiler ticket: 01791174386155734932-ca84e61285624e379f5e6db2b0c10cb9.request
FIFO compiler acquired UTC: 2026-10-05T04:26:26.156085+00:00


ℹ [9183/9213] Replayed Theorems.Thm_StickyKakeya4_native_original_padded_cells
info: stdout:
FIFO compiler ticket: 01791175046894175161-a0c6d71a95994787b5fdb25d84252cb8.request
FIFO compiler acquired UTC: 2026-10-05T04:37:26.894554+00:00


ℹ [9184/9213] Replayed Theorems.Thm_StickyKakeya4_native_dense_original_parent
info: stdout:
FIFO compiler ticket: 01791174993814763637-05efa26c57174c2abbb78004e99a905a.request
FIFO compiler acquired UTC: 2026-10-05T04:36:33.815108+00:00


ℹ [9185/9213] Replayed Theorems.Thm_StickyKakeya4_native_original_shading_density
info: stdout:
FIFO compiler ticket: 01791175007414728706-3b066b391c53401e8d1cb7898680a856.request
FIFO compiler acquired UTC: 2026-10-05T04:36:47.415073+00:00


ℹ [9186/9213] Replayed Theorems.Thm_StickyKakeya4_native_near_extremal_physical_parent
info: stdout:
FIFO compiler ticket: 01791175018189563681-5b20ab5aed814bc78f3e0c3e22dd5a6c.request
FIFO compiler acquired UTC: 2026-10-05T04:36:58.189950+00:00


ℹ [9187/9213] Replayed Theorems.Thm_StickyKakeya4_native_weighted_point_populations
info: stdout:
FIFO compiler ticket: 01791175058992464280-ab450f9a56f846a0949277433e3a8d44.request
FIFO compiler acquired UTC: 2026-10-05T04:37:38.992837+00:00


ℹ [9188/9213] Replayed Theorems.Thm_StickyKakeya4_native_original_slice_population
info: stdout:
FIFO compiler ticket: 01791175199592322126-365776b566544aa89bdda57fdd7829f9.request
FIFO compiler acquired UTC: 2026-10-05T04:39:59.592773+00:00


ℹ [9189/9213] Replayed Theorems.Thm_StickyKakeya4_native_slice_grid_geometry
info: stdout:
FIFO compiler ticket: 01791175165391104628-7714270180af44db9ca992eddc29140f.request
FIFO compiler acquired UTC: 2026-10-05T04:39:25.391523+00:00


ℹ [9190/9213] Replayed Theorems.Thm_StickyKakeya4_native_original_slice_ball_population
info: stdout:
FIFO compiler ticket: 01791175208380043960-ddb3c8a4a68042e98e739d356b20bc5d.request
FIFO compiler acquired UTC: 2026-10-05T04:40:08.380509+00:00


ℹ [9191/9213] Replayed Theorems.Thm_StickyKakeya4_native_selected_physical_multiplicity
info: stdout:
FIFO compiler ticket: 01791175212566712163-b80428e81b0a433a9539e4deaba6951e.request
FIFO compiler acquired UTC: 2026-10-05T04:40:12.567065+00:00


ℹ [9192/9213] Replayed Theorems.Thm_StickyKakeya4_native_original_slice_multiplicity
info: stdout:
FIFO compiler ticket: 01791175220767253405-a4ed1326d54c4f0386d2ba7839c43340.request
FIFO compiler acquired UTC: 2026-10-05T04:40:20.767759+00:00


ℹ [9193/9213] Replayed Theorems.Thm_StickyKakeya4_native_near_source_slice_population
info: stdout:
FIFO compiler ticket: 01791175227775109966-21786dadbb4544b8b1fa3cc86a9ff9e7.request
FIFO compiler acquired UTC: 2026-10-05T04:40:27.775502+00:00


ℹ [9194/9213] Replayed Theorems.Thm_StickyKakeya4_native_dense_source_refinement
info: stdout:
FIFO compiler ticket: 01791175238812543025-9cb11d17a0d44aadb649dabf364f4459.request
FIFO compiler acquired UTC: 2026-10-05T04:40:38.812879+00:00


ℹ [9195/9213] Replayed Theorems.Thm_StickyKakeya4_original_scalar_collision_mass
info: stdout:
FIFO compiler ticket: 01791175254757491574-3fd7ae58d56a4d2b908525853a4adfd9.request
FIFO compiler acquired UTC: 2026-10-05T04:40:54.757881+00:00


ℹ [9196/9213] Replayed Theorems.Thm_StickyKakeya4_original_height_vertex_density
info: stdout:
FIFO compiler ticket: 01791175278008735189-1665482250144457979c5b155fe63faf.request
FIFO compiler acquired UTC: 2026-10-05T04:41:18.009130+00:00


ℹ [9197/9213] Replayed Theorems.Thm_StickyKakeya4_native_original_height_vertices
info: stdout:
FIFO compiler ticket: 01791175293944006182-6ab87badbeab41ea8571e0ca3f088b08.request
FIFO compiler acquired UTC: 2026-10-05T04:41:33.946942+00:00


ℹ [9198/9213] Replayed Theorems.Thm_StickyKakeya4_native_padded_cell_fiber_count
info: stdout:
FIFO compiler ticket: 01791175299817827738-711efae539bc48f1ba94018c8b0a8df9.request
FIFO compiler acquired UTC: 2026-10-05T04:41:39.818194+00:00


ℹ [9199/9213] Replayed Theorems.Thm_StickyKakeya4_native_original_chart_metric
info: stdout:
FIFO compiler ticket: 01791174409633943997-515b2d057735479a8d37e59a67cdf0fc.request
FIFO compiler acquired UTC: 2026-10-05T04:26:49.634979+00:00


ℹ [9200/9213] Replayed Theorems.Thm_StickyKakeya4_native_original_parent_count
info: stdout:
FIFO compiler ticket: 01791174434491333119-be86c931fd6c40a6b384c19ce14c4e95.request
FIFO compiler acquired UTC: 2026-10-05T04:27:14.492376+00:00


ℹ [9201/9213] Replayed Theorems.Thm_StickyKakeya4_native_compact_chart_reach
info: stdout:
FIFO compiler ticket: 01791174460269496220-fac85eb0ba04416495a8b7f12f2ce6ba.request
FIFO compiler acquired UTC: 2026-10-05T04:27:40.270444+00:00


ℹ [9202/9213] Replayed Theorems.Thm_StickyKakeya4_native_compact_carrier_count
info: stdout:
FIFO compiler ticket: 01791174484000073584-e88a8b5ffe2a435a84c97a115c1f99d4.request
FIFO compiler acquired UTC: 2026-10-05T04:28:04.001100+00:00


ℹ [9203/9213] Replayed Theorems.Thm_StickyKakeya4_native_compact_parent_retention
info: stdout:
FIFO compiler ticket: 01791174512737198685-b4d3b01225984fcf86c837b89d63ed7d.request
FIFO compiler acquired UTC: 2026-10-05T04:28:32.737587+00:00


ℹ [9204/9213] Replayed Theorems.Thm_StickyKakeya4_native_dyadic_parent_cells
info: stdout:
FIFO compiler ticket: 01791175248279148232-aa8421ec8e09477aaa0c8c263a5a12c7.request
FIFO compiler acquired UTC: 2026-10-05T04:40:48.279534+00:00


ℹ [9205/9213] Replayed Theorems.Thm_StickyKakeya4_native_unit_parent_dyadic
info: stdout:
FIFO compiler ticket: 01791175259089812203-96e6ee00750d40a1a3ec823e52105ae5.request
FIFO compiler acquired UTC: 2026-10-05T04:40:59.090327+00:00


ℹ [9206/9259] Replayed Theorems.Thm_StickyKakeya4_native_original_ancestor_pruning
info: stdout:
FIFO compiler ticket: 01791174540224930806-5d9cf86252c14f1da9569d8002259c8a.request
FIFO compiler acquired UTC: 2026-10-05T04:29:00.225371+00:00


ℹ [9207/9259] Replayed Theorems.Thm_StickyKakeya4_native_compact_ancestor_budget
info: stdout:
FIFO compiler ticket: 01791174566041832523-44393ad7fcbf4b5b9085ad5bacefa28e.request
FIFO compiler acquired UTC: 2026-10-05T04:29:26.042255+00:00


ℹ [9208/9259] Replayed Theorems.Thm_StickyKakeya4_native_original_pruned_mass
info: stdout:
FIFO compiler ticket: 01791174592897108539-dfea74c7e58f41eeae9ef84342d03bf3.request
FIFO compiler acquired UTC: 2026-10-05T04:29:52.897517+00:00


ℹ [9209/9259] Replayed Theorems.Thm_StickyKakeya4_native_coarse_shading_capacity
info: stdout:
FIFO compiler ticket: 01791175310075897427-53e50a018e544c9c9b4ebc84bc985098.request
FIFO compiler acquired UTC: 2026-10-05T04:41:50.076265+00:00


ℹ [9210/9259] Replayed Theorems.Thm_StickyKakeya4_native_normalized_parent_carrier_metric
info: stdout:
FIFO compiler ticket: 01791175271371735884-26213d15c20043669aaea9af323fc2c0.request
FIFO compiler acquired UTC: 2026-10-05T04:41:11.372084+00:00


ℹ [9211/9259] Replayed Theorems.Thm_StickyKakeya4_native_coarse_representative_geometry
info: stdout:
FIFO compiler ticket: 01791175321647433584-404ae16e9538490dadeaba0676412d88.request
FIFO compiler acquired UTC: 2026-10-05T04:42:01.647825+00:00


ℹ [9212/9259] Replayed Theorems.Thm_StickyKakeya4_native_padded_cell_source
info: stdout:
FIFO compiler ticket: 01791175266867649455-e88ad745b2c443db9f2db60013b4db7d.request
FIFO compiler acquired UTC: 2026-10-05T04:41:06.867993+00:00


ℹ [9213/9259] Replayed Theorems.Thm_StickyKakeya4_native_padded_cell_union_bound
info: stdout:
FIFO compiler ticket: 01791175280756614534-7d985a1f088947e8b268940803084c63.request
FIFO compiler acquired UTC: 2026-10-05T04:41:20.757239+00:00


ℹ [9214/9259] Replayed Theorems.Thm_StickyKakeya4_native_padded_source_mass
info: stdout:
FIFO compiler ticket: 01791175304928251640-88c00dfe858142ea955ea6f2e2d075c1.request
FIFO compiler acquired UTC: 2026-10-05T04:41:44.928726+00:00


ℹ [9215/9259] Replayed Theorems.Thm_StickyKakeya4_native_unit_parent_volume
info: stdout:
FIFO compiler ticket: 01791175287666830772-ef45c50f1ded494d917eeefe199ab2d9.request
FIFO compiler acquired UTC: 2026-10-05T04:41:27.667202+00:00


ℹ [9216/9259] Replayed Theorems.Thm_StickyKakeya4_native_padded_source_transport
info: stdout:
FIFO compiler ticket: 01791175316601161891-17cce60c73da45e8884b599eeec0d7c5.request
FIFO compiler acquired UTC: 2026-10-05T04:41:56.601559+00:00


ℹ [9217/9259] Replayed Theorems.Thm_StickyKakeya4_native_coarse_physical_containment
info: stdout:
FIFO compiler ticket: 01791175327718944932-66b286e16feb44929456a58f8b77c24f.request
FIFO compiler acquired UTC: 2026-10-05T04:42:07.719329+00:00


ℹ [9218/9259] Replayed Theorems.Thm_StickyKakeya4_native_local_parent_geometry
info: stdout:
FIFO compiler ticket: 01791175342966346178-69747902ce1b43ab8a28035b79935e19.request
FIFO compiler acquired UTC: 2026-10-05T04:42:22.967546+00:00


ℹ [9219/9259] Replayed Theorems.Thm_StickyKakeya4_native_local_parent_cells
info: stdout:
FIFO compiler ticket: 01791176803807587827-1b80b8fe74db444da8057479baf1ed56.request
FIFO compiler acquired UTC: 2026-10-05T05:06:43.807933+00:00


ℹ [9220/9259] Replayed Theorems.Thm_StickyKakeya4_native_local_parent_scales
info: stdout:
FIFO compiler ticket: 01791178109591454672-ce50672a83674a15829017becd2af02a.request
FIFO compiler acquired UTC: 2026-10-05T05:28:29.591825+00:00


ℹ [9221/9259] Replayed Theorems.Thm_StickyKakeya4_native_local_parent_capacity
info: stdout:
FIFO compiler ticket: 01791176937997135595-4a7d524480564eefbd3401c912716b33.request
FIFO compiler acquired UTC: 2026-10-05T05:08:57.998026+00:00


ℹ [9222/9259] Replayed Theorems.Thm_StickyKakeya4_native_local_parent_physical_map
info: stdout:
FIFO compiler ticket: 01791175373547934911-83c6d77c08264a48927072dfedde0766.request
FIFO compiler acquired UTC: 2026-10-05T04:42:53.548305+00:00


ℹ [9223/9259] Replayed Theorems.Thm_StickyKakeya4_native_local_cell_coherence
info: stdout:
FIFO compiler ticket: 01791176878940776782-54c33ff3d8ec4e09952caa37122f660d.request
FIFO compiler acquired UTC: 2026-10-05T05:07:58.941460+00:00


ℹ [9224/9259] Replayed Theorems.Thm_StickyKakeya4_native_local_parent_source
info: stdout:
FIFO compiler ticket: 01791178114985536235-d2ae03d5600d4766ac65bbd2827cf48c.request
FIFO compiler acquired UTC: 2026-10-05T05:28:34.986002+00:00


ℹ [9225/9259] Replayed Theorems.Thm_StickyKakeya4_native_local_parent_source_counts
info: stdout:
FIFO compiler ticket: 01791178130333103761-5a6fe6c5a786476f989298d891d22fe6.request
FIFO compiler acquired UTC: 2026-10-05T05:28:50.333619+00:00


ℹ [9226/9259] Replayed Theorems.Thm_StickyKakeya4_native_local_parent_volume
info: stdout:
FIFO compiler ticket: 01791176752271242018-a3956251ff6a4de39fb3249f07cedc06.request
FIFO compiler acquired UTC: 2026-10-05T05:05:52.271606+00:00


ℹ [9227/9259] Replayed Theorems.Thm_StickyKakeya4_native_original_log_budget
info: stdout:
FIFO compiler ticket: 01791173506199273136-f301ea33c53c4073b0ca2878c7edd3c5.request
FIFO compiler acquired UTC: 2026-10-05T04:11:46.199638+00:00


ℹ [9228/9259] Replayed Theorems.Thm_StickyKakeya4_native_dyadic_pruning_cutoff
info: stdout:
FIFO compiler ticket: 01791174618738810406-fdca110914d0413d8a05139f01e8d542.request
FIFO compiler acquired UTC: 2026-10-05T04:30:18.739157+00:00

info: Theorems/Thm_StickyKakeya4_native_dyadic_pruning_cutoff.lean:47:27: Try this:
  [apply] ring_nf
  
  The `ring` tactic failed to close the goal. Use `ring_nf` to obtain a normal form.
    
  Note that `ring` works primarily in *commutative* rings. If you have a noncommutative ring, abelian group or module, consider using `noncomm_ring`, `abel` or `module` instead.
info: stdout:
FIFO compiler ticket: 01791174618738810406-fdca110914d0413d8a05139f01e8d542.request
FIFO compiler acquired UTC: 2026-10-05T04:30:18.739157+00:00


ℹ [9229/9259] Replayed Theorems.Thm_StickyKakeya4_native_pruning_mass_budget
info: stdout:
FIFO compiler ticket: 01791175349622930711-c0acd667c5364f3383ce3697064d0d66.request
FIFO compiler acquired UTC: 2026-10-05T04:42:29.623484+00:00


ℹ [9230/9259] Replayed Theorems.Thm_StickyKakeya4_native_compact_dyadic_source
info: stdout:
FIFO compiler ticket: 01791175429859154053-5a41601ad704434ca3d8e92ae7e3eae5.request
FIFO compiler acquired UTC: 2026-10-05T04:43:51.264229+00:00


ℹ [9231/9259] Replayed Theorems.Thm_StickyKakeya4_native_pruned_power_constants
info: stdout:
FIFO compiler ticket: 01791175395600572435-8d2bb8dd64544318b2a9426aa18447a4.request
FIFO compiler acquired UTC: 2026-10-05T04:43:15.600963+00:00

info: Theorems/Thm_StickyKakeya4_native_pruned_power_constants.lean:20:6: Try this:
  [apply] ring_nf
  
  The `ring` tactic failed to close the goal. Use `ring_nf` to obtain a normal form.
    
  Note that `ring` works primarily in *commutative* rings. If you have a noncommutative ring, abelian group or module, consider using `noncomm_ring`, `abel` or `module` instead.
info: stdout:
FIFO compiler ticket: 01791175395600572435-8d2bb8dd64544318b2a9426aa18447a4.request
FIFO compiler acquired UTC: 2026-10-05T04:43:15.600963+00:00


ℹ [9232/9259] Replayed Theorems.Thm_StickyKakeya4_native_compact_pruned_parameters
info: stdout:
FIFO compiler ticket: 01791175466789317538-8251996b860044739c744d3e4b9bb579.request
FIFO compiler acquired UTC: 2026-10-05T04:45:00.820189+00:00


ℹ [9233/9259] Replayed Theorems.Thm_StickyKakeya4_native_compact_ancestor_regularity
info: stdout:
FIFO compiler ticket: 01791175534868582160-204df6cfca9147c0b8711c83935fa998.request
FIFO compiler acquired UTC: 2026-10-05T04:46:12.327168+00:00


ℹ [9234/9259] Replayed Theorems.Thm_StickyKakeya4_native_coarse_slope_occupancy
info: stdout:
FIFO compiler ticket: 01791175610590992269-4aecaeb1754245eda4cef3091075a95b.request
FIFO compiler acquired UTC: 2026-10-05T04:47:31.258659+00:00


ℹ [9235/9259] Replayed Theorems.Thm_StickyKakeya4_native_coarse_ancestor_counts
info: stdout:
FIFO compiler ticket: 01791176648444762807-aa3276fe7c0b4f6e85c6da822df49f70.request
FIFO compiler acquired UTC: 2026-10-05T05:04:08.445525+00:00


ℹ [9236/9259] Replayed Theorems.Thm_StickyKakeya4_native_dense_retained_unit_parent
info: stdout:
FIFO compiler ticket: 01791176674177708699-9885d403915a4fcda97a90807ffb5b9c.request
FIFO compiler acquired UTC: 2026-10-05T05:05:15.434710+00:00


ℹ [9237/9259] Replayed Theorems.Thm_StickyKakeya4_native_padded_source_ad_lower
info: stdout:
FIFO compiler ticket: 01791176789077551715-38db61622fb947559684b86e98c7791c.request
FIFO compiler acquired UTC: 2026-10-05T05:06:29.078233+00:00


ℹ [9238/9259] Replayed Theorems.Thm_StickyKakeya4_native_local_parent_ad
info: stdout:
FIFO compiler ticket: 01791176819735804125-708c5b79a6344acea9d610fd98ec31bb.request
FIFO compiler acquired UTC: 2026-10-05T05:06:59.736883+00:00


ℹ [9239/9259] Replayed Theorems.Thm_StickyKakeya4_native_local_parent_cw
info: stdout:
FIFO compiler ticket: 01791176991628002647-71dae00629014600b211d4eca51aee29.request
FIFO compiler acquired UTC: 2026-10-05T05:09:51.628357+00:00


ℹ [9240/9259] Replayed Theorems.Thm_StickyKakeya4_native_local_pair_fibers
info: stdout:
FIFO compiler ticket: 01791176851951830535-3cfe466178c041d78267ffe258a87439.request
FIFO compiler acquired UTC: 2026-10-05T05:07:31.952699+00:00


ℹ [9241/9259] Replayed Theorems.Thm_StickyKakeya4_native_local_pair_uniform_core
info: stdout:
FIFO compiler ticket: 01791176902497953596-b27acf5f9cc84b27a963980ba2010559.request
FIFO compiler acquired UTC: 2026-10-05T05:08:22.498444+00:00


ℹ [9242/9259] Replayed Theorems.Thm_StickyKakeya4_native_original_parent_density_core
info: stdout:
FIFO compiler ticket: 01791178101766421840-bd3719be3cda4b6296c6ced5e2aab833.request
FIFO compiler acquired UTC: 2026-10-05T05:28:21.766773+00:00


ℹ [9243/9259] Replayed Theorems.Thm_StickyKakeya4_native_local_admission_budget
info: stdout:
FIFO compiler ticket: 01791178123875430926-c1e56d5c86af4a57aad191fe0c91f0c7.request
FIFO compiler acquired UTC: 2026-10-05T05:28:43.875830+00:00


ℹ [9244/9259] Replayed Theorems.Thm_StickyKakeya4_native_actual_local_density
info: stdout:
FIFO compiler ticket: 01791178134652417318-9bd7661c29494d46a00c2a9847370fb9.request
FIFO compiler acquired UTC: 2026-10-05T05:28:54.652801+00:00


ℹ [9245/9259] Replayed Theorems.Thm_StickyKakeya4_native_local_parent_multiplicity
info: stdout:
FIFO compiler ticket: 01791176975497684793-b1e5ca87815440e0973e253a01441678.request
FIFO compiler acquired UTC: 2026-10-05T05:09:35.498310+00:00


ℹ [9246/9259] Replayed Theorems.Thm_StickyKakeya4_native_actual_local_admission
info: stdout:
FIFO compiler ticket: 01791178139673241785-ecd8956f86ef4e23af0cc58a62631f66.request
FIFO compiler acquired UTC: 2026-10-05T05:28:59.673617+00:00


ℹ [9247/9259] Replayed Theorems.Thm_StickyKakeya4_native_fixed_compact_kakeya_exponent
info: stdout:
FIFO compiler ticket: 01791178145716640737-a948261f5639427eb3174384c6e9f197.request
FIFO compiler acquired UTC: 2026-10-05T05:29:05.717002+00:00


ℹ [9248/9259] Replayed Theorems.Thm_StickyKakeya4_native_padded_source_ad_upper
info: stdout:
FIFO compiler ticket: 01791178151337727514-edd6e3c43e7641f98eb3682bc1199085.request
FIFO compiler acquired UTC: 2026-10-05T05:29:11.338086+00:00


ℹ [9249/9259] Replayed Theorems.Thm_StickyKakeya4_native_padded_source_count_budget
info: stdout:
FIFO compiler ticket: 01791178155954169800-a9b4087ab4d0466aaf80e2e51de27106.request
FIFO compiler acquired UTC: 2026-10-05T05:29:15.954621+00:00


ℹ [9250/9259] Replayed Theorems.Thm_StickyKakeya4_native_padded_source_density
info: stdout:
FIFO compiler ticket: 01791178160606471823-91c637e11b494e57b0e70ae4b03dea43.request
FIFO compiler acquired UTC: 2026-10-05T05:29:20.606990+00:00


ℹ [9251/9259] Replayed Theorems.Thm_StickyKakeya4_native_padded_source_power_budget
info: stdout:
FIFO compiler ticket: 01791178165140667962-10cd645565c943b980757759cf99b739.request
FIFO compiler acquired UTC: 2026-10-05T05:29:25.141032+00:00


ℹ [9252/9259] Replayed Theorems.Thm_StickyKakeya4_native_padded_source_admissibility
info: stdout:
FIFO compiler ticket: 01791178170066937650-89547e21452d4b658e58dcd9d53fbaeb.request
FIFO compiler acquired UTC: 2026-10-05T05:29:30.067289+00:00


ℹ [9253/9259] Replayed Theorems.Thm_StickyKakeya4_native_compact_normalized_source
info: stdout:
FIFO compiler ticket: 01791178175552705074-93d2c12ce8284f3b8e33b305ecfa4c3d.request
FIFO compiler acquired UTC: 2026-10-05T05:29:35.553156+00:00


ℹ [9254/9259] Replayed Theorems.Thm_StickyKakeya4_native_fixed_compact_normalized_near
info: stdout:
FIFO compiler ticket: 01791178183744001840-de6ea915a42b4671bd454d1f14ae086c.request
FIFO compiler acquired UTC: 2026-10-05T05:29:43.744697+00:00


ℹ [9255/9259] Replayed Theorems.Thm_StickyKakeya4_native_fixed_compact_multiplicity
info: stdout:
FIFO compiler ticket: 01791178191139436740-92c7d31e320647a78f062db15c5d5b3c.request
FIFO compiler acquired UTC: 2026-10-05T05:29:51.139807+00:00


ℹ [9256/9259] Built Theorems.Thm_StickyKakeya4_native_local_transfer_budget (103s)
info: stdout:
FIFO compiler ticket: 01791186790241007505-f38c05829857418cbded212db1a05a79.request
FIFO compiler acquired UTC: 2026-10-05T07:53:10.242006+00:00


ℹ [9257/9259] Built Theorems.Thm_StickyKakeya4_native_actual_local_extremal (97s)
info: stdout:
FIFO compiler ticket: 01791186893918340151-674bba8e22f54d1683c0e2a24dc6b35e.request
FIFO compiler acquired UTC: 2026-10-05T07:54:53.919068+00:00


ℹ [9258/9268] Built Theorems.Thm_StickyKakeya4_native_actual_local_power_upper (109s)
info: stdout:
FIFO compiler ticket: 01791186991802098413-c567d6ef17274057a74e92e33305262c.request
FIFO compiler acquired UTC: 2026-10-05T07:56:31.802713+00:00


ℹ [9259/9268] Built Theorems.Thm_StickyKakeya4_original_incidence_height_population (19s)
info: stdout:
FIFO compiler ticket: 01791187101383686402-6651013090234acabf5694cb6a9bde57.request
FIFO compiler acquired UTC: 2026-10-05T07:58:21.384626+00:00


ℹ [9260/9268] Built Theorems.Thm_StickyKakeya4_native_coarse_original_incidences (74s)
info: stdout:
FIFO compiler ticket: 01791187121168917678-6123e084daeb4950abf079f97e696671.request
FIFO compiler acquired UTC: 2026-10-05T07:58:41.169803+00:00


ℹ [9261/9269] Built Theorems.Thm_StickyKakeya4_native_coarse_original_geometry (101s)
info: stdout:
FIFO compiler ticket: 01791187195670208113-14dac6ca79d74a0bae0d34328fcd72b7.request
FIFO compiler acquired UTC: 2026-10-05T07:59:55.671109+00:00


ℹ [9262/9274] Built Theorems.Thm_StickyKakeya4_native_coarse_original_heights (86s)
info: stdout:
FIFO compiler ticket: 01791187297362040272-49deae4862b845ffb899d0e0f0166518.request
FIFO compiler acquired UTC: 2026-10-05T08:01:37.362983+00:00


ℹ [9263/9274] Replayed Theorems.Thm_StickyKakeya4_native_coarse_dyadic_shading
info: stdout:
FIFO compiler ticket: 01791178285242878138-442c3205aeb043088d33fcc2bb63e0ce.request
FIFO compiler acquired UTC: 2026-10-05T05:31:25.243253+00:00


ℹ [9264/9274] Built Theorems.Thm_StickyKakeya4_native_source_coarse_readback (64s)
info: stdout:
FIFO compiler ticket: 01791187383832977199-21540cfb0b594172bddb4bb0ab69bfb2.request
FIFO compiler acquired UTC: 2026-10-05T08:03:03.833857+00:00


ℹ [9265/9274] Replayed Theorems.Thm_StickyKakeya4_native_coarse_color_selection
info: stdout:
FIFO compiler ticket: 01791175692328086989-77e8922b612d4210981ad9a699cf9d7a.request
FIFO compiler acquired UTC: 2026-10-05T04:48:58.708742+00:00


ℹ [9266/9274] Replayed Theorems.Thm_StickyKakeya4_native_coarse_cw_transfer
info: stdout:
FIFO compiler ticket: 01791178310325573338-c90ba7cc2f1b42a3b6beb305cd5138ae.request
FIFO compiler acquired UTC: 2026-10-05T05:31:50.326113+00:00


ℹ [9267/9277] Built Theorems.Thm_StickyKakeya4_native_dense_source_coarse_family (88s)
info: stdout:
FIFO compiler ticket: 01791187448337605880-8ad3b0f6c2d54b97ba5c2d1ebb12cb26.request
FIFO compiler acquired UTC: 2026-10-05T08:04:08.338628+00:00


ℹ [9268/9277] Replayed Theorems.Thm_StickyKakeya4_native_coarse_direction_thinning
info: stdout:
FIFO compiler ticket: 01791175808807595517-3fbc28f3180649faa3543e777624adc4.request
FIFO compiler acquired UTC: 2026-10-05T04:51:23.938056+00:00


ℹ [9269/9277] Built Theorems.Thm_StickyKakeya4_native_dyadic_coarse_normalization (110s)
info: stdout:
FIFO compiler ticket: 01791187536848981410-247c5987ca774957b70199dc3372b4a2.request
FIFO compiler acquired UTC: 2026-10-05T08:05:36.849610+00:00


ℹ [9270/9277] Replayed Theorems.Thm_StickyKakeya4_native_coarse_cell_source
info: stdout:
FIFO compiler ticket: 01791178290034713817-a193c2ff14bb4b68bae5990e34d0b43b.request
FIFO compiler acquired UTC: 2026-10-05T05:31:30.035143+00:00


ℹ [9271/9277] Replayed Theorems.Thm_StickyKakeya4_native_fixed_compact_incidence_parent
info: stdout:
FIFO compiler ticket: 01791178358164219495-db89b5fdcd79417d80e5c763cf0bfa8d.request
FIFO compiler acquired UTC: 2026-10-05T05:32:38.164695+00:00


ℹ [9272/9277] Built Theorems.Thm_StickyKakeya4_native_coarse_backbone_density (106s)
info: stdout:
FIFO compiler ticket: 01791187647613325460-109b8182debf4037af38953b62326dbc.request
FIFO compiler acquired UTC: 2026-10-05T08:07:27.614265+00:00


ℹ [9273/9296] Built Theorems.Thm_StickyKakeya4_native_coarse_actual_height_vertices (107s)
info: stdout:
FIFO compiler ticket: 01791187754364080522-ff05c3524f554a7482091bcc023392cd.request
FIFO compiler acquired UTC: 2026-10-05T08:09:14.365343+00:00


ℹ [9274/9296] Replayed Theorems.Thm_StickyKakeya4_native_coarse_carrier_geometry
info: stdout:
FIFO compiler ticket: 01791178315691739176-4977c1500c454bcea0bf1a151d72e313.request
FIFO compiler acquired UTC: 2026-10-05T05:31:55.692094+00:00


ℹ [9275/9296] Replayed Theorems.Thm_StickyKakeya4_native_incidence_multiplicity_tower
info: stdout:
FIFO compiler ticket: 01791178363708582788-d6c315a5d3fc4b73b1c89f7656e099d8.request
FIFO compiler acquired UTC: 2026-10-05T05:32:43.709066+00:00


ℹ [9276/9296] Replayed Theorems.Thm_StickyKakeya4_native_coarse_fine_multiplicity
info: stdout:
FIFO compiler ticket: 01791178369692687786-d35479e1aee344819184aea16c6bef61.request
FIFO compiler acquired UTC: 2026-10-05T05:32:49.693044+00:00


ℹ [9277/9296] Replayed Theorems.Thm_StickyKakeya4_native_coarse_weighted_pruning
info: stdout:
FIFO compiler ticket: 01791178273205369524-21858b413b48454196e7db19fe931cf8.request
FIFO compiler acquired UTC: 2026-10-05T05:31:13.205821+00:00


ℹ [9278/9296] Replayed Theorems.Thm_StickyKakeya4_native_coarse_pruning_budget
info: stdout:
FIFO compiler ticket: 01791178279617178999-1675b96058084fcf8702b3473dad0010.request
FIFO compiler acquired UTC: 2026-10-05T05:31:19.617573+00:00


ℹ [9279/9296] Replayed Theorems.Thm_StickyKakeya4_native_coarse_shading_pruning
info: stdout:
FIFO compiler ticket: 01791178294905024601-01be39ea306e4668a61b56cacd7bc6b4.request
FIFO compiler acquired UTC: 2026-10-05T05:31:34.905554+00:00


ℹ [9280/9296] Replayed Theorems.Thm_StickyKakeya4_native_coarse_mass_budget
info: stdout:
FIFO compiler ticket: 01791178299839884226-962afca9f16946fb98b3b8c1a0ccec2b.request
FIFO compiler acquired UTC: 2026-10-05T05:31:39.840250+00:00

info: Theorems/Thm_StickyKakeya4_native_coarse_mass_budget.lean:113:89: Try this:
  [apply] ring_nf
  
  The `ring` tactic failed to close the goal. Use `ring_nf` to obtain a normal form.
    
  Note that `ring` works primarily in *commutative* rings. If you have a noncommutative ring, abelian group or module, consider using `noncomm_ring`, `abel` or `module` instead.
info: stdout:
FIFO compiler ticket: 01791178299839884226-962afca9f16946fb98b3b8c1a0ccec2b.request
FIFO compiler acquired UTC: 2026-10-05T05:31:39.840250+00:00


ℹ [9281/9296] Replayed Theorems.Thm_StickyKakeya4_native_coarse_source_profiles
info: stdout:
FIFO compiler ticket: 01791178321093517346-31addc757c14420b9a800aa67b6d34ff.request
FIFO compiler acquired UTC: 2026-10-05T05:32:01.093951+00:00


ℹ [9282/9296] Replayed Theorems.Thm_StickyKakeya4_native_coarse_source_mass
info: stdout:
FIFO compiler ticket: 01791178326128840956-17d59e66073a479197f5aedb80e2d655.request
FIFO compiler acquired UTC: 2026-10-05T05:32:06.129191+00:00


ℹ [9283/9296] Replayed Theorems.Thm_StickyKakeya4_native_coarse_relative_cw
info: stdout:
FIFO compiler ticket: 01791178337596885457-8cbceb019dc5494483ebea13272c2db1.request
FIFO compiler acquired UTC: 2026-10-05T05:32:17.597244+00:00


ℹ [9284/9296] Replayed Theorems.Thm_StickyKakeya4_native_coarse_power_window
info: stdout:
FIFO compiler ticket: 01791178343044267203-38046685a04c4a8fb797a13839037982.request
FIFO compiler acquired UTC: 2026-10-05T05:32:23.044658+00:00


ℹ [9285/9296] Replayed Theorems.Thm_StickyKakeya4_native_coarse_native_admissibility
info: stdout:
FIFO compiler ticket: 01791178347742656206-1d5ce6b44afe48e7aad42dbbbd15402e.request
FIFO compiler acquired UTC: 2026-10-05T05:32:27.743002+00:00


ℹ [9286/9296] Built Theorems.Thm_StickyKakeya4_native_coarse_multiplicity_power (112s)
info: stdout:
FIFO compiler ticket: 01791187862124449730-dad0da1b88a440e89e5eadeb97d324ee.request
FIFO compiler acquired UTC: 2026-10-05T08:11:02.125221+00:00


ℹ [9287/9297] Built Theorems.Thm_StickyKakeya4_original_w_physical_displacement (26s)
info: stdout:
FIFO compiler ticket: 01791187974424178677-6023ad4e754d4fee8ab66c48d8da094d.request
FIFO compiler acquired UTC: 2026-10-05T08:12:54.425160+00:00


ℹ [9288/9297] Built Theorems.Thm_StickyKakeya4_native_compact_occupied_ancestors (80s)
info: stdout:
FIFO compiler ticket: 01791188001438022400-9f7ef46181484261ab261db5e36d6d90.request
FIFO compiler acquired UTC: 2026-10-05T08:13:21.438701+00:00


ℹ [9289/9298] Built Theorems.Thm_StickyKakeya4_original_w_adapted_boxes (21s)
info: stdout:
FIFO compiler ticket: 01791188081425763412-bc7a63fa88bd468999e8aa199dac80e5.request
FIFO compiler acquired UTC: 2026-10-05T08:14:41.426660+00:00


ℹ [9290/9298] Built Theorems.Thm_StickyKakeya4_native_compact_parent_exponent (95s)
info: stdout:
FIFO compiler ticket: 01791188102863511891-f0f9b3047a8046f2bda96c076402894b.request
FIFO compiler acquired UTC: 2026-10-05T08:15:02.864260+00:00


ℹ [9291/9298] Built Theorems.Thm_StickyKakeya4_original_w_grain_drift (8.9s)
info: stdout:
FIFO compiler ticket: 01791188198541453829-9006cba9dccd44fcada9ec443820a07a.request
FIFO compiler acquired UTC: 2026-10-05T08:16:38.542288+00:00


ℹ [9292/9298] Built Theorems.Thm_StickyKakeya4_native_compact_volume_transport (51s)
info: stdout:
FIFO compiler ticket: 01791188207601503706-637f75ea927e49c9aaec067bf7a95cab.request
FIFO compiler acquired UTC: 2026-10-05T08:16:47.601964+00:00


ℹ [9293/9300] Built Theorems.Thm_StickyKakeya4_original_phase_cell_population (6.5s)
info: stdout:
FIFO compiler ticket: 01791188259137918595-556b9022a0ac4e61a89c9d603a126639.request
FIFO compiler acquired UTC: 2026-10-05T08:17:39.138288+00:00


ℹ [9294/9300] Built Theorems.Thm_StickyKakeya4_original_phase_grid_population (6.4s)
info: stdout:
FIFO compiler ticket: 01791188265689444552-daffacdd9ce74fafad7f0cdc69ccf1c1.request
FIFO compiler acquired UTC: 2026-10-05T08:17:45.689947+00:00


ℹ [9295/9300] Built Theorems.Thm_StickyKakeya4_native_euclidean_cover_input (83s)
info: stdout:
FIFO compiler ticket: 01791188272291466459-d1060b989d424fdb88c1ed12ce0173eb.request
FIFO compiler acquired UTC: 2026-10-05T08:17:52.291863+00:00


ℹ [9296/9302] Built Theorems.Thm_StickyKakeya4_original_window_physical_cells (19s)
info: stdout:
FIFO compiler ticket: 01791188355695547926-4392430dd1f84da392d7b77d95e1e859.request
FIFO compiler acquired UTC: 2026-10-05T08:19:15.696818+00:00


ℹ [9297/9302] Built Theorems.Thm_StickyKakeya4_native_cover_ad_representatives (107s)
info: stdout:
FIFO compiler ticket: 01791188375607436530-4d93cad06d594fadb281df54bd4dfa13.request
FIFO compiler acquired UTC: 2026-10-05T08:19:35.608340+00:00


ℹ [9298/9302] Built Theorems.Thm_StickyKakeya4_original_tube_slice_occupancy (21s)
info: stdout:
FIFO compiler ticket: 01791188483293716113-f0b0e006d6ac49e0b78e55f392d9bd63.request
FIFO compiler acquired UTC: 2026-10-05T08:21:23.294505+00:00


ℹ [9299/9302] Built Theorems.Thm_StickyKakeya4_native_unit_parent_shadings (94s)
info: stdout:
FIFO compiler ticket: 01791188504738866727-530532abce204845a9cfa70af06865e1.request
FIFO compiler acquired UTC: 2026-10-05T08:21:44.740151+00:00


ℹ [9300/9302] Built Theorems.Thm_StickyKakeya4_native_coarse_phase_geometry (96s)
info: stdout:
FIFO compiler ticket: 01791188599190696886-cce099d236c84f00a5192e96fdaca84f.request
FIFO compiler acquired UTC: 2026-10-05T08:23:19.191558+00:00


ℹ [9301/9306] Built Theorems.Thm_StickyKakeya4_native_dense_normalized_parent (88s)
info: stdout:
FIFO compiler ticket: 01791188695394219740-06449dd848ea49bbbe17ee35d66e87c4.request
FIFO compiler acquired UTC: 2026-10-05T08:24:55.395099+00:00


ℹ [9302/9306] Built Theorems.Thm_StickyKakeya4_native_original_parent_union (102s)
info: stdout:
FIFO compiler ticket: 01791188784208524498-72c84527e4ba4828b66c5bf249edc7fd.request
FIFO compiler acquired UTC: 2026-10-05T08:26:24.209354+00:00


ℹ [9303/9308] Built Theorems.Thm_StickyKakeya4_native_original_alignment_geometry (87s)
info: stdout:
FIFO compiler ticket: 01791188886896699232-7d396eafb9284b4d97b3205adc6835d8.request
FIFO compiler acquired UTC: 2026-10-05T08:28:06.897514+00:00


ℹ [9304/9310] Built Theorems.Thm_StickyKakeya4_native_normalized_parent_output (86s)
info: stdout:
FIFO compiler ticket: 01791188974751491088-1f03c291ba3742308d618c57c5efab33.request
FIFO compiler acquired UTC: 2026-10-05T08:29:34.752140+00:00


ℹ [9305/9311] Built Theorems.Thm_StickyKakeya4_native_literal_scalar_bounds (105s)
info: stdout:
FIFO compiler ticket: 01791189061426139509-ffb3407a34cf4d66ab3517e7ba1b30a0.request
FIFO compiler acquired UTC: 2026-10-05T08:31:01.426992+00:00


ℹ [9306/9311] Built Theorems.Thm_StickyKakeya4_native_original_ad_alignment (120s)
info: stdout:
FIFO compiler ticket: 01791189167046120852-344ae883d596494f8bbee77a97f2d8c9.request
FIFO compiler acquired UTC: 2026-10-05T08:32:47.046882+00:00


ℹ [9307/9312] Built Theorems.Thm_StickyKakeya4_native_top_scale_selection (95s)
info: stdout:
FIFO compiler ticket: 01791189287168198908-2a07628f99394bc1a6990e88c60a1aa1.request
FIFO compiler acquired UTC: 2026-10-05T08:34:47.169011+00:00


ℹ [9308/9312] Built Theorems.Thm_StickyKakeya4_native_uniform_output_bounds (115s)
info: stdout:
FIFO compiler ticket: 01791189382569979044-2c9ef20b102240fc9b64862a1650561d.request
FIFO compiler acquired UTC: 2026-10-05T08:36:22.570694+00:00


ℹ [9309/9312] Built Theorems.Thm_StickyKakeya4_native_fixed_compact_normalized_near_height (113s)
info: stdout:
FIFO compiler ticket: 01791189498306066021-1aea1bea71dd4403891c108da6ef6fe2.request
FIFO compiler acquired UTC: 2026-10-05T08:38:18.306829+00:00


ℹ [9310/9312] Built Theorems.Thm_StickyKakeya4_native_fixed_compact_slice_population (89s)
info: stdout:
FIFO compiler ticket: 01791189611356090778-5e1a30566f1c461288f895756f52d01d.request
FIFO compiler acquired UTC: 2026-10-05T08:40:11.356870+00:00


ℹ [9311/9318] Built Theorems.Thm_StickyKakeya4_native_final_original_alignment (82s)
info: stdout:
FIFO compiler ticket: 01791189700303115648-3240650328c74e90b7a3e36e9e4af9bf.request
FIFO compiler acquired UTC: 2026-10-05T08:41:40.303944+00:00


ℹ [9312/9318] Replayed Theorems.Thm_StickyKakeya4_native_original_coarse_selection_with_retention
info: stdout:
FIFO compiler ticket: 01791178304945947020-620e3879a6254e598d6e00a9adaa1b3b.request
FIFO compiler acquired UTC: 2026-10-05T05:31:44.946293+00:00


ℹ [9313/9318] Replayed Theorems.Thm_StickyKakeya4_native_original_coarse_admission_with_retention
info: stdout:
FIFO compiler ticket: 01791178352762637060-587e7e34648d450fbe682778ab3c9509.request
FIFO compiler acquired UTC: 2026-10-05T05:32:32.762985+00:00


ℹ [9314/9318] Replayed Theorems.Thm_StickyKakeya4_native_full_coarse_shadow
info: stdout:
FIFO compiler ticket: 01791178331813718890-f9fcdf65ec574d54aa0c62c59c0532da.request
FIFO compiler acquired UTC: 2026-10-05T05:32:11.814078+00:00


ℹ [9315/9319] Replayed Theorems.Thm_StickyKakeya4_native_full_coarse_extremal_consumer
info: stdout:
FIFO compiler ticket: 01791178374570554355-5db187f0e891464196d13a9e3cff94c9.request
FIFO compiler acquired UTC: 2026-10-05T05:32:54.571004+00:00


ℹ [9316/9319] Built Theorems.Thm_StickyKakeya4_native_full_coarse_power_consumer (81s)
info: stdout:
FIFO compiler ticket: 01791189782716439072-564339c2586c4ee3905c4db676b44482.request
FIFO compiler acquired UTC: 2026-10-05T08:43:02.718039+00:00


ℹ [9317/9320] Built Theorems.Thm_StickyKakeya4_native_kakeya_volume_interface (84s)
info: stdout:
FIFO compiler ticket: 01791189863876261641-608fa8ba88494be4a91619fda6b3f62b.request
FIFO compiler acquired UTC: 2026-10-05T08:44:23.877459+00:00


ℹ [9318/9320] Built Theorems.Thm_StickyKakeya4_native_literal_aligned_set (86s)
info: stdout:
FIFO compiler ticket: 01791189948660354500-9a18dc7f8b804f3ab641b313f32b2dbc.request
FIFO compiler acquired UTC: 2026-10-05T08:45:48.661117+00:00


ℹ [9319/9331] Built Theorems.Thm_StickyKakeya4_native_near_extremal_coarse_family (90s)
info: stdout:
FIFO compiler ticket: 01791190034818625762-3f97d7883a0f414d9100d421e01c842c.request
FIFO compiler acquired UTC: 2026-10-05T08:47:14.819349+00:00


ℹ [9320/9331] Built Theorems.Thm_StickyKakeya4_original_three_dimensional_band_geometry (111s)
info: stdout:
FIFO compiler ticket: 01791190125645721915-58ce1889ec44443fbd5d43916c0bf7af.request
FIFO compiler acquired UTC: 2026-10-05T08:48:45.646436+00:00


ℹ [9321/9332] Built Theorems.Thm_StickyKakeya4_original_three_dimensional_direction_grid (76s)
info: stdout:
FIFO compiler ticket: 01791190237127820523-cfc9f9c56c9048adb223053db4837a1d.request
FIFO compiler acquired UTC: 2026-10-05T08:50:37.128728+00:00


ℹ [9322/9335] Built Theorems.Thm_StickyKakeya4_original_three_dimensional_heavy_slabs (82s)
info: stdout:
FIFO compiler ticket: 01791190313305711838-90fc6dde01e541008db79ad9e318525a.request
FIFO compiler acquired UTC: 2026-10-05T08:51:53.306480+00:00


ℹ [9323/9338] Built Theorems.Thm_StickyKakeya4_original_three_dimensional_heavy_slice_graph (68s)
info: stdout:
FIFO compiler ticket: 01791190395690573978-ca85130b834744a9b3efa386290536f4.request
FIFO compiler acquired UTC: 2026-10-05T08:53:15.691415+00:00


ℹ [9324/9338] Built Theorems.Thm_StickyKakeya4_original_three_dimensional_unit_slabs (100s)
info: stdout:
FIFO compiler ticket: 01791190464344692086-de8d12f416d74823a7d313acb22be685.request
FIFO compiler acquired UTC: 2026-10-05T08:54:24.346903+00:00


ℹ [9325/9338] Built Theorems.Thm_StickyKakeya4_original_three_dimensional_tube_slab (84s)
info: stdout:
FIFO compiler ticket: 01791190564845828405-0485f22339aa42dabe9da36cb76bb348.request
FIFO compiler acquired UTC: 2026-10-05T08:56:04.846495+00:00


ℹ [9326/9339] Built Theorems.Thm_StickyKakeya4_original_three_dimensional_unit_normals (43s)
info: stdout:
FIFO compiler ticket: 01791190649562945149-a5038dfc5dea43bebaeb5fd1a2e730c2.request
FIFO compiler acquired UTC: 2026-10-05T08:57:29.563738+00:00


ℹ [9327/9339] Built Theorems.Thm_StickyKakeya4_original_three_dimensional_slice_maximizer (82s)
info: stdout:
FIFO compiler ticket: 01791190693590338798-004303e9bb454460837da75be032041a.request
FIFO compiler acquired UTC: 2026-10-05T08:58:13.590807+00:00


ℹ [9328/9339] Built Theorems.Thm_StickyKakeya4_original_three_dimensional_cross_geometry (103s)
info: stdout:
FIFO compiler ticket: 01791190775619237373-5b7a7f18cf4c43059bc155cbe7953f52.request
FIFO compiler acquired UTC: 2026-10-05T08:59:35.620120+00:00


ℹ [9329/9339] Built Theorems.Thm_StickyKakeya4_original_three_dimensional_cap_coordinates (86s)
info: stdout:
FIFO compiler ticket: 01791190879486086497-3f1ca5c6edc14921b900bf8333e55399.request
FIFO compiler acquired UTC: 2026-10-05T09:01:19.486977+00:00


ℹ [9330/9342] Built Theorems.Thm_StickyKakeya4_original_three_dimensional_small_slice_branch (91s)
info: stdout:
FIFO compiler ticket: 01791190965897181303-2635222c907d40639ac509c7365c340d.request
FIFO compiler acquired UTC: 2026-10-05T09:02:45.897624+00:00


ℹ [9331/9342] Built Theorems.Thm_StickyKakeya4_original_three_dimensional_slab_overlap (104s)
info: stdout:
FIFO compiler ticket: 01791191057666078663-855ae55fb8034e89b0605bd2b653ac52.request
FIFO compiler acquired UTC: 2026-10-05T09:04:17.666915+00:00


ℹ [9332/9342] Built Theorems.Thm_StickyKakeya4_original_three_dimensional_cap_count (105s)
info: stdout:
FIFO compiler ticket: 01791191162231901620-5efd8b5ae7e24c859f3420d693754ee4.request
FIFO compiler acquired UTC: 2026-10-05T09:06:02.233724+00:00


ℹ [9333/9342] Built Theorems.Thm_StickyKakeya4_original_three_dimensional_tube_cover (84s)
info: stdout:
FIFO compiler ticket: 01791191267513589754-30b68dbe1aa848f49683b4987f9b67b9.request
FIFO compiler acquired UTC: 2026-10-05T09:07:47.515462+00:00


ℹ [9334/9342] Built Theorems.Thm_StickyKakeya4_original_three_dimensional_narrow_slab_overlap (73s)
info: stdout:
FIFO compiler ticket: 01791191352103815578-90c498dcaa41441cac4586c62ac427e2.request
FIFO compiler acquired UTC: 2026-10-05T09:09:12.104774+00:00


ℹ [9335/9342] Built Theorems.Thm_StickyKakeya4_original_three_dimensional_cap_distance (81s)
info: stdout:
FIFO compiler ticket: 01791191425212064252-b0f592b365a54ba997d97ced02055466.request
FIFO compiler acquired UTC: 2026-10-05T09:10:25.212472+00:00


ℹ [9336/9342] Built Theorems.Thm_StickyKakeya4_original_three_dimensional_tube_frostman (103s)
info: stdout:
FIFO compiler ticket: 01791191506458683749-0678f742aa93468b97333cc9395bad66.request
FIFO compiler acquired UTC: 2026-10-05T09:11:46.459179+00:00


ℹ [9337/9342] Built Theorems.Thm_StickyKakeya4_original_three_dimensional_annular_slab_charge (63s)
info: stdout:
FIFO compiler ticket: 01791191609980761191-15106d7a40224ca49901bfdd9474bd1e.request
FIFO compiler acquired UTC: 2026-10-05T09:13:29.981580+00:00


ℹ [9338/9342] Built Theorems.Thm_StickyKakeya4_original_three_dimensional_separated_normals (80s)
info: stdout:
FIFO compiler ticket: 01791191673470369461-e35af64d9adb4c5f84b1077726b56707.request
FIFO compiler acquired UTC: 2026-10-05T09:14:33.471217+00:00


ℹ [9339/9343] Built Theorems.Thm_StickyKakeya4_original_three_dimensional_expanded_band_count (71s)
info: stdout:
FIFO compiler ticket: 01791191753943704864-0e9ab282dd7d43eda6e502a87bbb40ee.request
FIFO compiler acquired UTC: 2026-10-05T09:15:53.944473+00:00


ℹ [9340/9343] Built Theorems.Thm_StickyKakeya4_native_three_dimensional_small_slice (80s)
info: stdout:
FIFO compiler ticket: 01791191825673575082-a73ea567182548cda671a1c919b6c86f.request
FIFO compiler acquired UTC: 2026-10-05T09:17:05.674081+00:00


ℹ [9341/9347] Built Theorems.Thm_StickyKakeya4_original_three_dimensional_nonconcentrated_row_mass (82s)
info: stdout:
FIFO compiler ticket: 01791191906033501713-7e3a3cf9fdcb4fff9cbd8f2a8e92fe94.request
FIFO compiler acquired UTC: 2026-10-05T09:18:26.033915+00:00


ℹ [9342/9347] Built Theorems.Thm_StickyKakeya4_original_three_dimensional_large_slice_population (100s)
info: stdout:
FIFO compiler ticket: 01791191988545367337-35486a3dce4a483687a1aa68cd9b2919.request
FIFO compiler acquired UTC: 2026-10-05T09:19:48.546439+00:00


ℹ [9343/9347] Built Theorems.Thm_StickyKakeya4_original_three_dimensional_middle_slice_branch (90s)
info: stdout:
FIFO compiler ticket: 01791192088521350125-19a65d28f6e647cebecda29ceae5e40b.request
FIFO compiler acquired UTC: 2026-10-05T09:21:28.522208+00:00


ℹ [9344/9347] Built Theorems.Thm_StickyKakeya4_original_three_dimensional_common_slice_radius (86s)
info: stdout:
FIFO compiler ticket: 01791192179451620257-3fe3dcb4472c49e9adfe914f11e94ef7.request
FIFO compiler acquired UTC: 2026-10-05T09:22:59.452282+00:00


ℹ [9345/9347] Built Theorems.Thm_StickyKakeya4_original_three_dimensional_common_pair_radius (90s)
info: stdout:
FIFO compiler ticket: 01791192265638709542-0c4fe1b7e92b4b27916e32a62cee4d12.request
FIFO compiler acquired UTC: 2026-10-05T09:24:25.639857+00:00


ℹ [9346/9350] Built Theorems.Thm_StickyKakeya4_native_original_concentrated_pair_graph (101s)
info: stdout:
FIFO compiler ticket: 01791192355942628390-a9d6aa134e2942c08932845f95af9e6d.request
FIFO compiler acquired UTC: 2026-10-05T09:25:55.943550+00:00


ℹ [9347/9353] Built Theorems.Thm_StickyKakeya4_original_three_dimensional_tube_parameters (105s)
info: stdout:
FIFO compiler ticket: 01791192457114423952-7a315ca6fdb14de58cce379de83f057b.request
FIFO compiler acquired UTC: 2026-10-05T09:27:37.115290+00:00


ℹ [9348/9354] Built Theorems.Thm_StickyKakeya4_original_three_dimensional_pair_tube_family (98s)
info: stdout:
FIFO compiler ticket: 01791192562275419558-f996905f4fef44aabdc0338eea122cc5.request
FIFO compiler acquired UTC: 2026-10-05T09:29:22.276144+00:00


ℹ [9349/9354] Built Theorems.Thm_StickyKakeya4_original_tube_parameter_integer_count (85s)
info: stdout:
FIFO compiler ticket: 01791192660734577540-5184ae32870e4e9c8aee0da119ee3856.request
FIFO compiler acquired UTC: 2026-10-05T09:31:00.735220+00:00


ℹ [9350/9354] Built Theorems.Thm_StickyKakeya4_original_three_dimensional_common_chart (41s)
info: stdout:
FIFO compiler ticket: 01791192746452501043-e54cf5f31ec945279dcc7d37456a26e1.request
FIFO compiler acquired UTC: 2026-10-05T09:32:26.452989+00:00


ℹ [9351/9354] Built Theorems.Thm_StickyKakeya4_original_three_dimensional_heavy_cube_shading (52s)
info: stdout:
FIFO compiler ticket: 01791192787672231908-e6592b5ab5e141568724214141f5d209.request
FIFO compiler acquired UTC: 2026-10-05T09:33:07.673016+00:00


ℹ [9352/9356] Built Theorems.Thm_StickyKakeya4_original_three_dimensional_tube_incidence_energy (51s)
info: stdout:
FIFO compiler ticket: 01791192840010212891-758377a62b0e456ab6786002c1035c93.request
FIFO compiler acquired UTC: 2026-10-05T09:34:00.010628+00:00


ℹ [9353/9356] Built Theorems.Thm_StickyKakeya4_original_three_dimensional_direct_transverse_hairbrush (133s)
info: stdout:
FIFO compiler ticket: 01791192891846829650-98d42788f10f46f6b6128d8cd957e6e7.request
FIFO compiler acquired UTC: 2026-10-05T09:34:51.847280+00:00


ℹ [9354/9356] Built Theorems.Thm_StickyKakeya4_original_three_dimensional_shade_local_count (45s)
info: stdout:
FIFO compiler ticket: 01791193025629122880-8cbd6b02b4f04f739a1f3af28efbd8e4.request
FIFO compiler acquired UTC: 2026-10-05T09:37:05.629625+00:00


ℹ [9355/9361] Built Theorems.Thm_StickyKakeya4_original_three_dimensional_near_stem_shade (49s)
info: stdout:
FIFO compiler ticket: 01791193071021979975-670b6bc5612f4635a7b048d419c30fe1.request
FIFO compiler acquired UTC: 2026-10-05T09:37:51.022537+00:00


ℹ [9356/9361] Built Theorems.Thm_StickyKakeya4_original_three_dimensional_pencil_geometry (64s)
info: stdout:
FIFO compiler ticket: 01791193120869774790-839c676f84cf44f39f9df19e437bfb84.request
FIFO compiler acquired UTC: 2026-10-05T09:38:40.870684+00:00


ℹ [9357/9361] Built Theorems.Thm_StickyKakeya4_original_three_dimensional_pencil_unit_slabs (91s)
info: stdout:
FIFO compiler ticket: 01791193185280368314-c79bf0d8ecfb420880fb8cfd70e34874.request
FIFO compiler acquired UTC: 2026-10-05T09:39:45.281161+00:00


ℹ [9358/9363] Built Theorems.Thm_StickyKakeya4_original_three_dimensional_pencil_overlap (81s)
info: stdout:
FIFO compiler ticket: 01791193276562699952-6040bf671da644c09abb71790b1dfb89.request
FIFO compiler acquired UTC: 2026-10-05T09:41:16.563453+00:00


ℹ [9359/9367] Built Theorems.Thm_StickyKakeya4_original_three_dimensional_pencil_partition (101s)
info: stdout:
FIFO compiler ticket: 01791193357915418120-d9ee7403a85b4ebdaefab62d2ddbfaa3.request
FIFO compiler acquired UTC: 2026-10-05T09:42:37.916004+00:00


ℹ [9360/9367] Built Theorems.Thm_StickyKakeya4_original_three_dimensional_finite_shade_union (97s)
info: stdout:
FIFO compiler ticket: 01791193459512052508-f13016aded714c3bb1595ab2ed8e4f4b.request
FIFO compiler acquired UTC: 2026-10-05T09:44:19.512954+00:00


ℹ [9361/9372] Built Theorems.Thm_StickyKakeya4_original_three_dimensional_pencil_brush_groups (88s)
info: stdout:
FIFO compiler ticket: 01791193557063165392-9c29167e4cda434cb1661d14dfdecae4.request
FIFO compiler acquired UTC: 2026-10-05T09:45:57.063934+00:00


ℹ [9362/9372] Built Theorems.Thm_StickyKakeya4_original_three_dimensional_localized_energy (93s)
info: stdout:
FIFO compiler ticket: 01791193645507370915-2156a8ee832a4decb4f462af8158ed89.request
FIFO compiler acquired UTC: 2026-10-05T09:47:25.508243+00:00


ℹ [9363/9373] Built Theorems.Thm_StickyKakeya4_original_three_dimensional_shade_group_concentration (105s)
info: stdout:
FIFO compiler ticket: 01791193739466494601-d9eaf278348344a388fe0e7e4916cdd2.request
FIFO compiler acquired UTC: 2026-10-05T09:48:59.467217+00:00


ℹ [9364/9373] Built Theorems.Thm_StickyKakeya4_original_three_dimensional_literal_slab_cover (104s)
info: stdout:
FIFO compiler ticket: 01791193844972214222-17a855f7f5094af29cb355bdafea02f9.request
FIFO compiler acquired UTC: 2026-10-05T09:50:44.973100+00:00


ℹ [9365/9373] Built Theorems.Thm_StickyKakeya4_original_three_dimensional_group_source_mass (100s)
info: stdout:
FIFO compiler ticket: 01791193949333553297-4b839aac4056413c9590b692fb1220a0.request
FIFO compiler acquired UTC: 2026-10-05T09:52:29.334360+00:00


ℹ [9366/9373] Built Theorems.Thm_StickyKakeya4_original_three_dimensional_shaded_brush_slab (109s)
info: stdout:
FIFO compiler ticket: 01791194050267951674-18ed52e9b5214e529793f81b9c382bcd.request
FIFO compiler acquired UTC: 2026-10-05T09:54:10.268666+00:00


ℹ [9367/9373] Built Theorems.Thm_StickyKakeya4_original_three_dimensional_source_hairbrush_slab (124s)
info: stdout:
FIFO compiler ticket: 01791194160123541932-4dfff3e2e8d8435d9e23cd3f9a45b8bc.request
FIFO compiler acquired UTC: 2026-10-05T09:56:00.124616+00:00


ℹ [9368/9373] Built Theorems.Thm_StickyKakeya4_native_original_concentrated_slice_closure (125s)
info: stdout:
FIFO compiler ticket: 01791194284543274166-b4404720473e4a889f889f75751f4681.request
FIFO compiler acquired UTC: 2026-10-05T09:58:04.543936+00:00


ℹ [9369/9373] Built Theorems.Thm_StickyKakeya4_original_three_dimensional_chosen_slice_tube (103s)
info: stdout:
FIFO compiler ticket: 01791194410548889710-72b2639c28514e7187d74ccd7d5cf736.request
FIFO compiler acquired UTC: 2026-10-05T10:00:10.549936+00:00


ℹ [9370/9373] Built Theorems.Thm_StickyKakeya4_original_three_dimensional_bad_radius_selection (105s)
info: stdout:
FIFO compiler ticket: 01791194514114898454-b4efa1f8bd364e44946e1a0dd41da232.request
FIFO compiler acquired UTC: 2026-10-05T10:01:54.115705+00:00


ℹ [9371/9373] Built Theorems.Thm_StickyKakeya4_original_three_dimensional_good_radius_graph (107s)
info: stdout:
FIFO compiler ticket: 01791194620011199220-79b5a52a045f4bcca0835c4fddfe268e.request
FIFO compiler acquired UTC: 2026-10-05T10:03:40.012020+00:00


ℹ [9372/9378] Built Theorems.Thm_StickyKakeya4_native_original_bad_radius_source (100s)
info: stdout:
FIFO compiler ticket: 01791194727335847933-21148c90b5cd43e5b1f9dcf69018759c.request
FIFO compiler acquired UTC: 2026-10-05T10:05:27.336656+00:00


ℹ [9373/9378] Built Theorems.Thm_StickyKakeya4_original_three_dimensional_slab_projection (88s)
info: stdout:
FIFO compiler ticket: 01791194828368111444-96a14a986b8c472296e42afc003b9446.request
FIFO compiler acquired UTC: 2026-10-05T10:07:08.368839+00:00


ℹ [9374/9380] Built Theorems.Thm_StickyKakeya4_original_three_dimensional_fiber_slab_geometry (89s)
info: stdout:
FIFO compiler ticket: 01791194916403201158-6e1e86a323a24057b08db64a5127f7dd.request
FIFO compiler acquired UTC: 2026-10-05T10:08:36.404703+00:00


ℹ [9375/9380] Built Theorems.Thm_StickyKakeya4_original_three_dimensional_cover_ball_uniformity (75s)
info: stdout:
FIFO compiler ticket: 01791195006096307383-524f57d928c04f8bac1d4b1082740dd3.request
FIFO compiler acquired UTC: 2026-10-05T10:10:06.097120+00:00


ℹ [9376/9380] Built Theorems.Thm_StickyKakeya4_original_three_dimensional_owner_tube_geometry (96s)
info: stdout:
FIFO compiler ticket: 01791195081740441526-84c385bbaec54f8f804d455925a222eb.request
FIFO compiler acquired UTC: 2026-10-05T10:11:21.741176+00:00


ℹ [9377/9383] Built Theorems.Thm_StickyKakeya4_native_original_grid_balanced_fibers (69s)
info: stdout:
FIFO compiler ticket: 01791195178206224427-3408949a8db845e284199c82908649ff.request
FIFO compiler acquired UTC: 2026-10-05T10:12:58.206947+00:00


ℹ [9378/9383] Built Theorems.Thm_StickyKakeya4_original_three_dimensional_owner_query_tube (86s)
info: stdout:
FIFO compiler ticket: 01791195247251144811-0a2e4ec71a8047ca94a5e0eea0671bc7.request
FIFO compiler acquired UTC: 2026-10-05T10:14:07.251968+00:00


ℹ [9379/9383] Built Theorems.Thm_StickyKakeya4_original_three_dimensional_raw_owner_net (84s)
info: stdout:
FIFO compiler ticket: 01791195333965312365-91d98aed5f5d4c7c83598002cd531619.request
FIFO compiler acquired UTC: 2026-10-05T10:15:33.965993+00:00


ℹ [9380/9383] Built Theorems.Thm_StickyKakeya4_original_finite_cell_weights (79s)
info: stdout:
FIFO compiler ticket: 01791195418314052164-dc086ac421eb4abc84a1f10395708b24.request
FIFO compiler acquired UTC: 2026-10-05T10:16:58.314792+00:00


ℹ [9381/9383] Built Theorems.Thm_StickyKakeya4_original_balanced_owner_counts (99s)
info: stdout:
FIFO compiler ticket: 01791195497362339650-f8fc1d33e4ac47a6922ad4534956416e.request
FIFO compiler acquired UTC: 2026-10-05T10:18:17.363036+00:00


ℹ [9382/9385] Built Theorems.Thm_StickyKakeya4_original_three_dimensional_owner_graph_richness (84s)
info: stdout:
FIFO compiler ticket: 01791195597101673035-e26adc9ecda241f38b22dd7f393be5f1.request
FIFO compiler acquired UTC: 2026-10-05T10:19:57.102894+00:00


ℹ [9383/9385] Built Theorems.Thm_StickyKakeya4_original_three_dimensional_slice_energy_basic (71s)
info: stdout:
FIFO compiler ticket: 01791195681329731900-8228459731ca4243bb0441941be32870.request
FIFO compiler acquired UTC: 2026-10-05T10:21:21.330475+00:00


ℹ [9384/9387] Built Theorems.Thm_StickyKakeya4_original_projected_owner_profile (64s)
info: stdout:
FIFO compiler ticket: 01791195752418907878-a3c25aff8a0a4559b03193c319a70674.request
FIFO compiler acquired UTC: 2026-10-05T10:22:32.419632+00:00


ℹ [9385/9387] Built Theorems.Thm_StickyKakeya4_original_planar_tube_pair_count (68s)
info: stdout:
FIFO compiler ticket: 01791195817115062214-1117c5a36c184dc4a5d582bd02d17712.request
FIFO compiler acquired UTC: 2026-10-05T10:23:37.115866+00:00


ℹ [9386/9395] Built Theorems.Thm_StickyKakeya4_original_planar_tube_parameters (54s)
info: stdout:
FIFO compiler ticket: 01791195885201085367-5e7f42cf6f424d50b7c59a9000d17b12.request
FIFO compiler acquired UTC: 2026-10-05T10:24:45.201802+00:00


ℹ [9387/9399] Built Theorems.Thm_StickyKakeya4_original_three_dimensional_projection_cells (59s)
info: stdout:
FIFO compiler ticket: 01791195939883028044-c29e9e20b1404cf0887802a77ccfc17a.request
FIFO compiler acquired UTC: 2026-10-05T10:25:39.883807+00:00


ℹ [9388/9399] Built Theorems.Thm_StickyKakeya4_original_three_dimensional_weighted_planar_projection (68s)
info: stdout:
FIFO compiler ticket: 01791195999486490288-7b65d92e30474d929af746c2e1cec610.request
FIFO compiler acquired UTC: 2026-10-05T10:26:39.487252+00:00


ℹ [9389/9400] Built Theorems.Thm_StickyKakeya4_original_three_dimensional_owner_tube_cap (91s)
info: stdout:
FIFO compiler ticket: 01791196068213663446-2dd398bd074f45a195f339337f616f3b.request
FIFO compiler acquired UTC: 2026-10-05T10:27:48.214782+00:00


ℹ [9390/9400] Built Theorems.Thm_StickyKakeya4_original_three_dimensional_planar_box_projection (75s)
info: stdout:
FIFO compiler ticket: 01791196159370713434-aafe54de67d74d83bd54f3c974afc64c.request
FIFO compiler acquired UTC: 2026-10-05T10:29:19.371570+00:00


ℹ [9391/9400] Built Theorems.Thm_StickyKakeya4_native_original_bounded_nonconcentrated_rows (95s)
info: stdout:
FIFO compiler ticket: 01791196234517078653-562a6b043e21424eaa593e2482ec530e.request
FIFO compiler acquired UTC: 2026-10-05T10:30:34.517738+00:00


ℹ [9392/9403] Built Theorems.Thm_StickyKakeya4_original_three_dimensional_planar_tube_projection (72s)
info: stdout:
FIFO compiler ticket: 01791196329908163540-10e7e2c6485549db85caa013dc790700.request
FIFO compiler acquired UTC: 2026-10-05T10:32:09.909167+00:00


ℹ [9393/9403] Built Theorems.Thm_StickyKakeya4_original_three_dimensional_planar_tube_lift (91s)
info: stdout:
FIFO compiler ticket: 01791196402566163251-57cbfbda63a44273b1c614dd170974a1.request
FIFO compiler acquired UTC: 2026-10-05T10:33:22.566896+00:00


ℹ [9394/9403] Built Theorems.Thm_StickyKakeya4_original_three_dimensional_expanded_slice_multiplicity (86s)
info: stdout:
FIFO compiler ticket: 01791196493771685079-9987f06f4035489a8ed356a1781c080c.request
FIFO compiler acquired UTC: 2026-10-05T10:34:53.772501+00:00


ℹ [9395/9403] Built Theorems.Thm_StickyKakeya4_original_three_dimensional_projected_query_lift (56s)
info: stdout:
FIFO compiler ticket: 01791196580716111121-5e5a6468856b4da688ee63506fcd843c.request
FIFO compiler acquired UTC: 2026-10-05T10:36:20.716769+00:00


ℹ [9396/9403] Built Theorems.Thm_StickyKakeya4_original_three_dimensional_marked_slice_incidences (78s)
info: stdout:
FIFO compiler ticket: 01791196637320001990-de27a0d2bc5249d5af7291ef12f6a180.request
FIFO compiler acquired UTC: 2026-10-05T10:37:17.320864+00:00


ℹ [9397/9403] Built Theorems.Thm_StickyKakeya4_original_three_dimensional_projected_owner_cap (49s)
info: stdout:
FIFO compiler ticket: 01791196715518464821-8ab225016a874e1cab8c7a6cd5d2d145.request
FIFO compiler acquired UTC: 2026-10-05T10:38:35.519148+00:00


ℹ [9398/9406] Built Theorems.Thm_StickyKakeya4_original_normalized_owner_query (38s)
info: stdout:
FIFO compiler ticket: 01791196764967937148-91e0ecf7b3b642e0b49607a6cb69db9c.request
FIFO compiler acquired UTC: 2026-10-05T10:39:24.968663+00:00


ℹ [9399/9406] Built Theorems.Thm_StickyKakeya4_original_three_dimensional_marked_pair_cap (37s)
info: stdout:
FIFO compiler ticket: 01791196803738567378-4072d8fed57d43ad9e507aa0e2633472.request
FIFO compiler acquired UTC: 2026-10-05T10:40:03.739286+00:00


ℹ [9400/9406] Built Theorems.Thm_StickyKakeya4_original_normalized_owner_physical_bridge (21s)
info: stdout:
FIFO compiler ticket: 01791196841449433790-71db39495cbb41578cf561a0a0c8abf1.request
FIFO compiler acquired UTC: 2026-10-05T10:40:41.450467+00:00


ℹ [9401/9410] Built Theorems.Thm_StickyKakeya4_original_three_dimensional_slice_potential_cut (22s)
info: stdout:
FIFO compiler ticket: 01791196862433940834-3b78d8ac6a444395be18db28e036b950.request
FIFO compiler acquired UTC: 2026-10-05T10:41:02.434721+00:00


ℹ [9402/9410] Built Theorems.Thm_StickyKakeya4_original_normalized_owner_graph (23s)
info: stdout:
FIFO compiler ticket: 01791196884570706755-d269970cd70f4afc978f8a2731710a2f.request
FIFO compiler acquired UTC: 2026-10-05T10:41:24.571432+00:00


ℹ [9403/9410] Built Theorems.Thm_StickyKakeya4_original_three_dimensional_energy_regular_slice (80s)
info: stdout:
FIFO compiler ticket: 01791196907996573450-aeb92073bd834e0b8d4618de3ad738ed.request
FIFO compiler acquired UTC: 2026-10-05T10:41:47.997342+00:00


ℹ [9404/9410] Built Theorems.Thm_StickyKakeya4_original_three_dimensional_averaged_slice_energy (94s)
info: stdout:
FIFO compiler ticket: 01791196988122726566-9cde42d958b94c3b8ebaecde3e151d67.request
FIFO compiler acquired UTC: 2026-10-05T10:43:08.123700+00:00


ℹ [9405/9410] Built Theorems.Thm_StickyKakeya4_native_original_unweighted_slice_frame (85s)
info: stdout:
FIFO compiler ticket: 01791197082723051273-ba1cb7fc90c54ef482c21445fe751288.request
FIFO compiler acquired UTC: 2026-10-05T10:44:42.724461+00:00


ℹ [9406/9410] Built Theorems.Thm_StickyKakeya4_original_three_dimensional_energy_slice_witness (66s)
info: stdout:
FIFO compiler ticket: 01791197168696195227-4ee16fc8270a4e43a5dd32b5200c9e0f.request
FIFO compiler acquired UTC: 2026-10-05T10:46:08.697252+00:00


ℹ [9407/9412] Built Theorems.Thm_StickyKakeya4_original_three_dimensional_regularized_marked_slice (71s)
info: stdout:
FIFO compiler ticket: 01791197235635436268-095a2cd7cb264f96a03c922fd41e146c.request
FIFO compiler acquired UTC: 2026-10-05T10:47:15.636270+00:00


ℹ [9408/9412] Built Theorems.Thm_StickyKakeya4_original_three_dimensional_marked_slice_witness (93s)
info: stdout:
FIFO compiler ticket: 01791197307332122124-cafe3f29967f42b6b82a45f876d4bc91.request
FIFO compiler acquired UTC: 2026-10-05T10:48:27.332926+00:00


ℹ [9409/9414] Built Theorems.Thm_StickyKakeya4_original_planar_tube_energy (98s)
info: stdout:
FIFO compiler ticket: 01791197400656816845-5ac89babb5f84026830323986a9560f1.request
FIFO compiler acquired UTC: 2026-10-05T10:50:00.657470+00:00


ℹ [9410/9416] Built Theorems.Thm_StickyKakeya4_original_three_dimensional_marked_endpoint_carrier (77s)
info: stdout:
FIFO compiler ticket: 01791197499229422078-5be2ccee3606423d99698f1bffa137d5.request
FIFO compiler acquired UTC: 2026-10-05T10:51:39.230239+00:00


ℹ [9411/9417] Built Theorems.Thm_StickyKakeya4_original_tube_core_reinforcement (84s)
info: stdout:
FIFO compiler ticket: 01791197576856674621-b4c2ee4c3d7948108c62f184c4e79732.request
FIFO compiler acquired UTC: 2026-10-05T10:52:56.857581+00:00


ℹ [9412/9417] Built Theorems.Thm_StickyKakeya4_original_planar_chart_tube_energy (80s)
info: stdout:
FIFO compiler ticket: 01791197661155112255-1d6704c3455b4e58b289274f6948aa51.request
FIFO compiler acquired UTC: 2026-10-05T10:54:21.155747+00:00


ℹ [9413/9419] Built Theorems.Thm_StickyKakeya4_original_planar_tube_chart (95s)
info: stdout:
FIFO compiler ticket: 01791197741445424976-a80d5a81c52242d380cb18136aa0e511.request
FIFO compiler acquired UTC: 2026-10-05T10:55:41.446313+00:00


ℹ [9414/9419] Built Theorems.Thm_StickyKakeya4_original_three_dimensional_native_reinforcement_budget (92s)
info: stdout:
FIFO compiler ticket: 01791197836772317051-b457c89ba0df4e8cac89ee16ce11bc86.request
FIFO compiler acquired UTC: 2026-10-05T10:57:16.773165+00:00


ℹ [9415/9421] Built Theorems.Thm_StickyKakeya4_original_planar_core_richness (76s)
info: stdout:
FIFO compiler ticket: 01791197929178170091-b55c247df6824d909d0d13e0376d988e.request
FIFO compiler acquired UTC: 2026-10-05T10:58:49.179628+00:00


ℹ [9416/9421] Built Theorems.Thm_StickyKakeya4_original_three_dimensional_marked_planar_core (121s)
info: stdout:
FIFO compiler ticket: 01791198005260299925-8eaf31576ddf409494a9315230024ea2.request
FIFO compiler acquired UTC: 2026-10-05T11:00:05.261476+00:00


ℹ [9417/9421] Built Theorems.Thm_StickyKakeya4_original_three_dimensional_physical_core_richness (47s)
info: stdout:
FIFO compiler ticket: 01791198126571040918-25a079006aa84004a18a5642896ee627.request
FIFO compiler acquired UTC: 2026-10-05T11:02:06.571752+00:00


ℹ [9418/9421] Built Theorems.Thm_StickyKakeya4_original_three_dimensional_owner_scale_cutoff (43s)
info: stdout:
FIFO compiler ticket: 01791198174185369448-e73e23454ef14248bf08e659bc7dd737.request
FIFO compiler acquired UTC: 2026-10-05T11:02:54.186082+00:00


ℹ [9419/9421] Built Theorems.Thm_StickyKakeya4_original_three_dimensional_marked_unweighted_slice (43s)
info: stdout:
FIFO compiler ticket: 01791198217460219754-08cd7546632149fe91291fee99049116.request
FIFO compiler acquired UTC: 2026-10-05T11:03:37.461022+00:00


ℹ [9420/9428] Built Theorems.Thm_StickyKakeya4_native_original_unweighted_slice_reduction (46s)
info: stdout:
FIFO compiler ticket: 01791198260654308519-a6c5b4e51f69414db5d569bf2c69c6a0.request
FIFO compiler acquired UTC: 2026-10-05T11:04:20.655132+00:00


ℹ [9421/9432] Built Theorems.Thm_StickyKakeya4_original_three_dimensional_owner_coefficient_budget (82s)
info: stdout:
FIFO compiler ticket: 01791198307067308137-0c1bf2c7bdb94455a1fbb1b1e870cf0c.request
FIFO compiler acquired UTC: 2026-10-05T11:05:07.069249+00:00

info: Theorems/Thm_StickyKakeya4_original_three_dimensional_owner_coefficient_budget.lean:151:62: Try this:
  [apply] ring_nf
  
  The `ring` tactic failed to close the goal. Use `ring_nf` to obtain a normal form.
    
  Note that `ring` works primarily in *commutative* rings. If you have a noncommutative ring, abelian group or module, consider using `noncomm_ring`, `abel` or `module` instead.
info: stdout:
FIFO compiler ticket: 01791198307067308137-0c1bf2c7bdb94455a1fbb1b1e870cf0c.request
FIFO compiler acquired UTC: 2026-10-05T11:05:07.069249+00:00


ℹ [9422/9432] Built Theorems.Thm_StickyKakeya4_original_unweighted_planar_power_transport (88s)
info: stdout:
FIFO compiler ticket: 01791198389270522236-541f893373c54e76b490f20492575e10.request
FIFO compiler acquired UTC: 2026-10-05T11:06:29.278842+00:00


ℹ [9423/9432] Built Theorems.Thm_StickyKakeya4_native_original_e2_first_unweighted_slice (93s)
info: stdout:
FIFO compiler ticket: 01791198477460799355-14505257adb74079acb0aea484347f5b.request
FIFO compiler acquired UTC: 2026-10-05T11:07:57.461950+00:00


ℹ [9424/9432] Built Theorems.Thm_StickyKakeya4_original_unweighted_slice_power_data (99s)
info: stdout:
FIFO compiler ticket: 01791198571225956971-774dfa3e1d1744cc80d62d8dc07be9aa.request
FIFO compiler acquired UTC: 2026-10-05T11:09:31.226730+00:00


ℹ [9425/9432] Built Theorems.Thm_StickyKakeya4_native_original_e2_first_planar_power_slice (111s)
info: stdout:
FIFO compiler ticket: 01791198670998782066-40b0c106e71840588ded25e2b77e8d8a.request
FIFO compiler acquired UTC: 2026-10-05T11:11:10.999472+00:00


ℹ [9426/9436] Built Theorems.Thm_StickyKakeya4_native_original_planar_power_slice (117s)
info: stdout:
FIFO compiler ticket: 01791198782761896093-a3ac2fdacdf945f9b8353c3476ada5cb.request
FIFO compiler acquired UTC: 2026-10-05T11:13:02.762797+00:00


ℹ [9427/9436] Built Theorems.Thm_StickyKakeya4_original_finite_beta_grid (71s)
info: stdout:
FIFO compiler ticket: 01791198899986795246-2209ef8f5fe8400d9475311ee6e472be.request
FIFO compiler acquired UTC: 2026-10-05T11:14:59.987683+00:00


ℹ [9428/9436] Built Theorems.Thm_StickyKakeya4_original_tube_ancestor_saturation (21s)
info: stdout:
FIFO compiler ticket: 01791198971228665767-e3a0361899654e8dbd391a01f88617ca.request
FIFO compiler acquired UTC: 2026-10-05T11:16:11.229491+00:00


ℹ [9429/9438] Built Theorems.Thm_StickyKakeya4_original_finite_beta_power_transport (40s)
info: stdout:
FIFO compiler ticket: 01791198992770163876-7929eaad073f45d484c7042ddd30a54b.request
FIFO compiler acquired UTC: 2026-10-05T11:16:32.771341+00:00


ℹ [9430/9438] Built Theorems.Thm_StickyKakeya4_original_ancestor_counting (4.8s)
info: stdout:
FIFO compiler ticket: 01791199033427649599-93e86cf443164ba98d483d34d53aa17c.request
FIFO compiler acquired UTC: 2026-10-05T11:17:13.428688+00:00


ℹ [9431/9438] Built Theorems.Thm_StickyKakeya4_original_finite_beta_planar_data (46s)
info: stdout:
FIFO compiler ticket: 01791199038366061658-fe15bd3dc7f64355adb0aac2af5dda25.request
FIFO compiler acquired UTC: 2026-10-05T11:17:18.366478+00:00


ℹ [9432/9438] Built Theorems.Thm_StickyKakeya4_native_original_coarse_selection (49s)
info: stdout:
FIFO compiler ticket: 01791199084424583291-60a914cd286b417a9f6b179ee550a13f.request
FIFO compiler acquired UTC: 2026-10-05T11:18:04.425356+00:00


ℹ [9433/9438] Built Theorems.Thm_StickyKakeya4_original_ancestor_fiber_geometry (17s)
info: stdout:
FIFO compiler ticket: 01791199134168567903-0a9cf61f3705486f84e581f1cd5ebb83.request
FIFO compiler acquired UTC: 2026-10-05T11:18:54.169383+00:00


ℹ [9434/9441] Built Theorems.Thm_StickyKakeya4_native_original_e2_first_beta_planar_slice (47s)
info: stdout:
FIFO compiler ticket: 01791199151525057841-255916862a4a4e8782ff18480d2d90dc.request
FIFO compiler acquired UTC: 2026-10-05T11:19:11.525834+00:00


ℹ [9435/9441] Built Theorems.Thm_StickyKakeya4_native_original_coarse_admission (26s)
info: stdout:
FIFO compiler ticket: 01791199198794577417-2069ea92f4cb4b0685ecdf8496b954b8.request
FIFO compiler acquired UTC: 2026-10-05T11:19:58.795271+00:00


ℹ [9436/9441] Built Theorems.Thm_StickyKakeya4_native_original_ancestor_counts (3.7s)
info: stdout:
FIFO compiler ticket: 01791199225225364284-030348b439c74294996e53476c3c96aa.request
FIFO compiler acquired UTC: 2026-10-05T11:20:25.226033+00:00


ℹ [9437/9441] Built Theorems.Thm_StickyKakeya4_native_original_all_radius_planar_reduction (44s)
info: stdout:
FIFO compiler ticket: 01791199229072923033-7d2a8dc8bc884f6e8a8384a72f8dcb10.request
FIFO compiler acquired UTC: 2026-10-05T11:20:29.073274+00:00


ℹ [9438/9441] Built Theorems.Thm_StickyKakeya4_original_critical_cap_parameter_transfer (5.1s)
info: stdout:
FIFO compiler ticket: 01791199273689003482-7d5e0f8eaa8042748296592d28beb1d6.request
FIFO compiler acquired UTC: 2026-10-05T11:21:13.689699+00:00


ℹ [9439/9441] Built Theorems.Thm_StickyKakeya4_original_critical_population_range (8.1s)
info: stdout:
FIFO compiler ticket: 01791199278781191723-2269461425e7416d8996b0255e076098.request
FIFO compiler acquired UTC: 2026-10-05T11:21:18.781772+00:00

info: Theorems/Thm_StickyKakeya4_original_critical_population_range.lean:80:4: Try this:
  [apply] ring_nf
  
  The `ring` tactic failed to close the goal. Use `ring_nf` to obtain a normal form.
    
  Note that `ring` works primarily in *commutative* rings. If you have a noncommutative ring, abelian group or module, consider using `noncomm_ring`, `abel` or `module` instead.
info: stdout:
FIFO compiler ticket: 01791199278781191723-2269461425e7416d8996b0255e076098.request
FIFO compiler acquired UTC: 2026-10-05T11:21:18.781772+00:00


ℹ [9440/9442] Built Theorems.Thm_StickyKakeya4_native_original_compact_family_parameters (17s)
info: stdout:
FIFO compiler ticket: 01791199286818645065-12cefca92c2846d9b65e4300c5308a7b.request
FIFO compiler acquired UTC: 2026-10-05T11:21:26.819721+00:00


ℹ [9441/9445] Built Theorems.Thm_StickyKakeya4_original_angular_source_population (7.7s)
info: stdout:
FIFO compiler ticket: 01791199303941836692-6c231e6afe8241108198357c363bc3b7.request
FIFO compiler acquired UTC: 2026-10-05T11:21:43.942594+00:00


ℹ [9442/9446] Built Theorems.Thm_StickyKakeya4_original_core_menu_density (5.0s)
info: stdout:
FIFO compiler ticket: 01791199311588407413-391e0421c101451c968f1c1b8fafc773.request
FIFO compiler acquired UTC: 2026-10-05T11:21:51.588764+00:00


ℹ [9443/9446] Built Theorems.Thm_StickyKakeya4_original_reference_angle_selection (2.4s)
info: stdout:
FIFO compiler ticket: 01791199316603173178-d666b390cdac48a1bf9a0800e3177ad7.request
FIFO compiler acquired UTC: 2026-10-05T11:21:56.603551+00:00


ℹ [9444/9446] Built Theorems.Thm_StickyKakeya4_native_scheduled_scale_selection (2.4s)
info: stdout:
FIFO compiler ticket: 01791199319015653593-94fd0ea3d1534c8ea150700a2d6c9852.request
FIFO compiler acquired UTC: 2026-10-05T11:21:59.016004+00:00


ℹ [9445/9449] Built Theorems.Thm_StickyKakeya4_original_selected_angular_incidences (2.8s)
info: stdout:
FIFO compiler ticket: 01791199321410369968-d09b677b95fe4fcc84aeed2e2aa96fcd.request
FIFO compiler acquired UTC: 2026-10-05T11:22:01.410822+00:00


ℹ [9446/9453] Built Theorems.Thm_StickyKakeya4_original_phase_window_graph (2.9s)
info: stdout:
FIFO compiler ticket: 01791199324223745871-bc1ba75c9e004facab0b7bbb337d4b4d.request
FIFO compiler acquired UTC: 2026-10-05T11:22:04.224134+00:00


ℹ [9447/9460] Built Theorems.Thm_StickyKakeya4_native_original_phase_window_graph (3.2s)
info: stdout:
FIFO compiler ticket: 01791199327087761370-55f925807507448cb72f9ffd5ca76ccd.request
FIFO compiler acquired UTC: 2026-10-05T11:22:07.088118+00:00


ℹ [9448/9460] Built Theorems.Thm_StickyKakeya4_original_w_joint_phase (4.3s)
info: stdout:
FIFO compiler ticket: 01791199330265687378-5c6412d1ec8741c2a2e5b6e9086510c6.request
FIFO compiler acquired UTC: 2026-10-05T11:22:10.266066+00:00


ℹ [9449/9461] Built Theorems.Thm_StickyKakeya4_native_original_phase_window_population (3.4s)
info: stdout:
FIFO compiler ticket: 01791199334550697030-1da12a938fea4498909a519c30d39989.request
FIFO compiler acquired UTC: 2026-10-05T11:22:14.551060+00:00


ℹ [9450/9461] Built Theorems.Thm_StickyKakeya4_original_phase_window_density (2.8s)
info: stdout:
FIFO compiler ticket: 01791199337981188736-93a5d0e167ef40728d31712b1dc12549.request
FIFO compiler acquired UTC: 2026-10-05T11:22:17.981734+00:00


ℹ [9451/9464] Built Theorems.Thm_StickyKakeya4_original_w_normalized_phase (3.7s)
info: stdout:
FIFO compiler ticket: 01791199340772107614-73b03b8bdc68440e8a1c584a38ff1484.request
FIFO compiler acquired UTC: 2026-10-05T11:22:20.774891+00:00


ℹ [9452/9466] Built Theorems.Thm_StickyKakeya4_native_original_phase_window_edges (2.7s)
info: stdout:
FIFO compiler ticket: 01791199344454374662-2d989e2264234016bb393273c000b13d.request
FIFO compiler acquired UTC: 2026-10-05T11:22:24.454799+00:00


ℹ [9453/9467] Built Theorems.Thm_StickyKakeya4_original_phase_grid_error (2.8s)
info: stdout:
FIFO compiler ticket: 01791199347196787231-ba9c7423206544c4ab166c2e6cf29ef4.request
FIFO compiler acquired UTC: 2026-10-05T11:22:27.197177+00:00


ℹ [9454/9467] Built Theorems.Thm_StickyKakeya4_original_height_log_budget (2.9s)
info: stdout:
FIFO compiler ticket: 01791199349987213487-0001056fc92b4d97989511134438a1c0.request
FIFO compiler acquired UTC: 2026-10-05T11:22:29.987607+00:00


ℹ [9455/9468] Built Theorems.Thm_StickyKakeya4_native_original_phase_grid_edges (3.6s)
info: stdout:
FIFO compiler ticket: 01791199352961866772-7279c04d895849448b8b5410dd5628d4.request
FIFO compiler acquired UTC: 2026-10-05T11:22:32.962436+00:00


ℹ [9456/9468] Built Theorems.Thm_StickyKakeya4_native_original_cutoff_selection (7.4s)
info: stdout:
FIFO compiler ticket: 01791199356570595187-dec83658cdd24f52bf7b5e9c45d4e904.request
FIFO compiler acquired UTC: 2026-10-05T11:22:36.571665+00:00


ℹ [9457/9468] Built Theorems.Thm_StickyKakeya4_original_menu_section (11s)
info: stdout:
FIFO compiler ticket: 01791199363961022990-1ee75dde6b4e4f2e80796e70e9cfc714.request
FIFO compiler acquired UTC: 2026-10-05T11:22:43.961409+00:00


ℹ [9458/9468] Built Theorems.Thm_StickyKakeya4_native_original_finite_beta_planar_slice (55s)
info: stdout:
FIFO compiler ticket: 01791199375485983144-80719040c50643d98a57627b2c6dc9c2.request
FIFO compiler acquired UTC: 2026-10-05T11:22:55.486899+00:00


ℹ [9459/9470] Built Theorems.Thm_StickyKakeya4_original_height_graph_coarsening (13s)
info: stdout:
FIFO compiler ticket: 01791199430433114773-f726889f87cc453cab3d6a96fedd2f69.request
FIFO compiler acquired UTC: 2026-10-05T11:23:50.434247+00:00


ℹ [9460/9470] Built Theorems.Thm_StickyKakeya4_original_height_graph_density (8.2s)
info: stdout:
FIFO compiler ticket: 01791199443822550025-4f8e2d2b357847669da3d681f9687ee5.request
FIFO compiler acquired UTC: 2026-10-05T11:24:03.823473+00:00


ℹ [9461/9470] Built Theorems.Thm_StickyKakeya4_native_original_shading_slack (6.1s)
info: stdout:
FIFO compiler ticket: 01791199452051819329-95da46ed88b94b43af2c23384b3812d4.request
FIFO compiler acquired UTC: 2026-10-05T11:24:12.052183+00:00


ℹ [9462/9470] Built Theorems.Thm_StickyKakeya4_original_menu_bc_graph (2.7s)
info: stdout:
FIFO compiler ticket: 01791199458136956559-38c358529f6e4cc5992bc3d4e7d7b049.request
FIFO compiler acquired UTC: 2026-10-05T11:24:18.137488+00:00


ℹ [9463/9470] Built Theorems.Thm_StickyKakeya4_original_coarse_height_curve (4.9s)
info: stdout:
FIFO compiler ticket: 01791199460831839723-7511dd4b95fd455aa5c1a498091d6f39.request
FIFO compiler acquired UTC: 2026-10-05T11:24:20.832211+00:00


ℹ [9464/9470] Built Theorems.Thm_StickyKakeya4_native_original_length_two_a3_data (9.6s)
info: stdout:
FIFO compiler ticket: 01791199465819542006-8a2f391dfdff4fbc82deec77cb1ed608.request
FIFO compiler acquired UTC: 2026-10-05T11:24:25.819977+00:00


ℹ [9465/9470] Built Theorems.Thm_StickyKakeya4_original_coarse_height_tube_transfer (21s)
info: stdout:
FIFO compiler ticket: 01791199475352249333-7e45bd3e7deb4d8d9e60af45f16e9c0c.request
FIFO compiler acquired UTC: 2026-10-05T11:24:35.352946+00:00


ℹ [9466/9470] Built Theorems.Thm_StickyKakeya4_original_coarse_height_population_ratio (9.2s)
info: stdout:
FIFO compiler ticket: 01791199496957862714-27904d97055a4b9ba6ede2c59a0c84ef.request
FIFO compiler acquired UTC: 2026-10-05T11:24:56.958644+00:00


ℹ [9467/9470] Built Theorems.Thm_StickyKakeya4_native_scheduled_height_population (10s)
info: stdout:
FIFO compiler ticket: 01791199506092918892-6610b903827444b7a294c44502de2218.request
FIFO compiler acquired UTC: 2026-10-05T11:25:06.093329+00:00


ℹ [9468/9470] Built Theorems.Thm_StickyKakeya4_native_original_graph_density_costs (6.0s)
info: stdout:
FIFO compiler ticket: 01791199516871627171-45e6a27630cf44f9bc545cd152a97526.request
FIFO compiler acquired UTC: 2026-10-05T11:25:16.872367+00:00


ℹ [9469/9476] Built Theorems.Thm_StickyKakeya4_native_original_complete_budget (13s)
info: stdout:
FIFO compiler ticket: 01791199522932355548-48e26508eef64d46aee1c48952d8d1ff.request
FIFO compiler acquired UTC: 2026-10-05T11:25:22.932730+00:00


ℹ [9470/9476] Built Theorems.Thm_StickyKakeya4_native_scalar_cover_ad (69s)
info: stdout:
FIFO compiler ticket: 01791199536972519764-0df0f1fb883642b7b1c62a2b1ae6b410.request
FIFO compiler acquired UTC: 2026-10-05T11:25:36.973155+00:00


ℹ [9471/9476] Built Theorems.Thm_StickyKakeya4_original_scalar_literal_cover_count (62s)
info: stdout:
FIFO compiler ticket: 01791199606851095251-15f4982aa07f4eb9baf470b2402edc81.request
FIFO compiler acquired UTC: 2026-10-05T11:26:46.851751+00:00


ℹ [9472/9480] Built Theorems.Thm_StickyKakeya4_original_macro_direction_cells (82s)
info: stdout:
FIFO compiler ticket: 01791199669231674538-08c74ce9dae4408fb7c3c5257519adf8.request
FIFO compiler acquired UTC: 2026-10-05T11:27:49.232797+00:00


ℹ [9473/9481] Built Theorems.Thm_StickyKakeya4_original_macro_direction_source (80s)
info: stdout:
FIFO compiler ticket: 01791199752209362478-4504ae308ef340b0afc07285329e101b.request
FIFO compiler acquired UTC: 2026-10-05T11:29:12.210010+00:00


ℹ [9474/9481] Built Theorems.Thm_StickyKakeya4_original_literal_common_alphabet (111s)
info: stdout:
FIFO compiler ticket: 01791199833004663029-c577d754ba534e368be9febef62a0565.request
FIFO compiler acquired UTC: 2026-10-05T11:30:33.005320+00:00


ℹ [9475/9481] Built Theorems.Thm_StickyKakeya4_native_original_macro_tube_count (110s)
info: stdout:
FIFO compiler ticket: 01791199944880922274-58387bfe21454ae39abecc2334db884e.request
FIFO compiler acquired UTC: 2026-10-05T11:32:24.881833+00:00


ℹ [9476/9481] Built Theorems.Thm_StickyKakeya4_original_selected_full_direction (88s)
info: stdout:
FIFO compiler ticket: 01791200055634660985-ed0d6729d14444d88cc1902db3a8f2b2.request
FIFO compiler acquired UTC: 2026-10-05T11:34:15.635489+00:00


ℹ [9477/9481] Built Theorems.Thm_StickyKakeya4_original_literal_angular_readback (103s)
info: stdout:
FIFO compiler ticket: 01791200143980166268-0276935f3d3f4fcfaf122c29c3f72e30.request
FIFO compiler acquired UTC: 2026-10-05T11:35:43.980879+00:00


ℹ [9478/9481] Built Theorems.Thm_StickyKakeya4_native_rescaled_macro_tube_count (80s)
info: stdout:
FIFO compiler ticket: 01791200247824715056-7df7382b65d94e60b82bf54eb63bd41f.request
FIFO compiler acquired UTC: 2026-10-05T11:37:27.825543+00:00


ℹ [9479/9481] Built Theorems.Thm_StickyKakeya4_original_literal_angular_incidences (67s)
info: stdout:
FIFO compiler ticket: 01791200328535582556-1f40f1249e744e5fbd2b42b816e60d78.request
FIFO compiler acquired UTC: 2026-10-05T11:38:48.536151+00:00


ℹ [9480/9484] Built Theorems.Thm_StickyKakeya4_original_macro_height_incidence_density (40s)
info: stdout:
FIFO compiler ticket: 01791200396049498412-04ede8718ffe4bdca6984c770b6f4953.request
FIFO compiler acquired UTC: 2026-10-05T11:39:56.050264+00:00


ℹ [9481/9485] Built Theorems.Thm_StickyKakeya4_original_weighted_macro_selection (49s)
info: stdout:
FIFO compiler ticket: 01791200436213000138-27b9af247fae4f29a0a41a494cb73e20.request
FIFO compiler acquired UTC: 2026-10-05T11:40:36.213784+00:00


ℹ [9482/9488] Built Theorems.Thm_StickyKakeya4_original_macro_slice_cell_count (47s)
info: stdout:
FIFO compiler ticket: 01791200485233404778-e7b099bc944e43e89223cdb517fbaa44.request
FIFO compiler acquired UTC: 2026-10-05T11:41:25.234244+00:00


ℹ [9483/9488] Built Theorems.Thm_StickyKakeya4_original_representative_grid_comparison (43s)
info: stdout:
FIFO compiler ticket: 01791200532963284128-2ba6987178594ecbaffbffa4a9f0f61b.request
FIFO compiler acquired UTC: 2026-10-05T11:42:12.964079+00:00


ℹ [9484/9490] Built Theorems.Thm_StickyKakeya4_original_macro_grain_readback (43s)
info: stdout:
FIFO compiler ticket: 01791200576254189784-486ff8f3b4c849598a8753fad1789769.request
FIFO compiler acquired UTC: 2026-10-05T11:42:56.254952+00:00


ℹ [9485/9491] Built Theorems.Thm_StickyKakeya4_original_planar_ad_grid_population (5.0s)
info: stdout:
FIFO compiler ticket: 01791200619647430894-78c34e1e06cc4724807ba657913e9e91.request
FIFO compiler acquired UTC: 2026-10-05T11:43:39.648141+00:00


ℹ [9486/9491] Built Theorems.Thm_StickyKakeya4_original_literal_height_window (48s)
info: stdout:
FIFO compiler ticket: 01791200624888207761-7f1df42e8f7a465d80e22efda4405d32.request
FIFO compiler acquired UTC: 2026-10-05T11:43:44.888697+00:00


ℹ [9487/9494] Built Theorems.Thm_StickyKakeya4_original_literal_grain_profiles (78s)
info: stdout:
FIFO compiler ticket: 01791200673259907300-708dc4be821d4b80bc66505d9e353c3f.request
FIFO compiler acquired UTC: 2026-10-05T11:44:33.260976+00:00


ℹ [9488/9494] Built Theorems.Thm_StickyKakeya4_original_literal_macro_density (93s)
info: stdout:
FIFO compiler ticket: 01791200751635891815-08e304c038744e19b5a0addfc5ba69cf.request
FIFO compiler acquired UTC: 2026-10-05T11:45:51.636641+00:00


ℹ [9489/9494] Built Theorems.Thm_StickyKakeya4_original_whole_macro_window (107s)
info: stdout:
FIFO compiler ticket: 01791200845318816406-9bb2947acb164f6d90f36445037e39b4.request
FIFO compiler acquired UTC: 2026-10-05T11:47:25.319967+00:00


ℹ [9490/9494] Built Theorems.Thm_StickyKakeya4_original_literal_macro_slice_upper (114s)
info: stdout:
FIFO compiler ticket: 01791200952614481687-6c67e4d7927f4352ba7cd77eb7c381a0.request
FIFO compiler acquired UTC: 2026-10-05T11:49:12.615345+00:00


ℹ [9491/9499] Built Theorems.Thm_StickyKakeya4_original_height_window_macro_cells (103s)
info: stdout:
FIFO compiler ticket: 01791201067025104233-c82c59111d894ec4aed843b71f51b63c.request
FIFO compiler acquired UTC: 2026-10-05T11:51:07.026206+00:00


ℹ [9492/9499] Built Theorems.Thm_StickyKakeya4_original_literal_dense_macro_height (105s)
info: stdout:
FIFO compiler ticket: 01791201170722257506-a970e817ca184e058752cec200747be3.request
FIFO compiler acquired UTC: 2026-10-05T11:52:50.723077+00:00


ℹ [9493/9499] Built Theorems.Thm_StickyKakeya4_original_reference_angle_geometry (19s)
info: stdout:
FIFO compiler ticket: 01791201275721611980-57be4ff0c2904bd3811298ebb208e6b1.request
FIFO compiler acquired UTC: 2026-10-05T11:54:35.722461+00:00


ℹ [9494/9501] Built Theorems.Thm_StickyKakeya4_native_original_macro_source_density (97s)
info: stdout:
FIFO compiler ticket: 01791201295537773790-89cd8007e3874a7e9f2bc034014a51b7.request
FIFO compiler acquired UTC: 2026-10-05T11:54:55.538833+00:00


ℹ [9495/9503] Built Theorems.Thm_StickyKakeya4_original_terminal_scalar_collision_geometry (10s)
info: stdout:
FIFO compiler ticket: 01791201392924848934-3e70dca3a0ee4fe8b80296dadbf4b1de.request
FIFO compiler acquired UTC: 2026-10-05T11:56:32.925570+00:00


ℹ [9496/9503] Built Theorems.Thm_StickyKakeya4_native_reference_phase_window_graph (6.9s)
info: stdout:
FIFO compiler ticket: 01791201403330035684-4631186be0d4410cb81de8b2468f1f9b.request
FIFO compiler acquired UTC: 2026-10-05T11:56:43.330512+00:00


ℹ [9497/9505] Built Theorems.Thm_StickyKakeya4_original_macro_printed_w (40s)
info: stdout:
FIFO compiler ticket: 01791201410393328790-6850fa6b36d24a199d56be6f15ee2896.request
FIFO compiler acquired UTC: 2026-10-05T11:56:50.393741+00:00


ℹ [9498/9505] Built Theorems.Thm_StickyKakeya4_original_actual_core_phase_window (5.9s)
info: stdout:
FIFO compiler ticket: 01791201450390163877-db87a87353d44147a1f752fc8b2f5339.request
FIFO compiler acquired UTC: 2026-10-05T11:57:30.390982+00:00


ℹ [9499/9505] Built Theorems.Thm_StickyKakeya4_original_macro_full_reference_core (82s)
info: stdout:
FIFO compiler ticket: 01791201456485693635-3fd31aaab0cd4484921dcf556b369e99.request
FIFO compiler acquired UTC: 2026-10-05T11:57:36.486058+00:00


ℹ [9500/9505] Built Theorems.Thm_StickyKakeya4_original_actual_window_bc_graph (7.6s)
info: stdout:
FIFO compiler ticket: 01791201538761373683-f35d02d0e4fb445d8fbf8d32c6fc6ad6.request
FIFO compiler acquired UTC: 2026-10-05T11:58:58.762051+00:00


ℹ [9501/9508] Built Theorems.Thm_StickyKakeya4_native_original_macro_printed_core (97s)
info: stdout:
FIFO compiler ticket: 01791201546509949498-bedf40ed16274664aa2508a270018445.request
FIFO compiler acquired UTC: 2026-10-05T11:59:06.510523+00:00


ℹ [9502/9509] Built Theorems.Thm_StickyKakeya4_original_macro_window_geometry (103s)
info: stdout:
FIFO compiler ticket: 01791201643904054581-c5b7d91d247f4d03978d9c1ee520f3b8.request
FIFO compiler acquired UTC: 2026-10-05T12:00:43.904819+00:00


ℹ [9503/9509] Built Theorems.Thm_StickyKakeya4_original_literal_angular_budget (73s)
info: stdout:
FIFO compiler ticket: 01791201747376347776-4911c23d2c3e4c75bb247920c9bccf18.request
FIFO compiler acquired UTC: 2026-10-05T12:02:27.377061+00:00


ℹ [9504/9509] Built Theorems.Thm_StickyKakeya4_native_original_macro_phase_window (71s)
info: stdout:
FIFO compiler ticket: 01791201820895690292-5926a612e5ba4cfcaa05330ffbf1e85b.request
FIFO compiler acquired UTC: 2026-10-05T12:03:40.896953+00:00


ℹ [9505/9509] Built Theorems.Thm_StickyKakeya4_original_literal_macro_height_budget (73s)
info: stdout:
FIFO compiler ticket: 01791201892167909171-2e19327ee3cd4303a5636259d4b99b5d.request
FIFO compiler acquired UTC: 2026-10-05T12:04:52.168913+00:00


ℹ [9506/9512] Built Theorems.Thm_StickyKakeya4_native_original_macro_bc_graph (98s)
info: stdout:
FIFO compiler ticket: 01791201965381751190-8df2d12b424648c392bc3363dbe97946.request
FIFO compiler acquired UTC: 2026-10-05T12:06:05.382940+00:00


ℹ [9507/9512] Built Theorems.Thm_StickyKakeya4_native_original_macro_density_budget (97s)
info: stdout:
FIFO compiler ticket: 01791202063415755759-2b4c6a04e0e540b286923510601d88da.request
FIFO compiler acquired UTC: 2026-10-05T12:07:43.416703+00:00


ℹ [9508/9515] Built Theorems.Thm_StickyKakeya4_native_original_window_kt (13s)
info: stdout:
FIFO compiler ticket: 01791202160581381841-bc70f20e3dc54ca59c71b2db7a1c67eb.request
FIFO compiler acquired UTC: 2026-10-05T12:09:20.582212+00:00


ℹ [9509/9515] Built Theorems.Thm_StickyKakeya4_native_original_macro_menu_budget (95s)
info: stdout:
FIFO compiler ticket: 01791202173774546229-199cfc7fbade4e1098de1d5e24693a92.request
FIFO compiler acquired UTC: 2026-10-05T12:09:33.774895+00:00


ℹ [9510/9515] Built Theorems.Thm_StickyKakeya4_native_original_phase_source_costs (20s)
info: stdout:
FIFO compiler ticket: 01791202269422861483-bbc2b595de9f4bb58f18833a480562df.request
FIFO compiler acquired UTC: 2026-10-05T12:11:09.423765+00:00


ℹ [9511/9516] Built Theorems.Thm_StickyKakeya4_original_slope_graph_nonconcentration (9.6s)
info: stdout:
FIFO compiler ticket: 01791202289475441745-d77bbfbccf5c4f8c864e828321e02380.request
FIFO compiler acquired UTC: 2026-10-05T12:11:29.476140+00:00


ℹ [9512/9517] Built Theorems.Thm_StickyKakeya4_native_original_phase_source_kt (4.1s)
info: stdout:
FIFO compiler ticket: 01791202299120503011-07055aebc0be4890aadf493462131731.request
FIFO compiler acquired UTC: 2026-10-05T12:11:39.120892+00:00


ℹ [9513/9517] Built Theorems.Thm_StickyKakeya4_native_original_phase_bounds (3.6s)
info: stdout:
FIFO compiler ticket: 01791202303158538777-e100f491f4624528a2db50c9cbadfeb6.request
FIFO compiler acquired UTC: 2026-10-05T12:11:43.158956+00:00


ℹ [9514/9517] Built Theorems.Thm_StickyKakeya4_original_carrier_image_count (8.8s)
info: stdout:
FIFO compiler ticket: 01791202306797194641-22789d3ccd304fc5a01f6176fc4c9664.request
FIFO compiler acquired UTC: 2026-10-05T12:11:46.797684+00:00


ℹ [9515/9517] Built Theorems.Thm_StickyKakeya4_original_cw_scale_cancellation (5.2s)
info: stdout:
FIFO compiler ticket: 01791202315573932411-167400e9614248dfaa1962648704f876.request
FIFO compiler acquired UTC: 2026-10-05T12:11:55.574369+00:00


ℹ [9516/9523] Built Theorems.Thm_StickyKakeya4_native_original_macro_phase_box (22s)
info: stdout:
FIFO compiler ticket: 01791202320774914081-0022d279c97f4bbeba3387a3da1d3af9.request
FIFO compiler acquired UTC: 2026-10-05T12:12:00.775277+00:00


ℹ [9517/9523] Built Theorems.Thm_StickyKakeya4_native_planar_slab_norm_conversion (13s)
info: stdout:
FIFO compiler ticket: 01791202343340107697-eb3895714f9a475fb879a2b9daebd38c.request
FIFO compiler acquired UTC: 2026-10-05T12:12:23.340987+00:00


ℹ [9518/9525] Built Theorems.Thm_StickyKakeya4_original_w_physical_growth (10s)
info: stdout:
FIFO compiler ticket: 01791202356410372257-eb07ba8170cd46719c20242d328e47e3.request
FIFO compiler acquired UTC: 2026-10-05T12:12:36.412465+00:00


ℹ [9519/9526] Built Theorems.Thm_StickyKakeya4_original_core_endpoint_lifting (4.0s)
info: stdout:
FIFO compiler ticket: 01791202367349468693-14a4bfe8fb3843718f8bd6cbf0120fe1.request
FIFO compiler acquired UTC: 2026-10-05T12:12:47.349848+00:00


ℹ [9520/9526] Built Theorems.Thm_StickyKakeya4_native_uniform_multiplicity_restriction (39s)
info: stdout:
FIFO compiler ticket: 01791202371577747244-dc239ef172d541b58ac89d2f05b4d79f.request
FIFO compiler acquired UTC: 2026-10-05T12:12:51.578505+00:00


ℹ [9521/9527] Built Theorems.Thm_StickyKakeya4_original_core_box_paths (34s)
info: stdout:
FIFO compiler ticket: 01791202411230830116-e541c47ec4a84b7eac02aefd751fe4e4.request
FIFO compiler acquired UTC: 2026-10-05T12:13:31.231993+00:00


ℹ [9522/9527] Built Theorems.Thm_StickyKakeya4_native_original_w_end_to_end (33s)
info: stdout:
FIFO compiler ticket: 01791202445394449666-03d7319358ef4f73b10e613f170d4eb5.request
FIFO compiler acquired UTC: 2026-10-05T12:14:05.395316+00:00


ℹ [9523/9528] Built Theorems.Thm_StickyKakeya4_native_original_slice_restriction (54s)
info: stdout:
FIFO compiler ticket: 01791202478662149139-24fccdf96ad94093aee5daade151cc93.request
FIFO compiler acquired UTC: 2026-10-05T12:14:38.662853+00:00


ℹ [9524/9528] Built Theorems.Thm_StickyKakeya4_native_original_scalar_cw (10s)
info: stdout:
FIFO compiler ticket: 01791202532809717438-54eee95588f546d185b5c3658f00cb2d.request
FIFO compiler acquired UTC: 2026-10-05T12:15:32.810464+00:00


ℹ [9525/9528] Built Theorems.Thm_StickyKakeya4_native_original_planar_cw (14s)
info: stdout:
FIFO compiler ticket: 01791202543157330989-d834ff3740664ab6bd72c1a930da0a8e.request
FIFO compiler acquired UTC: 2026-10-05T12:15:43.157762+00:00


ℹ [9526/9529] Built Theorems.Thm_StickyKakeya4_native_padded_phase_pullback (66s)
info: stdout:
FIFO compiler ticket: 01791202557394130950-544040b5cfd64c5584dd3c538552332c.request
FIFO compiler acquired UTC: 2026-10-05T12:15:57.394863+00:00


ℹ [9527/9529] Built Theorems.Thm_StickyKakeya4_native_paper_alignment_scales (86s)
info: stdout:
FIFO compiler ticket: 01791202623785180404-df82799ffb414b85b16459dd028e3e53.request
FIFO compiler acquired UTC: 2026-10-05T12:17:03.786067+00:00


ℹ [9528/9531] Built Theorems.Thm_StickyKakeya4_native_planar_abc_fixed_exponent (22s)
info: stdout:
FIFO compiler ticket: 01791202710511284313-53594e9aa7dd41679d0518ecdbfc8c23.request
FIFO compiler acquired UTC: 2026-10-05T12:18:30.513036+00:00


ℹ [9529/9531] Built Theorems.Thm_StickyKakeya4_vector_graph_collision_energy (9.6s)
info: stdout:
FIFO compiler ticket: 01791202732812967330-af0c71084a8a4e53a35c2634e4ff888a.request
FIFO compiler acquired UTC: 2026-10-05T12:18:52.813888+00:00


ℹ [9530/9532] Built Theorems.Thm_StickyKakeya4_vector_labelled_energy_bin (9.1s)
info: stdout:
FIFO compiler ticket: 01791202742438311151-6e8863e1b2e649eeaab5ae35ff7246b1.request
FIFO compiler acquired UTC: 2026-10-05T12:19:02.438890+00:00


ℹ [9531/9537] Built Theorems.Thm_StickyKakeya4_planar_dyadic_numerics (41s)
info: stdout:
FIFO compiler ticket: 01791202751676559273-17f2ba21510f41caa2a1f61cff18a8cc.request
FIFO compiler acquired UTC: 2026-10-05T12:19:11.677204+00:00


ℹ [9532/9539] Built Theorems.Thm_StickyKakeya4_planar_rounded_sumset_cover (5.5s)
info: stdout:
FIFO compiler ticket: 01791202793537051942-4582756102d74533af2ae21deb743ae2.request
FIFO compiler acquired UTC: 2026-10-05T12:19:53.537984+00:00


ℹ [9533/9542] Built Theorems.Thm_StickyKakeya4_planar_original_subset_construction (57s)
info: stdout:
FIFO compiler ticket: 01791202799232136148-13c0d6b0091e4de993888a66893d8bfc.request
FIFO compiler acquired UTC: 2026-10-05T12:19:59.232527+00:00


ℹ [9534/9542] Built Theorems.Thm_StickyKakeya4_vector_whole_fiber_lift (10s)
info: stdout:
FIFO compiler ticket: 01791202856009236320-3f7cd8097f264185898dc341b2c7cf56.request
FIFO compiler acquired UTC: 2026-10-05T12:20:56.009955+00:00


ℹ [9535/9542] Built Theorems.Thm_StickyKakeya4_planar_original_dyadic_bsg (98s)
info: stdout:
FIFO compiler ticket: 01791202866310839184-a0496658ccbe4aa7886f45555297ecf9.request
FIFO compiler acquired UTC: 2026-10-05T12:21:06.311613+00:00


ℹ [9536/9542] Built Theorems.Thm_StickyKakeya4_vector_product_cover (22s)
info: stdout:
FIFO compiler ticket: 01791202964190223620-84588bd9606a46fba3d2d29da1fc5c9f.request
FIFO compiler acquired UTC: 2026-10-05T12:22:44.191058+00:00


ℹ [9537/9544] Built Theorems.Thm_StickyKakeya4_vector_integer_bin_real_bsg (70s)
info: stdout:
FIFO compiler ticket: 01791202987005728031-e54b1ecc28b24f3da0f4e53e0682be0f.request
FIFO compiler acquired UTC: 2026-10-05T12:23:07.006470+00:00


ℹ [9538/9545] Built Theorems.Thm_StickyKakeya4_vector_bin_selection_tools (95s)
info: stdout:
FIFO compiler ticket: 01791203057287253128-0d2a194aebd74fdea3ee2b8653a79b97.request
FIFO compiler acquired UTC: 2026-10-05T12:24:17.288089+00:00


ℹ [9539/9545] Built Theorems.Thm_StickyKakeya4_vector_graph_weighted_rounding (100s)
info: stdout:
FIFO compiler ticket: 01791203152621615752-fc0632bbdcaf4b788b81f50fad4c5775.request
FIFO compiler acquired UTC: 2026-10-05T12:25:52.622432+00:00


ℹ [9540/9546] Built Theorems.Thm_StickyKakeya4_native_planar_lemma53 (106s)
info: stdout:
FIFO compiler ticket: 01791203253074821156-6c1bfc0d8cd241c5b3a509551e1e9efc.request
FIFO compiler acquired UTC: 2026-10-05T12:27:33.076502+00:00


ℹ [9541/9547] Built Theorems.Thm_StickyKakeya4_vector_original_graph_bsg (111s)
info: stdout:
FIFO compiler ticket: 01791203359352791974-96661af6ee4f40519d1a65d31bd98265.request
FIFO compiler acquired UTC: 2026-10-05T12:29:19.353611+00:00


ℹ [9542/9547] Built Theorems.Thm_StickyKakeya4_native_planar_cover_lemma53 (88s)
info: stdout:
FIFO compiler ticket: 01791203471117091192-7ac3c13d0e53422c97c2795bc078e2a7.request
FIFO compiler acquired UTC: 2026-10-05T12:31:11.117936+00:00


ℹ [9543/9548] Built Theorems.Thm_StickyKakeya4_native_radial_scale_consequences (20s)
info: stdout:
FIFO compiler ticket: 01791203559847324756-377208fc1fc5412a9e2ce38e4d3b1537.request
FIFO compiler acquired UTC: 2026-10-05T12:32:39.848154+00:00


ℹ [9544/9548] Built Theorems.Thm_StickyKakeya4_native_planar_abc_to_bsg (84s)
info: stdout:
FIFO compiler ticket: 01791203580308937888-dcc15895caa54686a02982218fd2a417.request
FIFO compiler acquired UTC: 2026-10-05T12:33:00.309773+00:00


ℹ [9545/9548] Replayed Theorems.Thm_StickyKakeya4_native_relative_parent_labels
info: stdout:
FIFO compiler ticket: 01791176623505536388-d3980b87e48c4046ad47882436995847.request
FIFO compiler acquired UTC: 2026-10-05T05:03:43.506328+00:00


ℹ [9546/9549] Built Theorems.Thm_StickyKakeya4_native_quarter_square_cover_source (109s)
info: stdout:
FIFO compiler ticket: 01791203665066271232-53004f52c71c465e8776bf5cc85a2886.request
FIFO compiler acquired UTC: 2026-10-05T12:34:25.067113+00:00


ℹ [9547/9549] Built Theorems.Thm_StickyKakeya4_native_relative_parent_profiles (104s)
info: stdout:
FIFO compiler ticket: 01791203774145539612-b6db21afd15a4716aa72606614d3dcab.request
FIFO compiler acquired UTC: 2026-10-05T12:36:14.146463+00:00


ℹ [9548/9552] Built Theorems.Thm_StickyKakeya4_native_same_parent_source_selection (93s)
info: stdout:
FIFO compiler ticket: 01791203879007114304-1a124685c5664effaa46554e123293eb.request
FIFO compiler acquired UTC: 2026-10-05T12:37:59.007885+00:00


ℹ [9549/9553] Built Theorems.Thm_StickyKakeya4_native_same_source_coarse_selection (110s)
info: stdout:
FIFO compiler ticket: 01791203972741160520-f4cbb643d9f04e55b292a66409b452c7.request
FIFO compiler acquired UTC: 2026-10-05T12:39:32.742049+00:00


ℹ [9550/9553] Built Theorems.Thm_StickyKakeya4_native_scalar_collision_window (18s)
info: stdout:
FIFO compiler ticket: 01791204082959986280-25c8857f10ee4f09960c4e0d03321df0.request
FIFO compiler acquired UTC: 2026-10-05T12:41:22.960727+00:00


ℹ [9551/9554] Built Theorems.Thm_StickyKakeya4_native_same_source_coarse_admission (89s)
info: stdout:
FIFO compiler ticket: 01791204101914405461-0569823e080246029da0e114de4b2694.request
FIFO compiler acquired UTC: 2026-10-05T12:41:41.915522+00:00


ℹ [9552/9554] Replayed Theorems.Thm_StickyKakeya4_native_scheduled_local_multiplicity
info: stdout:
FIFO compiler ticket: 01791177014671769029-92c49e836cfe4857884c45045134d9b2.request
FIFO compiler acquired UTC: 2026-10-05T05:10:14.673032+00:00


ℹ [9553/9557] Built Theorems.Thm_StickyKakeya4_native_scheduled_quarter_geometry (20s)
info: stdout:
FIFO compiler ticket: 01791204191683071102-5f85c1f3f8ce496599f4b8383aacc79e.request
FIFO compiler acquired UTC: 2026-10-05T12:43:11.683763+00:00


ℹ [9554/9558] Built Theorems.Thm_StickyKakeya4_native_uniform_abc_input (10s)
info: stdout:
FIFO compiler ticket: 01791204212685595439-27700eea165f44599eac97fe10fb2885.request
FIFO compiler acquired UTC: 2026-10-05T12:43:32.686537+00:00


ℹ [9555/9558] Built Theorems.Thm_StickyKakeya4_native_source_height_density (46s)
info: stdout:
FIFO compiler ticket: 01791204223417809903-51e08e9f8d3a4ffba8d09f2b89c05519.request
FIFO compiler acquired UTC: 2026-10-05T12:43:43.418257+00:00


ℹ [9556/9559] Built Theorems.Thm_StickyKakeya4_native_scheduled_uniform_abc_input (8.3s)
info: stdout:
FIFO compiler ticket: 01791204269915690910-d7649046931f4cacba4cd49cbceb4446.request
FIFO compiler acquired UTC: 2026-10-05T12:44:29.916439+00:00


ℹ [9557/9560] Built Theorems.Thm_StickyKakeya4_nested_plane_quantization (9.5s)
info: stdout:
FIFO compiler ticket: 01791204278250113591-fcb6d2559a29446fafefb0a26756db84.request
FIFO compiler acquired UTC: 2026-10-05T12:44:38.250511+00:00


ℹ [9558/9561] Built Theorems.Thm_StickyKakeya4_no_frostman_uniform_hairbrush (71s)
info: stdout:
FIFO compiler ticket: 01791204287972883569-90de7d09e6b8437989902905f83f2b98.request
FIFO compiler acquired UTC: 2026-10-05T12:44:47.973680+00:00


ℹ [9559/9563] Built Theorems.Thm_StickyKakeya4_noisy_affine_image_count (81s)
info: stdout:
FIFO compiler ticket: 01791204359399416793-964a27f2e6cc485da293949b1cd52cce.request
FIFO compiler acquired UTC: 2026-10-05T12:45:59.400125+00:00


ℹ [9560/9563] Replayed Theorems.Thm_StickyKakeya4_original_affine_alphabet_recode
info: stdout:
FIFO compiler ticket: 01791173223182826455-241992fb04f046749a526e1c779d0615.request
FIFO compiler acquired UTC: 2026-10-05T04:07:03.183171+00:00


ℹ [9561/9564] Built Theorems.Thm_StickyKakeya4_original_angular_graph_translation (9.1s)
info: stdout:
FIFO compiler ticket: 01791204441225688718-07851211812940f78fafb8a4d24e3f76.request
FIFO compiler acquired UTC: 2026-10-05T12:47:21.226599+00:00


ℹ [9562/9577] Built Theorems.Thm_StickyKakeya4_original_bin_label_lift (12s)
info: stdout:
FIFO compiler ticket: 01791204450254295798-9118271550504584b626718098245a40.request
FIFO compiler acquired UTC: 2026-10-05T12:47:30.254727+00:00


ℹ [9563/9577] Replayed Theorems.Thm_StickyKakeya4_original_bourgain_graph_transfer
info: stdout:
FIFO compiler ticket: 01791173215890709511-3c2b00f474d9471a95ced17f1babcf10.request
FIFO compiler acquired UTC: 2026-10-05T04:06:55.891057+00:00


ℹ [9564/9577] Replayed Theorems.Thm_StickyKakeya4_original_triple_query_counts
info: stdout:
FIFO compiler ticket: 01791173432800995156-27c4e55eb754475ea94204715daba394.request
FIFO compiler acquired UTC: 2026-10-05T04:10:32.801471+00:00


ℹ [9565/9577] Replayed Theorems.Thm_StickyKakeya4_original_transverse_query_selection
info: stdout:
FIFO compiler ticket: 01791173440704618730-bc158825bda84fffa5bd8ecdeb12efce.request
FIFO compiler acquired UTC: 2026-10-05T04:10:40.704999+00:00


ℹ [9566/9577] Replayed Theorems.Thm_StickyKakeya4_original_two_projection_cartesian
info: stdout:
FIFO compiler ticket: 01791173391194525953-881733e95def4d13997bd413f852e194.request
FIFO compiler acquired UTC: 2026-10-05T04:09:51.194872+00:00


ℹ [9567/9577] Replayed Theorems.Thm_StickyKakeya4_original_two_projection_cover
info: stdout:
FIFO compiler ticket: 01791173400250612203-4e131e592f6143559d3f3f6ac3d21e4a.request
FIFO compiler acquired UTC: 2026-10-05T04:10:00.250956+00:00


ℹ [9568/9577] Replayed Theorems.Thm_StickyKakeya4_original_native_transverse_queries
info: stdout:
FIFO compiler ticket: 01791173447054424977-06d260f6f3b34e53b1230dbf5447e8d9.request
FIFO compiler acquired UTC: 2026-10-05T04:10:47.054778+00:00


ℹ [9569/9577] Replayed Theorems.Thm_StickyKakeya4_original_two_projection_real_graph
info: stdout:
FIFO compiler ticket: 01791173405995655318-477439fab90a43cb93bdd6a06a726a4e.request
FIFO compiler acquired UTC: 2026-10-05T04:10:05.996006+00:00


ℹ [9570/9577] Replayed Theorems.Thm_StickyKakeya4_original_coefficient_cover_net
info: stdout:
FIFO compiler ticket: 01791173316936066853-524ad3672cc14687ba495d9d46cc2c0b.request
FIFO compiler acquired UTC: 2026-10-05T04:08:36.936458+00:00


ℹ [9571/9577] Replayed Theorems.Thm_StickyKakeya4_original_tensor_frostman
info: stdout:
FIFO compiler ticket: 01791173225590520511-9cda3b3d109247f49c012622b84e1fcc.request
FIFO compiler acquired UTC: 2026-10-05T04:07:05.590867+00:00


ℹ [9572/9578] Built Theorems.Thm_StickyKakeya4_original_cartesian_query_family (13s)
info: stdout:
FIFO compiler ticket: 01791204462769852571-877dab1ed56a418292be83f779591ffe.request
FIFO compiler acquired UTC: 2026-10-05T12:47:42.770771+00:00


ℹ [9573/9580] Replayed Theorems.Thm_StickyKakeya4_original_coefficient_radius
info: stdout:
FIFO compiler ticket: 01791173227685295175-faa049ef1b8440ee9bc1077152de5ac5.request
FIFO compiler acquired UTC: 2026-10-05T04:07:07.685786+00:00


ℹ [9574/9580] Replayed Theorems.Thm_StickyKakeya4_original_coefficient_density_profile
info: stdout:
FIFO compiler ticket: 01791173229807842580-882822a3262d46cc993b76a26fd0188b.request
FIFO compiler acquired UTC: 2026-10-05T04:07:09.808185+00:00


ℹ [9575/9580] Replayed Theorems.Thm_StickyKakeya4_original_coefficient_normalization
info: stdout:
FIFO compiler ticket: 01791173234781524930-db8ebc8c895e47b5b056ceb3442b89ce.request
FIFO compiler acquired UTC: 2026-10-05T04:07:14.781918+00:00


ℹ [9576/9580] Replayed Theorems.Thm_StickyKakeya4_original_coefficient_profile_mesh_transfer
info: stdout:
FIFO compiler ticket: 01791173414571950527-7908f76430e24a87886bbfce437b012d.request
FIFO compiler acquired UTC: 2026-10-05T04:10:14.572336+00:00


ℹ [9577/9580] Replayed Theorems.Thm_StickyKakeya4_original_coefficient_profile_radius
info: stdout:
FIFO compiler ticket: 01791173232636562230-4053f711226a4677999c93d5d56a376e.request
FIFO compiler acquired UTC: 2026-10-05T04:07:12.637010+00:00


ℹ [9578/9580] Replayed Theorems.Thm_StickyKakeya4_original_coefficient_zero_removal
info: stdout:
FIFO compiler ticket: 01791173379310072025-6d73fc66639141c796912074d801e118.request
FIFO compiler acquired UTC: 2026-10-05T04:09:39.310463+00:00


ℹ [9579/9586] Built Theorems.Thm_StickyKakeya4_original_scalar_line_cover (57s)
info: stdout:
FIFO compiler ticket: 01791204476498526298-5489e69516dd4b14a4a6018683a00e2f.request
FIFO compiler acquired UTC: 2026-10-05T12:47:56.499269+00:00


ℹ [9580/9586] Replayed Theorems.Thm_StickyKakeya4_original_scalar_affine_packing
info: stdout:
FIFO compiler ticket: 01791173357268720058-d1ee83896dfc45ec9c42773640877f9b.request
FIFO compiler acquired UTC: 2026-10-05T04:09:17.269051+00:00


ℹ [9581/9586] Built Theorems.Thm_StickyKakeya4_original_scalar_collision_geometry (7.5s)
info: stdout:
FIFO compiler ticket: 01791204533724985136-143637e2610044e9966230a2d55d2204.request
FIFO compiler acquired UTC: 2026-10-05T12:48:53.725895+00:00


ℹ [9582/9586] Built Theorems.Thm_StickyKakeya4_original_common_radial_pairs (14s)
info: stdout:
FIFO compiler ticket: 01791204541269356529-cb83e16525ff43869993eed49248223e.request
FIFO compiler acquired UTC: 2026-10-05T12:49:01.269856+00:00


ℹ [9583/9589] Built Theorems.Thm_StickyKakeya4_original_scalar_collision_counts (18s)
info: stdout:
FIFO compiler ticket: 01791204555650289841-138e5edda0b94865931ed0ff69d1ff7d.request
FIFO compiler acquired UTC: 2026-10-05T12:49:15.651310+00:00


ℹ [9584/9590] Built Theorems.Thm_StickyKakeya4_original_line_collision_collapse (9.3s)
info: stdout:
FIFO compiler ticket: 01791204573731619516-73f2e1a37b51442fa9d44ae6b9a1ee38.request
FIFO compiler acquired UTC: 2026-10-05T12:49:33.732326+00:00


ℹ [9585/9590] Built Theorems.Thm_StickyKakeya4_original_direction_pair_count (3.5s)
info: stdout:
FIFO compiler ticket: 01791204583052467524-53ba7bcf44ae40f484a83908fc954673.request
FIFO compiler acquired UTC: 2026-10-05T12:49:43.052861+00:00


ℹ [9586/9591] Built Theorems.Thm_StickyKakeya4_original_common_fiber_projection (36s)
info: stdout:
FIFO compiler ticket: 01791204586781348294-f0ff80857cec415eae2e1a337f029555.request
FIFO compiler acquired UTC: 2026-10-05T12:49:46.781925+00:00


ℹ [9587/9591] Replayed Theorems.Thm_StickyKakeya4_original_dense_coefficient_counts
info: stdout:
FIFO compiler ticket: 01791173362869075560-dff14f9e17f94b48948ea034398ac745.request
FIFO compiler acquired UTC: 2026-10-05T04:09:22.869467+00:00


ℹ [9588/9592] Built Theorems.Thm_StickyKakeya4_original_directional_double_count (36s)
info: stdout:
FIFO compiler ticket: 01791204622884801724-711c28902a9f4a7fa08d8578c94a8208.request
FIFO compiler acquired UTC: 2026-10-05T12:50:22.885732+00:00


ℹ [9589/9592] Replayed Theorems.Thm_StickyKakeya4_original_dense_coefficient_energy
info: stdout:
FIFO compiler ticket: 01791173367919188812-4291113bd5d04aaf90f10000691efd8f.request
FIFO compiler acquired UTC: 2026-10-05T04:09:27.919563+00:00


ℹ [9590/9620] Built Theorems.Thm_StickyKakeya4_original_common_scalar_growth (36s)
info: stdout:
FIFO compiler ticket: 01791204659326639050-5aae010b2d8941b7ac5299c617101235.request
FIFO compiler acquired UTC: 2026-10-05T12:50:59.327651+00:00


ℹ [9591/9620] Replayed Theorems.Thm_StickyKakeya4_original_dense_coefficient_projection
info: stdout:
FIFO compiler ticket: 01791173370518934635-7e2285c1eb2d46688a3a2c5840c145d5.request
FIFO compiler acquired UTC: 2026-10-05T04:09:30.519282+00:00


ℹ [9592/9620] Replayed Theorems.Thm_StickyKakeya4_original_full_coefficient_normalization
info: stdout:
FIFO compiler ticket: 01791173237192205396-a4e006bc0b4b4fdbac67c802f9a92947.request
FIFO compiler acquired UTC: 2026-10-05T04:07:17.192572+00:00


ℹ [9593/9620] Replayed Theorems.Thm_StickyKakeya4_original_polynomial_slab
info: stdout:
FIFO compiler ticket: 01791173239421309783-22b6800b98084bebb3911e1beb4437c2.request
FIFO compiler acquired UTC: 2026-10-05T04:07:19.421755+00:00


ℹ [9594/9620] Replayed Theorems.Thm_StickyKakeya4_original_slab_overlap
info: stdout:
FIFO compiler ticket: 01791173242626011755-bb4cada906bd4b698e2c844c25668853.request
FIFO compiler acquired UTC: 2026-10-05T04:07:22.626361+00:00


ℹ [9595/9620] Replayed Theorems.Thm_StickyKakeya4_original_polynomial_elimination
info: stdout:
FIFO compiler ticket: 01791173247097977898-c53a69babc6c4b2d9a0924f0e442fdd4.request
FIFO compiler acquired UTC: 2026-10-05T04:07:27.098321+00:00


ℹ [9596/9620] Replayed Theorems.Thm_StickyKakeya4_original_slab_relation
info: stdout:
FIFO compiler ticket: 01791173251955244388-80f23187f8494b77a9f808c3e0fb97ae.request
FIFO compiler acquired UTC: 2026-10-05T04:07:31.955624+00:00


ℹ [9597/9620] Replayed Theorems.Thm_StickyKakeya4_original_slab_collision
info: stdout:
FIFO compiler ticket: 01791173256818467909-49a3b82949184cb1b748e0a2609d4206.request
FIFO compiler acquired UTC: 2026-10-05T04:07:36.818808+00:00


ℹ [9598/9620] Replayed Theorems.Thm_StickyKakeya4_original_polynomial_dimension_drop
info: stdout:
FIFO compiler ticket: 01791173249647752125-c64559868b324178be0c72421ee6e378.request
FIFO compiler acquired UTC: 2026-10-05T04:07:29.648090+00:00


ℹ [9599/9620] Replayed Theorems.Thm_StickyKakeya4_original_finite_dimension_reduction
info: stdout:
FIFO compiler ticket: 01791173265639976946-015731fc0ad74fa8a168ec362ac885e2.request
FIFO compiler acquired UTC: 2026-10-05T04:07:45.640513+00:00


ℹ [9600/9620] Replayed Theorems.Thm_StickyKakeya4_original_quadratic_words
info: stdout:
FIFO compiler ticket: 01791173254493632437-b10e692560ea444697b9cf41c8647ae5.request
FIFO compiler acquired UTC: 2026-10-05T04:07:34.494286+00:00


ℹ [9601/9620] Replayed Theorems.Thm_StickyKakeya4_original_pure_quadratic_dimension_drop
info: stdout:
FIFO compiler ticket: 01791173267880271815-dcc6d34bf1ee489c93de0d8052af1d49.request
FIFO compiler acquired UTC: 2026-10-05T04:07:47.880643+00:00


ℹ [9602/9620] Replayed Theorems.Thm_StickyKakeya4_original_quadratic_word_bounds
info: stdout:
FIFO compiler ticket: 01791173263129108642-93da31a739054e7a8e655b0aec162a79.request
FIFO compiler acquired UTC: 2026-10-05T04:07:43.129494+00:00


ℹ [9603/9620] Replayed Theorems.Thm_StickyKakeya4_original_uniform_quadratic_step
info: stdout:
FIFO compiler ticket: 01791173270363516362-0fc87712b4b746a28dde1a9d9d0d13df.request
FIFO compiler acquired UTC: 2026-10-05T04:07:50.363865+00:00


ℹ [9604/9620] Replayed Theorems.Thm_StickyKakeya4_original_polynomial_word_length
info: stdout:
FIFO compiler ticket: 01791173260462271587-2ce4e1eb9f4447e191f2fb4d1f043eb2.request
FIFO compiler acquired UTC: 2026-10-05T04:07:40.462662+00:00


ℹ [9605/9620] Replayed Theorems.Thm_StickyKakeya4_original_uniform_polynomial_iteration
info: stdout:
FIFO compiler ticket: 01791173273273040361-164898f279cb451aa86050c7b20e785c.request
FIFO compiler acquired UTC: 2026-10-05T04:07:53.273448+00:00


ℹ [9606/9620] Replayed Theorems.Thm_StickyKakeya4_original_polynomial_coefficient_grid
info: stdout:
FIFO compiler ticket: 01791173279931120022-7abcf77da9254031bb1d376c8b44a592.request
FIFO compiler acquired UTC: 2026-10-05T04:07:59.931491+00:00


ℹ [9607/9620] Replayed Theorems.Thm_StickyKakeya4_original_tensor_coefficient_collision
info: stdout:
FIFO compiler ticket: 01791173286301006446-5ff1719b97154098b387498e4859e8fe.request
FIFO compiler acquired UTC: 2026-10-05T04:08:06.301353+00:00


ℹ [9608/9620] Replayed Theorems.Thm_StickyKakeya4_original_tensor_coefficient_permutation
info: stdout:
FIFO compiler ticket: 01791173291412704796-e98123b04d01419a8eed434f952df47f.request
FIFO compiler acquired UTC: 2026-10-05T04:08:11.413185+00:00


ℹ [9609/9620] Replayed Theorems.Thm_StickyKakeya4_original_tensor_projection_pairs
info: stdout:
FIFO compiler ticket: 01791173301706302490-d0ceb3be66114a008b25ba2a39b69c87.request
FIFO compiler acquired UTC: 2026-10-05T04:08:21.706687+00:00


ℹ [9610/9620] Replayed Theorems.Thm_StickyKakeya4_original_tensor_quadratic_caps
info: stdout:
FIFO compiler ticket: 01791173304216795062-477bf4f54a7145b7835bcaf5a2401a57.request
FIFO compiler acquired UTC: 2026-10-05T04:08:24.218069+00:00


ℹ [9611/9620] Replayed Theorems.Thm_StickyKakeya4_original_high_dimensional_projection_energy
info: stdout:
FIFO compiler ticket: 01791173308920966679-49552cae8ea44d13b2bb3df5a403d888.request
FIFO compiler acquired UTC: 2026-10-05T04:08:28.921311+00:00


ℹ [9612/9620] Replayed Theorems.Thm_StickyKakeya4_original_polynomial_word_homogeneity
info: stdout:
FIFO compiler ticket: 01791173299158134269-86a2e74e7b8f42f2868d869f37e8cd38.request
FIFO compiler acquired UTC: 2026-10-05T04:08:19.158541+00:00


ℹ [9613/9620] Replayed Theorems.Thm_StickyKakeya4_original_polynomial_mesh_transfer
info: stdout:
FIFO compiler ticket: 01791173306511541550-45f56171fe8e4fd6ae90d1e62f800caa.request
FIFO compiler acquired UTC: 2026-10-05T04:08:26.511905+00:00


ℹ [9614/9620] Replayed Theorems.Thm_StickyKakeya4_original_edge_retaining_bsg
info: stdout:
FIFO compiler ticket: 01791173120236412614-d5ae13379f5a4c33837c4180b174d7b0.request
FIFO compiler acquired UTC: 2026-10-05T04:05:20.236883+00:00


ℹ [9615/9621] Replayed Theorems.Thm_StickyKakeya4_original_tensor_projection_selection
info: stdout:
FIFO compiler ticket: 01791173314573270563-de1cff20554645419f758651f7ad1457.request
FIFO compiler acquired UTC: 2026-10-05T04:08:34.573674+00:00


ℹ [9616/9621] Built Theorems.Thm_StickyKakeya4_original_euclidean_affine_avoidance (7.1s)
info: stdout:
FIFO compiler ticket: 01791204695471249901-2212999ca1da4a3d908fc4ad9dbe7b98.request
FIFO compiler acquired UTC: 2026-10-05T12:51:35.472104+00:00


ℹ [9617/9629] Replayed Theorems.Thm_StickyKakeya4_original_normalized_polynomial_cover
info: stdout:
FIFO compiler ticket: 01791173319205475662-8e8b6a2a56de4bb297a4882c41f0070c.request
FIFO compiler acquired UTC: 2026-10-05T04:08:39.205866+00:00


ℹ [9618/9629] Replayed Theorems.Thm_StickyKakeya4_original_dense_polynomial_coefficients
info: stdout:
FIFO compiler ticket: 01791173321431169932-cb9ed955dbb442319920e5a7cd7486dd.request
FIFO compiler acquired UTC: 2026-10-05T04:08:41.431553+00:00


ℹ [9619/9629] Built Theorems.Thm_StickyKakeya4_original_fixed_internal_eta (5.2s)
info: stdout:
FIFO compiler ticket: 01791204702565789922-b16766e8e61e42759cbca1bc0cd7a328.request
FIFO compiler acquired UTC: 2026-10-05T12:51:42.566244+00:00


ℹ [9620/9629] Replayed Theorems.Thm_StickyKakeya4_original_fractional_linear_coefficient_profile
info: stdout:
FIFO compiler ticket: 01791173408821889254-5dcc20614c044c919f4444e7389748ae.request
FIFO compiler acquired UTC: 2026-10-05T04:10:08.822231+00:00


ℹ [9621/9629] Replayed Theorems.Thm_StickyKakeya4_original_shared_fiber_pruning
info: stdout:
FIFO compiler ticket: 01791173490127416835-04aa05be8330474c87a198ad867cbbe6.request
FIFO compiler acquired UTC: 2026-10-05T04:11:30.128428+00:00


ℹ [9622/9629] Replayed Theorems.Thm_StickyKakeya4_original_rich_alphabet_profile
info: stdout:
FIFO compiler ticket: 01791173493604117621-53ad55d121ee448b922502bb3f5137a8.request
FIFO compiler acquired UTC: 2026-10-05T04:11:33.604513+00:00


ℹ [9623/9629] Replayed Theorems.Thm_StickyKakeya4_original_kaufman_shared_host
info: stdout:
FIFO compiler ticket: 01791173503605935486-4b2c2f35d04e45d19ff702d969674bf6.request
FIFO compiler acquired UTC: 2026-10-05T04:11:43.606308+00:00


ℹ [9624/9630] Replayed Theorems.Thm_StickyKakeya4_original_weak_alphabet_selection
info: stdout:
FIFO compiler ticket: 01791173500558951635-9f3610a7a35140ec9ec5d877060a314d.request
FIFO compiler acquired UTC: 2026-10-05T04:11:40.559293+00:00


ℹ [9625/9630] Built Theorems.Thm_StickyKakeya4_original_full_direction_phase_edges (82s)
info: stdout:
FIFO compiler ticket: 01791204707946427928-eefd91c0e9bf45f89f19eeb8a7f1a8e8.request
FIFO compiler acquired UTC: 2026-10-05T12:51:47.946890+00:00


ℹ [9626/9630] Replayed Theorems.Thm_StickyKakeya4_original_profiled_third_query_family
info: stdout:
FIFO compiler ticket: 01791173508863644662-7389d3e39f2042569d886f238004055c.request
FIFO compiler acquired UTC: 2026-10-05T04:11:48.864027+00:00


ℹ [9627/9630] Built Theorems.Thm_StickyKakeya4_original_global_projection_multiplicity (95s)
info: stdout:
FIFO compiler ticket: 01791204790577213572-7ef45a41ba32494c8c77d2903dea4003.request
FIFO compiler acquired UTC: 2026-10-05T12:53:10.577938+00:00


ℹ [9628/9644] Replayed Theorems.Thm_StickyKakeya4_original_fresh_projection_queries
info: stdout:
FIFO compiler ticket: 01791173512232127734-3f2005ebdcba4befb81c3f6f52105301.request
FIFO compiler acquired UTC: 2026-10-05T04:11:52.232500+00:00


ℹ [9629/9644] Built Theorems.Thm_StickyKakeya4_original_graph_radial_growth (113s)
info: stdout:
FIFO compiler ticket: 01791204886129368802-0e064d31bf90421eb333c7fb39e3a1a2.request
FIFO compiler acquired UTC: 2026-10-05T12:54:46.130363+00:00


ℹ [9630/9644] Replayed Theorems.Thm_StickyKakeya4_original_rounded_ruzsa_cover
info: stdout:
FIFO compiler ticket: 01791173332399212825-ed618e8fc7f749b59c39740a372ab1aa.request
FIFO compiler acquired UTC: 2026-10-05T04:08:52.399583+00:00


ℹ [9631/9644] Replayed Theorems.Thm_StickyKakeya4_original_rounded_ring_product
info: stdout:
FIFO compiler ticket: 01791173338002487209-041cd96e14d6431e943841749e1a2509.request
FIFO compiler acquired UTC: 2026-10-05T04:08:58.002837+00:00


ℹ [9632/9644] Replayed Theorems.Thm_StickyKakeya4_original_monomial_small_cover
info: stdout:
FIFO compiler ticket: 01791173346851063951-085f7477978449b7a07028c4ab7414d3.request
FIFO compiler acquired UTC: 2026-10-05T04:09:06.851438+00:00


ℹ [9633/9644] Replayed Theorems.Thm_StickyKakeya4_original_signed_coefficient_cover
info: stdout:
FIFO compiler ticket: 01791173343883977484-146fee47a154474a96b0fd6008e24ea3.request
FIFO compiler acquired UTC: 2026-10-05T04:09:03.884430+00:00


ℹ [9634/9644] Replayed Theorems.Thm_StickyKakeya4_original_selected_word_cover
info: stdout:
FIFO compiler ticket: 01791173352111671396-5a80e99dea4b45a890395b78deb23726.request
FIFO compiler acquired UTC: 2026-10-05T04:09:12.112024+00:00


ℹ [9635/9644] Replayed Theorems.Thm_StickyKakeya4_original_polynomial_ring_cover
info: stdout:
FIFO compiler ticket: 01791173354880480752-af06ebb499954b1e8c08d6ab254e28a4.request
FIFO compiler acquired UTC: 2026-10-05T04:09:14.880821+00:00


ℹ [9636/9644] Replayed Theorems.Thm_StickyKakeya4_original_weak_scalar_word_cost
info: stdout:
FIFO compiler ticket: 01791173359555592904-9fe86e61f4bc477eb0afbe90060bb67a.request
FIFO compiler acquired UTC: 2026-10-05T04:09:19.555937+00:00

info: Theorems/Thm_StickyKakeya4_original_weak_scalar_word_cost.lean:29:57: Try this:
  [apply] ring_nf
  
  The `ring` tactic failed to close the goal. Use `ring_nf` to obtain a normal form.
    
  Note that `ring` works primarily in *commutative* rings. If you have a noncommutative ring, abelian group or module, consider using `noncomm_ring`, `abel` or `module` instead.
info: stdout:
FIFO compiler ticket: 01791173359555592904-9fe86e61f4bc477eb0afbe90060bb67a.request
FIFO compiler acquired UTC: 2026-10-05T04:09:19.555937+00:00

info: Theorems/Thm_StickyKakeya4_original_weak_scalar_word_cost.lean:33:6: Try this:
  [apply] ring_nf
  
  The `ring` tactic failed to close the goal. Use `ring_nf` to obtain a normal form.
    
  Note that `ring` works primarily in *commutative* rings. If you have a noncommutative ring, abelian group or module, consider using `noncomm_ring`, `abel` or `module` instead.
info: stdout:
FIFO compiler ticket: 01791173359555592904-9fe86e61f4bc477eb0afbe90060bb67a.request
FIFO compiler acquired UTC: 2026-10-05T04:09:19.555937+00:00

info: Theorems/Thm_StickyKakeya4_original_weak_scalar_word_cost.lean:42:55: Try this:
  [apply] ring_nf
  
  The `ring` tactic failed to close the goal. Use `ring_nf` to obtain a normal form.
    
  Note that `ring` works primarily in *commutative* rings. If you have a noncommutative ring, abelian group or module, consider using `noncomm_ring`, `abel` or `module` instead.
info: stdout:
FIFO compiler ticket: 01791173359555592904-9fe86e61f4bc477eb0afbe90060bb67a.request
FIFO compiler acquired UTC: 2026-10-05T04:09:19.555937+00:00

info: Theorems/Thm_StickyKakeya4_original_weak_scalar_word_cost.lean:46:8: Try this:
  [apply] ring_nf
  
  The `ring` tactic failed to close the goal. Use `ring_nf` to obtain a normal form.
    
  Note that `ring` works primarily in *commutative* rings. If you have a noncommutative ring, abelian group or module, consider using `noncomm_ring`, `abel` or `module` instead.
info: stdout:
FIFO compiler ticket: 01791173359555592904-9fe86e61f4bc477eb0afbe90060bb67a.request
FIFO compiler acquired UTC: 2026-10-05T04:09:19.555937+00:00

info: Theorems/Thm_StickyKakeya4_original_weak_scalar_word_cost.lean:51:2: Try this:
  [apply] ring_nf
  
  The `ring` tactic failed to close the goal. Use `ring_nf` to obtain a normal form.
    
  Note that `ring` works primarily in *commutative* rings. If you have a noncommutative ring, abelian group or module, consider using `noncomm_ring`, `abel` or `module` instead.
info: stdout:
FIFO compiler ticket: 01791173359555592904-9fe86e61f4bc477eb0afbe90060bb67a.request
FIFO compiler acquired UTC: 2026-10-05T04:09:19.555937+00:00

info: Theorems/Thm_StickyKakeya4_original_weak_scalar_word_cost.lean:97:8: Try this:
  [apply] ring_nf
  
  The `ring` tactic failed to close the goal. Use `ring_nf` to obtain a normal form.
    
  Note that `ring` works primarily in *commutative* rings. If you have a noncommutative ring, abelian group or module, consider using `noncomm_ring`, `abel` or `module` instead.
info: stdout:
FIFO compiler ticket: 01791173359555592904-9fe86e61f4bc477eb0afbe90060bb67a.request
FIFO compiler acquired UTC: 2026-10-05T04:09:19.555937+00:00


ℹ [9637/9647] Replayed Theorems.Thm_StickyKakeya4_original_weak_scalar_finite_comparison
info: stdout:
FIFO compiler ticket: 01791173373009574405-25dab51161b347e48a7f85baf7d4ae48.request
FIFO compiler acquired UTC: 2026-10-05T04:09:33.011140+00:00


ℹ [9638/9647] Replayed Theorems.Thm_StickyKakeya4_original_weak_scalar_power_comparison
info: stdout:
FIFO compiler ticket: 01791173365191474962-d2715a175b9b46da917dcce1b9c86439.request
FIFO compiler acquired UTC: 2026-10-05T04:09:25.191832+00:00

info: Theorems/Thm_StickyKakeya4_original_weak_scalar_power_comparison.lean:70:8: Try this:
  [apply] ring_nf
  
  The `ring` tactic failed to close the goal. Use `ring_nf` to obtain a normal form.
    
  Note that `ring` works primarily in *commutative* rings. If you have a noncommutative ring, abelian group or module, consider using `noncomm_ring`, `abel` or `module` instead.
info: stdout:
FIFO compiler ticket: 01791173365191474962-d2715a175b9b46da917dcce1b9c86439.request
FIFO compiler acquired UTC: 2026-10-05T04:09:25.191832+00:00

info: Theorems/Thm_StickyKakeya4_original_weak_scalar_power_comparison.lean:83:8: Try this:
  [apply] ring_nf
  
  The `ring` tactic failed to close the goal. Use `ring_nf` to obtain a normal form.
    
  Note that `ring` works primarily in *commutative* rings. If you have a noncommutative ring, abelian group or module, consider using `noncomm_ring`, `abel` or `module` instead.
info: stdout:
FIFO compiler ticket: 01791173365191474962-d2715a175b9b46da917dcce1b9c86439.request
FIFO compiler acquired UTC: 2026-10-05T04:09:25.191832+00:00

info: Theorems/Thm_StickyKakeya4_original_weak_scalar_power_comparison.lean:90:8: Try this:
  [apply] ring_nf
  
  The `ring` tactic failed to close the goal. Use `ring_nf` to obtain a normal form.
    
  Note that `ring` works primarily in *commutative* rings. If you have a noncommutative ring, abelian group or module, consider using `noncomm_ring`, `abel` or `module` instead.
info: stdout:
FIFO compiler ticket: 01791173365191474962-d2715a175b9b46da917dcce1b9c86439.request
FIFO compiler acquired UTC: 2026-10-05T04:09:25.191832+00:00


ℹ [9639/9647] Replayed Theorems.Thm_StickyKakeya4_original_weak_scalar_power_parameters
info: stdout:
FIFO compiler ticket: 01791173435874457414-5499d18bfb3542968b91400c51e0d459.request
FIFO compiler acquired UTC: 2026-10-05T04:10:35.874807+00:00


ℹ [9640/9647] Replayed Theorems.Thm_StickyKakeya4_original_weak_scalar_positive_power
info: stdout:
FIFO compiler ticket: 01791173444488560941-8315fb798f90401ea91075a4b5a7746d.request
FIFO compiler acquired UTC: 2026-10-05T04:10:44.488915+00:00


ℹ [9641/9647] Replayed Theorems.Thm_StickyKakeya4_original_grid_bourgain_transfer
info: stdout:
FIFO compiler ticket: 01791173449813733100-ba25a339030140c388e46a247674bf51.request
FIFO compiler acquired UTC: 2026-10-05T04:10:49.814082+00:00


ℹ [9642/9647] Built Theorems.Thm_StickyKakeya4_original_height_rescaling (100s)
info: stdout:
FIFO compiler ticket: 01791204999656086524-9e453797c1254f7eb1b791d2e2aa5fd6.request
FIFO compiler acquired UTC: 2026-10-05T12:56:39.656827+00:00


ℹ [9643/9647] Replayed Theorems.Thm_StickyKakeya4_original_integer_structured_difference
info: stdout:
FIFO compiler ticket: 01791173451829739395-e5a1c018cb714ce69f7c924a7bb556ff.request
FIFO compiler acquired UTC: 2026-10-05T04:10:51.830084+00:00


ℹ [9644/9649] Replayed Theorems.Thm_StickyKakeya4_original_robust_projection_exhaustion
info: stdout:
FIFO compiler ticket: 01791174562601959845-acc51274e2234c56b73d92fad9a48d0d.request
FIFO compiler acquired UTC: 2026-10-05T04:29:22.602967+00:00


ℹ [9645/9650] Replayed Theorems.Thm_StickyKakeya4_original_weighted_direction_gluing
info: stdout:
FIFO compiler ticket: 01791174588738848261-6cf0a7478a8640198e4b6a83afca1f3d.request
FIFO compiler acquired UTC: 2026-10-05T04:29:48.739981+00:00


ℹ [9646/9650] Built Theorems.Thm_StickyKakeya4_original_macro_phase_source_envelope (110s)
info: stdout:
FIFO compiler ticket: 01791205100214838113-0287c46963e54560b9aece658445263c.request
FIFO compiler acquired UTC: 2026-10-05T12:58:20.215490+00:00


ℹ [9647/9650] Replayed Theorems.Thm_StickyKakeya4_original_local_to_global_robust_projection
info: stdout:
FIFO compiler ticket: 01791174615350843267-96caca4b32fb4a02b22168dafe77a508.request
FIFO compiler acquired UTC: 2026-10-05T04:30:15.351840+00:00


ℹ [9648/9650] Built Theorems.Thm_StickyKakeya4_original_macro_tube_lower (89s)
info: stdout:
FIFO compiler ticket: 01791205210202822600-4662b2d4665f492c9a15bbfc3d8e9e41.request
FIFO compiler acquired UTC: 2026-10-05T13:00:10.203431+00:00


ℹ [9649/9664] Built Theorems.Thm_StickyKakeya4_original_macro_w_tuple_readback (85s)
info: stdout:
FIFO compiler ticket: 01791205300001167039-0fbb72c57c7745adb95d851c230744a7.request
FIFO compiler acquired UTC: 2026-10-05T13:01:40.001994+00:00


ℹ [9650/9664] Replayed Theorems.Thm_StickyKakeya4_original_source_edge_bsg
info: stdout:
FIFO compiler ticket: 01791173168364497538-8689fe426cab4af0b35ccb692490442b.request
FIFO compiler acquired UTC: 2026-10-05T04:06:08.364935+00:00


ℹ [9651/9664] Replayed Theorems.Thm_StickyKakeya4_original_recoded_graph_source
info: stdout:
FIFO compiler ticket: 01791173454581402179-643947f2fc904bc2b808704edf820a06.request
FIFO compiler acquired UTC: 2026-10-05T04:10:54.581780+00:00


ℹ [9652/9664] Replayed Theorems.Thm_StickyKakeya4_original_native_projection_recode
info: stdout:
FIFO compiler ticket: 01791173462261536933-140947e701bf4d7ea2eb4ef580de00f0.request
FIFO compiler acquired UTC: 2026-10-05T04:11:02.261928+00:00


ℹ [9653/9664] Replayed Theorems.Thm_StickyKakeya4_original_normalized_fractional_coefficient_profile
info: stdout:
FIFO compiler ticket: 01791173423621112936-9cf9c0fd60ed4e8a981cdcceb4cf16e2.request
FIFO compiler acquired UTC: 2026-10-05T04:10:23.621494+00:00


ℹ [9654/9664] Replayed Theorems.Thm_StickyKakeya4_original_weighted_third_query_cover
info: stdout:
FIFO compiler ticket: 01791173430307618382-216f142071f0401e935e1f23e7cd4b55.request
FIFO compiler acquired UTC: 2026-10-05T04:10:30.307994+00:00


ℹ [9655/9664] Replayed Theorems.Thm_StickyKakeya4_original_native_recoded_query_cover
info: stdout:
FIFO compiler ticket: 01791173464647016769-e163c7156a064613b6d3cc72e744088b.request
FIFO compiler acquired UTC: 2026-10-05T04:11:04.647422+00:00


ℹ [9656/9664] Replayed Theorems.Thm_StickyKakeya4_original_structured_graph_growth
info: stdout:
FIFO compiler ticket: 01791173459756497546-611b7fb568ca49f4bd3878f712aab0f9.request
FIFO compiler acquired UTC: 2026-10-05T04:10:59.756857+00:00


ℹ [9657/9673] Replayed Theorems.Thm_StickyKakeya4_original_native_projection_bsg_core
info: stdout:
FIFO compiler ticket: 01791173470193323087-3fc394357bb3420eb4c6abbbce44c737.request
FIFO compiler acquired UTC: 2026-10-05T04:11:10.193738+00:00


ℹ [9658/9673] Replayed Theorems.Thm_StickyKakeya4_original_native_structured_power_bounds
info: stdout:
FIFO compiler ticket: 01791173467095773634-741f5494398a48b8a82dea362a2b12df.request
FIFO compiler acquired UTC: 2026-10-05T04:11:07.096115+00:00


ℹ [9659/9673] Replayed Theorems.Thm_StickyKakeya4_original_recoded_alphabet_profile
info: stdout:
FIFO compiler ticket: 01791173457096650450-047011a436804d059bfb54049345a2d8.request
FIFO compiler acquired UTC: 2026-10-05T04:10:57.097007+00:00


ℹ [9660/9673] Replayed Theorems.Thm_StickyKakeya4_original_native_core_failure_obstruction
info: stdout:
FIFO compiler ticket: 01791173514857565628-ba5029f2a5db4462a2cb7e6cb9165427.request
FIFO compiler acquired UTC: 2026-10-05T04:11:54.857975+00:00


ℹ [9661/9673] Replayed Theorems.Thm_StickyKakeya4_original_native_projection_failure_comparison
info: stdout:
FIFO compiler ticket: 01791173518110680409-6407896a3992403bb41bfa03cc181384.request
FIFO compiler acquired UTC: 2026-10-05T04:11:58.111023+00:00


ℹ [9662/9673] Replayed Theorems.Thm_StickyKakeya4_original_native_power_algebra
info: stdout:
FIFO compiler ticket: 01791173539230243528-93fa477324da47cbb09cae5c65f09a63.request
FIFO compiler acquired UTC: 2026-10-05T04:12:19.231548+00:00


ℹ [9663/9673] Replayed Theorems.Thm_StickyKakeya4_original_native_comparison_power_algebra
info: stdout:
FIFO compiler ticket: 01791173562595098714-77ccbe6d01ea4a27baa68a078451878f.request
FIFO compiler acquired UTC: 2026-10-05T04:12:42.596165+00:00


ℹ [9664/9673] Replayed Theorems.Thm_StickyKakeya4_original_native_cover_scale_budget
info: stdout:
FIFO compiler ticket: 01791174262166575451-5d4da41f58054a928b9db659893e12a3.request
FIFO compiler acquired UTC: 2026-10-05T04:24:22.167677+00:00


ℹ [9665/9673] Replayed Theorems.Thm_StickyKakeya4_original_native_local_robust_projection
info: stdout:
FIFO compiler ticket: 01791174312291320272-6953a447d3f24f64ba6f1321ad788a60.request
FIFO compiler acquired UTC: 2026-10-05T04:25:12.292517+00:00


ℹ [9666/9673] Replayed Theorems.Thm_StickyKakeya4_original_native_profile_power_algebra
info: stdout:
FIFO compiler ticket: 01791173584687655646-9b0313fe10654ac9ab9576cbbf64d4b8.request
FIFO compiler acquired UTC: 2026-10-05T04:13:04.688792+00:00


ℹ [9667/9673] Replayed Theorems.Thm_StickyKakeya4_original_native_projection_power_cutoff
info: stdout:
FIFO compiler ticket: 01791174646622246786-0168dae6b64f447b8792d7bb500894e8.request
FIFO compiler acquired UTC: 2026-10-05T04:30:46.622655+00:00


ℹ [9668/9673] Replayed Theorems.Thm_StickyKakeya4_original_native_numeric_budgets
info: stdout:
FIFO compiler ticket: 01791174670106771607-ea59823917a74f3d9b1b7752559176ea.request
FIFO compiler acquired UTC: 2026-10-05T04:31:10.107935+00:00


ℹ [9669/9673] Replayed Theorems.Thm_StickyKakeya4_original_native_robust_residuals
info: stdout:
FIFO compiler ticket: 01791174382073480222-7ff53eea276a4569bd8a1aab98305f92.request
FIFO compiler acquired UTC: 2026-10-05T04:26:22.074479+00:00


ℹ [9670/9673] Replayed Theorems.Thm_StickyKakeya4_original_native_robust_global_assembly
info: stdout:
FIFO compiler ticket: 01791174643045049555-6e1d2126dd05445a82dc5625c1b30317.request
FIFO compiler acquired UTC: 2026-10-05T04:30:43.046112+00:00


ℹ [9671/9673] Replayed Theorems.Thm_StickyKakeya4_original_native_uniform_budget
info: stdout:
FIFO compiler ticket: 01791174696071084940-b4c209e0eef14ac8aa82aae8fa2af10c.request
FIFO compiler acquired UTC: 2026-10-05T04:31:36.072159+00:00


ℹ [9672/9676] Built Theorems.Thm_StickyKakeya4_original_real_energy_bin_caller (23s)
info: stdout:
FIFO compiler ticket: 01791205384961723181-6a5cb13d7a634ab790414e16410bfd34.request
FIFO compiler acquired UTC: 2026-10-05T13:03:04.962479+00:00


ℹ [9673/9677] Built Theorems.Thm_StickyKakeya4_original_terminal_collision_source_costs (12s)
info: stdout:
FIFO compiler ticket: 01791205408108231047-465a9c8dd38d4aa79f29710e552ace1e.request
FIFO compiler acquired UTC: 2026-10-05T13:03:28.109474+00:00


ℹ [9674/9677] Built Theorems.Thm_StickyKakeya4_original_robust_kaufman_image (9.7s)
info: stdout:
FIFO compiler ticket: 01791205420724152902-34db6cf29afb4b889501b9768a993346.request
FIFO compiler acquired UTC: 2026-10-05T13:03:40.724888+00:00


ℹ [9675/9678] Built Theorems.Thm_StickyKakeya4_original_retained_incidence_degree (4.5s)
info: stdout:
FIFO compiler ticket: 01791205430395426474-a09ea6b24fa749078206aea7dec233b8.request
FIFO compiler acquired UTC: 2026-10-05T13:03:50.395774+00:00


ℹ [9676/9680] Built Theorems.Thm_StickyKakeya4_original_shading_coarse_frostman (3.7s)
info: stdout:
FIFO compiler ticket: 01791205434915322610-1dbf1b20433343d89697e84fa17bf6c1.request
FIFO compiler acquired UTC: 2026-10-05T13:03:54.915703+00:00


ℹ [9677/9680] Replayed Theorems.Thm_StickyKakeya4_original_uniform_weak_robust_projection
info: stdout:
FIFO compiler ticket: 01791174721434061347-200b9d50408f419e8830b34b7a5994f7.request
FIFO compiler acquired UTC: 2026-10-05T04:32:01.435230+00:00


⚠ [9678/9681] Built Theorems.Thm_StickyKakeya4_packing_piece_return_budget (90s)
info: stdout:
FIFO compiler ticket: 01791205438840370007-5b7f9abae0784f879691b02f9c5cfb03.request
FIFO compiler acquired UTC: 2026-10-05T13:03:58.840794+00:00

warning: Theorems/Thm_StickyKakeya4_packing_piece_return_budget.lean:100:2: Try this: 
  letI̵

The goal is a proposition, so `let` is preferred over `letI`.
The difference between `let` and `letI` is that `letI` inlines the value.
But this is not relevant for proofs because of proof irrelevance.

Note: This linter can be disabled with `set_option linter.style.haveILetI false`
info: stdout:
FIFO compiler ticket: 01791205438840370007-5b7f9abae0784f879691b02f9c5cfb03.request
FIFO compiler acquired UTC: 2026-10-05T13:03:58.840794+00:00

warning: Theorems/Thm_StickyKakeya4_packing_piece_return_budget.lean:101:2: Try `simp at hunivZero` instead of `simpa using hunivZero`

Note: This linter can be disabled with `set_option linter.unnecessarySimpa false`
info: stdout:
FIFO compiler ticket: 01791205438840370007-5b7f9abae0784f879691b02f9c5cfb03.request
FIFO compiler acquired UTC: 2026-10-05T13:03:58.840794+00:00

warning: Theorems/Thm_StickyKakeya4_packing_piece_return_budget.lean:271:16: Used `tac1 <;> tac2` where `(tac1; tac2)` would suffice

Note: This linter can be disabled with `set_option linter.unnecessarySeqFocus false`
info: stdout:
FIFO compiler ticket: 01791205438840370007-5b7f9abae0784f879691b02f9c5cfb03.request
FIFO compiler acquired UTC: 2026-10-05T13:03:58.840794+00:00


ℹ [9679/9681] Built Theorems.Thm_StickyKakeya4_padded_physical_cell_witness (103s)
info: stdout:
FIFO compiler ticket: 01791205529376321124-c3f006a428a64896bcbaa63b44dea6bd.request
FIFO compiler acquired UTC: 2026-10-05T13:05:29.376959+00:00


ℹ [9680/9683] Built Theorems.Thm_StickyKakeya4_padded_rescaling_cubical_source (94s)
info: stdout:
FIFO compiler ticket: 01791205632596072140-4b845b9730754e389214a6236f22b0d2.request
FIFO compiler acquired UTC: 2026-10-05T13:07:12.597034+00:00


ℹ [9681/9685] Built Theorems.Thm_StickyKakeya4_scalar_borel_projection_energy (15s)
info: stdout:
FIFO compiler ticket: 01791205727039123318-7b6fd386a64d45d3a609288010c25012.request
FIFO compiler acquired UTC: 2026-10-05T13:08:47.039905+00:00


ℹ [9682/9686] Built Theorems.Thm_StickyKakeya4_parameterized_scalar_potential (23s)
info: stdout:
FIFO compiler ticket: 01791205742893218184-834f5c3fe79f42cc87b9585f70710775.request
FIFO compiler acquired UTC: 2026-10-05T13:09:02.894068+00:00


⚠ [9683/9687] Built Theorems.Thm_StickyKakeya4_retained_cell_return_firewall (46s)
info: stdout:
FIFO compiler ticket: 01791205766716447926-50e51f5001f0439a802c00d52b5c2a4b.request
FIFO compiler acquired UTC: 2026-10-05T13:09:26.717244+00:00

warning: Theorems/Thm_StickyKakeya4_retained_cell_return_firewall.lean:400:50: Used `tac1 <;> tac2` where `(tac1; tac2)` would suffice

Note: This linter can be disabled with `set_option linter.unnecessarySeqFocus false`
info: stdout:
FIFO compiler ticket: 01791205766716447926-50e51f5001f0439a802c00d52b5c2a4b.request
FIFO compiler acquired UTC: 2026-10-05T13:09:26.717244+00:00

warning: Theorems/Thm_StickyKakeya4_retained_cell_return_firewall.lean:605:50: Used `tac1 <;> tac2` where `(tac1; tac2)` would suffice

Note: This linter can be disabled with `set_option linter.unnecessarySeqFocus false`
info: stdout:
FIFO compiler ticket: 01791205766716447926-50e51f5001f0439a802c00d52b5c2a4b.request
FIFO compiler acquired UTC: 2026-10-05T13:09:26.717244+00:00


ℹ [9684/9687] Built Theorems.Thm_StickyKakeya4_physical_rescaling_density (68s)
info: stdout:
FIFO compiler ticket: 01791205813428394184-0e7974b7e70740c2994aa4bfbb152ea6.request
FIFO compiler acquired UTC: 2026-10-05T13:10:13.429228+00:00


ℹ [9685/9688] Built Theorems.Thm_StickyKakeya4_parametrized_source_return_budget (95s)
info: stdout:
FIFO compiler ticket: 01791205882342570966-c5bed7182ccc4000b69b2d3353244cc9.request
FIFO compiler acquired UTC: 2026-10-05T13:11:22.343255+00:00


ℹ [9686/9689] Built Theorems.Thm_StickyKakeya4_polynomial_sublevel_measure (111s)
info: stdout:
FIFO compiler ticket: 01791205978066424925-97473b7b58314b4ab1abf3bb5a4ac64c.request
FIFO compiler acquired UTC: 2026-10-05T13:12:58.067148+00:00


ℹ [9687/9689] Built Theorems.Thm_StickyKakeya4_positive_routing_exhaustion (3.7s)
info: stdout:
FIFO compiler ticket: 01791206089083489439-973e4c2b42d844d388f5386d2a304a2c.request
FIFO compiler acquired UTC: 2026-10-05T13:14:49.084095+00:00


ℹ [9688/9691] Built Theorems.Thm_StickyKakeya4_quadratic_image_count (94s)
info: stdout:
FIFO compiler ticket: 01791206092926574802-0679eeacd3b94e7daffb008892d32006.request
FIFO compiler acquired UTC: 2026-10-05T13:14:52.927096+00:00


ℹ [9689/9691] Built Theorems.Thm_StickyKakeya4_qualitative_union_growth_termination (12s)
info: stdout:
FIFO compiler ticket: 01791206186909725227-88169aa282e646718f284b1209470740.request
FIFO compiler acquired UTC: 2026-10-05T13:16:26.910441+00:00


⚠ [9690/9693] Built Theorems.Thm_StickyKakeya4_quantitative_bush_resolution (44s)
info: stdout:
FIFO compiler ticket: 01791206199063780189-792437543e2f457199cf371a84228ca2.request
FIFO compiler acquired UTC: 2026-10-05T13:16:39.064794+00:00

warning: Theorems/Thm_StickyKakeya4_quantitative_bush_resolution.lean:34:2: Try this: 
  letI̵

The goal is a proposition, so `let` is preferred over `letI`.
The difference between `let` and `letI` is that `letI` inlines the value.
But this is not relevant for proofs because of proof irrelevance.

Note: This linter can be disabled with `set_option linter.style.haveILetI false`
info: stdout:
FIFO compiler ticket: 01791206199063780189-792437543e2f457199cf371a84228ca2.request
FIFO compiler acquired UTC: 2026-10-05T13:16:39.064794+00:00

warning: Theorems/Thm_StickyKakeya4_quantitative_bush_resolution.lean:136:2: Try this: 
  letI̵

The goal is a proposition, so `let` is preferred over `letI`.
The difference between `let` and `letI` is that `letI` inlines the value.
But this is not relevant for proofs because of proof irrelevance.

Note: This linter can be disabled with `set_option linter.style.haveILetI false`
info: stdout:
FIFO compiler ticket: 01791206199063780189-792437543e2f457199cf371a84228ca2.request
FIFO compiler acquired UTC: 2026-10-05T13:16:39.064794+00:00


ℹ [9691/9694] Built Theorems.Thm_StickyKakeya4_triangular_borel_front_escape (71s)
info: stdout:
FIFO compiler ticket: 01791206243290726131-b85593163cb24ef3a2c640ddde0427f7.request
FIFO compiler acquired UTC: 2026-10-05T13:17:23.291334+00:00


ℹ [9692/9696] Built Theorems.Thm_StickyKakeya4_rational_feedback_time_window (24s)
info: stdout:
FIFO compiler ticket: 01791206314756135706-c5d1a60ba208497eb16fa6f5e67c614d.request
FIFO compiler acquired UTC: 2026-10-05T13:18:34.757090+00:00


ℹ [9693/9697] Built Theorems.Thm_StickyKakeya4_time_changed_scalar_energy (13s)
info: stdout:
FIFO compiler ticket: 01791206339693582558-51b047f595cb44d0ad97c4dc0aa6f032.request
FIFO compiler acquired UTC: 2026-10-05T13:18:59.694297+00:00


ℹ [9694/9698] Built Theorems.Thm_StickyKakeya4_rank_one_native_potentials (36s)
info: stdout:
FIFO compiler ticket: 01791206352901533171-e733c5c9c2f34dfba6eccca941f5762b.request
FIFO compiler acquired UTC: 2026-10-05T13:19:12.902025+00:00


ℹ [9695/9699] Built Theorems.Thm_StickyKakeya4_rank_one_borel_front_escape (35s)
info: stdout:
FIFO compiler ticket: 01791206389005500403-dd19c0646c164b19af8bbcd3029692ad.request
FIFO compiler acquired UTC: 2026-10-05T13:19:49.006147+00:00


ℹ [9696/9699] Built Theorems.Thm_StickyKakeya4_retained_height_growth_normalization (2.0s)
info: stdout:
FIFO compiler ticket: 01791206424315204452-fff26a4d16f34d37ab38969efa54e8d7.request
FIFO compiler acquired UTC: 2026-10-05T13:20:24.316103+00:00


ℹ [9697/9700] Built Theorems.Thm_StickyKakeya4_rank_one_general_input_escape (82s)
info: stdout:
FIFO compiler ticket: 01791206427399585368-30ca71d97caf41e5855332bf83388d92.request
FIFO compiler acquired UTC: 2026-10-05T13:20:27.399981+00:00


ℹ [9698/9701] Built Theorems.Thm_StickyKakeya4_rich_directional_layers (66s)
info: stdout:
FIFO compiler ticket: 01791206509895865288-c1fdb1c1fe204a23be6ae569b00dcb57.request
FIFO compiler acquired UTC: 2026-10-05T13:21:49.897032+00:00


ℹ [9699/9701] Built Theorems.Thm_StickyKakeya4_root_tail_moment (3.4s)
info: stdout:
FIFO compiler ticket: 01791206576010285466-3dbc03bd33884bcaa67a022123d4d86e.request
FIFO compiler acquired UTC: 2026-10-05T13:22:56.010970+00:00


ℹ [9700/9704] Built Theorems.Thm_StickyKakeya4_scalar_katz_tao_slope_bound (59s)
info: stdout:
FIFO compiler ticket: 01791206579575677336-9e17e92de4404af5a160043c4d7b2e98.request
FIFO compiler acquired UTC: 2026-10-05T13:22:59.576046+00:00


ℹ [9701/9705] Built Theorems.Thm_StickyKakeya4_uniform_marked_source_hereditary_finite_scale (87s)
info: stdout:
FIFO compiler ticket: 01791206639490091729-f5bd3eb65faf4e04bb413c616db6f146.request
FIFO compiler acquired UTC: 2026-10-05T13:23:59.490890+00:00


ℹ [9702/9705] Built Theorems.Thm_StickyKakeya4_separated_rounded_bins (12s)
info: stdout:
FIFO compiler ticket: 01791206726547167823-7c9a9bd4779c4fe08d30ecf9fd05929c.request
FIFO compiler acquired UTC: 2026-10-05T13:25:26.547949+00:00


ℹ [9703/9706] Built Theorems.Thm_StickyKakeya4_selector_closure (29s)
info: stdout:
FIFO compiler ticket: 01791206739568751852-6e93fe5e7e2a47b388a792b54b28546c.request
FIFO compiler acquired UTC: 2026-10-05T13:25:39.569113+00:00


ℹ [9704/9707] Built Theorems.Thm_StickyKakeya4_shifted_original_height_rescaling (25s)
info: stdout:
FIFO compiler ticket: 01791206768873791342-d4cfda6114224484b6fb1ba7b9ca9d24.request
FIFO compiler acquired UTC: 2026-10-05T13:26:08.874373+00:00


ℹ [9705/9708] Built Theorems.Thm_StickyKakeya4_slab_plane_pullback (11s)
info: stdout:
FIFO compiler ticket: 01791206794505899156-18c8a5a84b364e97ae3dd8aa16f68508.request
FIFO compiler acquired UTC: 2026-10-05T13:26:34.506900+00:00


ℹ [9706/9708] Built Theorems.Thm_StickyKakeya4_sphere_terminal_band (78s)
info: stdout:
FIFO compiler ticket: 01791206806314715626-664c6269be134ff19b13907193e04cab.request
FIFO compiler acquired UTC: 2026-10-05T13:26:46.315436+00:00


ℹ [9707/9709] Built Theorems.Thm_StickyKakeya4_sticky_kakeya_four_dimensional (73s)
info: stdout:
FIFO compiler ticket: 01791206884973251613-40cff5dc97634cb68bb579af2c5cf79d.request
FIFO compiler acquired UTC: 2026-10-05T13:28:04.974130+00:00


ℹ [9708/9710] Built Theorems.Thm_StickyKakeya4_submeasure_routing_exhaustion (2.7s)
info: stdout:
FIFO compiler ticket: 01791206957813262716-f4aabcc4362442edb45cd2f4d876b039.request
FIFO compiler acquired UTC: 2026-10-05T13:29:17.813955+00:00


ℹ [9709/9714] Built Theorems.Thm_StickyKakeya4_triangular_potential_charge (63s)
info: stdout:
FIFO compiler ticket: 01791206960684645695-61c44cf94d8b42d1b29f1e05a61a8a1f.request
FIFO compiler acquired UTC: 2026-10-05T13:29:20.685000+00:00


ℹ [9710/9715] Built Theorems.Thm_StickyKakeya4_uniform_scalar_projection_energy (12s)
info: stdout:
FIFO compiler ticket: 01791207024292119498-482c3b133c2b4b41a6146d5a2110fa0e.request
FIFO compiler acquired UTC: 2026-10-05T13:30:24.293594+00:00


ℹ [9711/9716] Built Theorems.Thm_StickyKakeya4_triangular_uniform_potential_bound (28s)
info: stdout:
FIFO compiler ticket: 01791207036538178670-b2facaeb7feb4a6f8fedbdfcfc9ecaf8.request
FIFO compiler acquired UTC: 2026-10-05T13:30:36.538657+00:00


ℹ [9712/9716] Built Theorems.Thm_StickyKakeya4_uniform_incidence_core (2.6s)
info: stdout:
FIFO compiler ticket: 01791207064516035396-0a88a0e8489a43aa829e59b5f3b00dd0.request
FIFO compiler acquired UTC: 2026-10-05T13:31:04.516698+00:00


ℹ [9713/9717] Built Theorems.Thm_StickyKakeya4_triangular_root_moment (53s)
info: stdout:
FIFO compiler ticket: 01791207067357992412-ea32c6094f4043fba64bb7e42971a24a.request
FIFO compiler acquired UTC: 2026-10-05T13:31:07.358560+00:00


ℹ [9714/9717] Built Theorems.Thm_StickyKakeya4_triangular_heavy_root_power (43s)
info: stdout:
FIFO compiler ticket: 01791207121191263364-a270ee86261049ea98831e726c8b8f19.request
FIFO compiler acquired UTC: 2026-10-05T13:32:01.191960+00:00


⚠ [9715/9718] Built Theorems.Thm_StickyKakeya4_vector_bush_escape (23s)
info: stdout:
FIFO compiler ticket: 01791207164925931130-9c49966b613d49cb95590bad623ad6fd.request
FIFO compiler acquired UTC: 2026-10-05T13:32:44.926953+00:00

warning: Theorems/Thm_StickyKakeya4_vector_bush_escape.lean:79:2: Try this: 
  letI̵

The goal is a proposition, so `let` is preferred over `letI`.
The difference between `let` and `letI` is that `letI` inlines the value.
But this is not relevant for proofs because of proof irrelevance.

Note: This linter can be disabled with `set_option linter.style.haveILetI false`
info: stdout:
FIFO compiler ticket: 01791207164925931130-9c49966b613d49cb95590bad623ad6fd.request
FIFO compiler acquired UTC: 2026-10-05T13:32:44.926953+00:00

warning: Theorems/Thm_StickyKakeya4_vector_bush_escape.lean:97:19: Variable name `hR1` is not explicitly referenced.

Hint: The binding can be removed (if unused) or named `_` (if used implicitly). Alternatively, prefix the name with `_` to silence this warning:
  [apply] _hR1

Note: This linter can be disabled with `set_option linter.unusedVariables false`
info: stdout:
FIFO compiler ticket: 01791207164925931130-9c49966b613d49cb95590bad623ad6fd.request
FIFO compiler acquired UTC: 2026-10-05T13:32:44.926953+00:00


ℹ [9716/9719] Built Theorems.Thm_StickyKakeya4_vector_center_boundary_continuation (34s)
info: stdout:
FIFO compiler ticket: 01791207188812263282-b2696c63f7ba4929af368aa997786887.request
FIFO compiler acquired UTC: 2026-10-05T13:33:08.813289+00:00


ℹ [9717/9720] Built Theorems.Thm_StickyKakeya4_weighted_rich_directional_layers (25s)
info: stdout:
FIFO compiler ticket: 01791207223149021989-0f2245018db64519b3a091e034cfc778.request
FIFO compiler acquired UTC: 2026-10-05T13:33:43.149850+00:00


ℹ [9718/9721] Built Theorems.Thm_StickyKakeya4_whole_grid_cell_extraction (3.0s)
info: stdout:
FIFO compiler ticket: 01791207248251827168-25f848de532c403f97f173dfef388683.request
FIFO compiler acquired UTC: 2026-10-05T13:34:08.252532+00:00


ℹ [9719/9722] Built Solutions.SmokeTest (1.5s)
info: stdout:
FIFO compiler ticket: 01791207252195565457-aa20e27a16424ca19ed0b8adec36be56.request
FIFO compiler acquired UTC: 2026-10-05T13:34:12.195924+00:00


ℹ [9720/9723] Built Solutions.Sol_StickyKakeya4_borel_selector_reduction (48s)
info: stdout:
FIFO compiler ticket: 01791207254024328196-4abf4b5216d046c2b85df8240dcae03e.request
FIFO compiler acquired UTC: 2026-10-05T13:34:14.024847+00:00


ℹ [9721/9724] Built Solutions.Sol_StickyKakeya4_exact_collision_identity (37s)
info: stdout:
FIFO compiler ticket: 01791207302204186831-c900f0b7e7be47eeb8478c4e73275af0.request
FIFO compiler acquired UTC: 2026-10-05T13:35:02.205052+00:00


⚠ [9722/9725] Built Solutions.Sol_StickyKakeya4_hereditary_finite_scale_to_frostman (58s)
info: stdout:
FIFO compiler ticket: 01791207339675184436-6091bef5a4f144a0b0991d4bc8ba73bd.request
FIFO compiler acquired UTC: 2026-10-05T13:35:39.675949+00:00

warning: Solutions/Sol_StickyKakeya4_hereditary_finite_scale_to_frostman.lean:9:5: Variable name `hmeasurable` is not explicitly referenced.

Hint: The binding can be removed (if unused) or named `_` (if used implicitly). Alternatively, prefix the name with `_` to silence this warning:
  [apply] _hmeasurable

Note: This linter can be disabled with `set_option linter.unusedVariables false`
info: stdout:
FIFO compiler ticket: 01791207339675184436-6091bef5a4f144a0b0991d4bc8ba73bd.request
FIFO compiler acquired UTC: 2026-10-05T13:35:39.675949+00:00

warning: Solutions/Sol_StickyKakeya4_hereditary_finite_scale_to_frostman.lean:10:5: Variable name `hvalid` is not explicitly referenced.

Hint: The binding can be removed (if unused) or named `_` (if used implicitly). Alternatively, prefix the name with `_` to silence this warning:
  [apply] _hvalid

Note: This linter can be disabled with `set_option linter.unusedVariables false`
info: stdout:
FIFO compiler ticket: 01791207339675184436-6091bef5a4f144a0b0991d4bc8ba73bd.request
FIFO compiler acquired UTC: 2026-10-05T13:35:39.675949+00:00

warning: Solutions/Sol_StickyKakeya4_hereditary_finite_scale_to_frostman.lean:11:5: Variable name `hselector` is not explicitly referenced.

Hint: The binding can be removed (if unused) or named `_` (if used implicitly). Alternatively, prefix the name with `_` to silence this warning:
  [apply] _hselector

Note: This linter can be disabled with `set_option linter.unusedVariables false`
info: stdout:
FIFO compiler ticket: 01791207339675184436-6091bef5a4f144a0b0991d4bc8ba73bd.request
FIFO compiler acquired UTC: 2026-10-05T13:35:39.675949+00:00

warning: Solutions/Sol_StickyKakeya4_hereditary_finite_scale_to_frostman.lean:12:5: Variable name `hpacking` is not explicitly referenced.

Hint: The binding can be removed (if unused) or named `_` (if used implicitly). Alternatively, prefix the name with `_` to silence this warning:
  [apply] _hpacking

Note: This linter can be disabled with `set_option linter.unusedVariables false`
info: stdout:
FIFO compiler ticket: 01791207339675184436-6091bef5a4f144a0b0991d4bc8ba73bd.request
FIFO compiler acquired UTC: 2026-10-05T13:35:39.675949+00:00


⚠ [9723/9726] Built Solutions.Sol_StickyKakeya4_lossless_edge_flow_carleson (59s)
info: stdout:
FIFO compiler ticket: 01791207397769126224-0aa7c48aa77b4061a4a07642d97bc587.request
FIFO compiler acquired UTC: 2026-10-05T13:36:37.770007+00:00

warning: Solutions/Sol_StickyKakeya4_lossless_edge_flow_carleson.lean:24:4: try 'simp' instead of 'simpa'

Note: This linter can be disabled with `set_option linter.unnecessarySimpa false`
info: stdout:
FIFO compiler ticket: 01791207397769126224-0aa7c48aa77b4061a4a07642d97bc587.request
FIFO compiler acquired UTC: 2026-10-05T13:36:37.770007+00:00

warning: Solutions/Sol_StickyKakeya4_lossless_edge_flow_carleson.lean:60:18: try 'simp' instead of 'simpa'

Note: This linter can be disabled with `set_option linter.unnecessarySimpa false`
info: stdout:
FIFO compiler ticket: 01791207397769126224-0aa7c48aa77b4061a4a07642d97bc587.request
FIFO compiler acquired UTC: 2026-10-05T13:36:37.770007+00:00

warning: Solutions/Sol_StickyKakeya4_lossless_edge_flow_carleson.lean:64:37: try 'simp' instead of 'simpa'

Note: This linter can be disabled with `set_option linter.unnecessarySimpa false`
info: stdout:
FIFO compiler ticket: 01791207397769126224-0aa7c48aa77b4061a4a07642d97bc587.request
FIFO compiler acquired UTC: 2026-10-05T13:36:37.770007+00:00

warning: Solutions/Sol_StickyKakeya4_lossless_edge_flow_carleson.lean:99:56: try 'simp' instead of 'simpa'

Note: This linter can be disabled with `set_option linter.unnecessarySimpa false`
info: stdout:
FIFO compiler ticket: 01791207397769126224-0aa7c48aa77b4061a4a07642d97bc587.request
FIFO compiler acquired UTC: 2026-10-05T13:36:37.770007+00:00

warning: Solutions/Sol_StickyKakeya4_lossless_edge_flow_carleson.lean:85:20: This simp argument is unused:
  hp

Hint: Omit it from the simp argument list.
  [apply] simp

Note: This linter can be disabled with `set_option linter.unusedSimpArgs false`
info: stdout:
FIFO compiler ticket: 01791207397769126224-0aa7c48aa77b4061a4a07642d97bc587.request
FIFO compiler acquired UTC: 2026-10-05T13:36:37.770007+00:00

warning: Solutions/Sol_StickyKakeya4_lossless_edge_flow_carleson.lean:86:22: This simp argument is unused:
  hp

Hint: Omit it from the simp argument list.
  [apply] simp

Note: This linter can be disabled with `set_option linter.unusedSimpArgs false`
info: stdout:
FIFO compiler ticket: 01791207397769126224-0aa7c48aa77b4061a4a07642d97bc587.request
FIFO compiler acquired UTC: 2026-10-05T13:36:37.770007+00:00

warning: Solutions/Sol_StickyKakeya4_lossless_edge_flow_carleson.lean:94:40: This simp argument is unused:
  hp

Hint: Omit it from the simp argument list.
  [apply] simp

Note: This linter can be disabled with `set_option linter.unusedSimpArgs false`
info: stdout:
FIFO compiler ticket: 01791207397769126224-0aa7c48aa77b4061a4a07642d97bc587.request
FIFO compiler acquired UTC: 2026-10-05T13:36:37.770007+00:00


ℹ [9725/9727] Built Solutions.Sol_StickyKakeya4_maslov_incidence_equivalence (70s)
info: stdout:
FIFO compiler ticket: 01791207457502681089-8dd3a1b8b335494ca4172a0e640d8886.request
FIFO compiler acquired UTC: 2026-10-05T13:37:37.503440+00:00


